9CA0
9CA0
9CA0
9CA0
9CE0
9CE0
A4E0
9CE0
A4E0
949E
9CE0
9C9E
A4E0
949E
83DA
9CA0
941C
62D2
418A
398A
2906
1882
1842
2084
20C4
20C4
2084
28C4
30C4
3906
3906
3906
40C4
4106
4946
4946
4946
4946
4946
5146
5188
5988
5146
5988
61CA
61CA
6188
61C8
69C8
69C8
69C8
69C8
71C8
71C8
71C8
71C8
6A0A
69C8
61C8
69CA
69CA
6A0A
69CC
61CA
618A
5988
5948
5948
5988
5186
5146
4944
4906
4946
4904
4904
4904
4904
4944
4946
4106
4946
4948
5148
598A
61CA
69CA
69CA
720C
7A0C
824E
7A0C
7A0C
824E
824E
824E
7A0C
7A0C
7A0C
8A8E
824E
824E
8A8E
824E
8290
824E
7A4E
824E
824E
7A4E
7A0E
7A4E
7A4E
71CC
71CA
720C
71CC
71CA
71CC
720C
69CA
71CC
720C
6A0C
69CA
6188
6188
5988
618A
6188
5988
5988
618A
61CA
61CA
618A
618A
618A
618A
618A
618A
598A
5988
5188
5148
4906
4106
4946
4946
4106
4104
4106
3906
4108
4148
4148
4148
4948
4948
498A
518A
518A
51CA
51CA
51CA
518A
518A
51CA
498A
498A
498A
518A
518A
51CA
51CA
59CC
4948
4948
4908
4106
4908
514A
61CE
6A10
6A0E
6A0E
6A0E
620E
61CC
59CC
620E
6A0E
7250
7250
6A0E
6A0E
6A10
6A0E
61CC
61CC
620E
620E
620E
59CC
59CC
61CC
61CE
59CC
620E
620E
6A0E
620E
518A
598C
620E
59CC
518A
4988
4148
4988
4948
4148
4106
4106
4946
5148
5148
4906
4906
5106
5146
5146
5988
59CA
5188
5988
5988
5988
6188
5146
5146
5146
5146
5106
4904
4904
4104
40C4
4906
4906
4906
4906
4104
40C4
4106
4906
9CA0
9CA0
9CA0
9CA0
9CA0
9CE0
A4E0
A4E0
9CE0
949E
A4E0
9CE0
A4E0
945E
83D8
9CA0
9C5E
6AD4
418A
398A
3106
20C4
1882
20C4
28C4
20C4
20C4
28C4
30C4
3906
3906
3904
4106
4946
4948
5148
5146
5146
4946
5146
5988
5988
5988
5988
61CA
61CA
6188
69CA
69CA
69C8
69C8
69C8
69C8
69C8
71C8
71CA
720A
6A0A
69C8
69C8
69CA
69CA
69CA
61CA
618A
5988
5948
5948
5988
5988
5146
5146
4904
4904
4904
4904
4944
4904
4106
4106
4106
4106
4908
5148
598A
61CA
69CA
69CA
7A0C
7A4C
824E
7A0C
7A0C
824C
824E
824E
7A0C
824E
824E
824E
7A0C
7A0C
824E
7A0C
8290
7A4E
7A4E
7A4E
824E
7A4E
7A0E
7A4E
7A0E
69CA
69CA
720C
71CA
69CA
71CC
720C
69CA
71CC
720C
69CC
69CA
6188
5948
5948
618A
5988
5948
5988
618A
61CA
61CA
618A
618A
618A
598A
618A
598A
598A
598A
5148
4946
4104
4104
4106
4146
4106
4106
4106
4146
4148
4148
4148
4948
4948
498A
498A
498A
498A
518A
518A
518A
498A
518A
518A
518A
518A
518C
51CC
518A
51CC
51CC
51CC
498A
518A
518A
4948
4108
4108
494A
518C
61CE
620E
6A50
6A50
620E
620E
6A0E
6A0E
7210
7250
7210
6A0E
7250
6A0E
69CC
61CC
620E
620E
620E
59CC
59CC
61CC
61CE
61CC
620C
620E
6A0E
620E
598A
59CC
620E
61CC
5A0C
51CA
4988
4948
4948
4946
4946
4946
5148
5148
4946
4906
4906
5146
5148
5146
598A
598A
5148
5948
5988
5988
5988
5106
5146
5146
5146
5146
4906
4904
4904
4104
4904
4906
4906
4906
4104
40C4
4104
4106
9CA0
9CA0
9CA0
9CA0
A4E0
A4E0
A4E0
A4E0
9CE0
949E
A4E0
9CE0
9C9E
9C9E
8C1C
945E
941E
62D4
41CC
3108
3148
20C4
20C4
20C4
2082
28C4
2906
3106
3106
3106
3906
3906
4106
4146
4948
5186
4946
4946
5146
5186
5188
5988
5988
5988
618A
61CA
61CA
69CA
69C8
61C8
69C8
69C8
69C8
71CA
71CA
71CA
69CA
6A0A
720A
69CA
69CA
61CA
69CA
69CA
61CA
618A
618A
5988
5988
5988
5188
5148
5146
5146
4944
4944
4944
4946
4906
4106
4106
4106
4108
518A
59CA
61CA
61CA
69CA
720A
7A4C
824C
7A0C
820C
820C
820C
820C
7A0C
7A0C
7A4E
824E
824E
824E
7A4E
7A4E
7A4E
8290
8250
720C
720C
7A4E
7A4E
720C
720C
71CC
69CA
69CA
69CA
69CA
71CA
69CA
71CC
71CC
69CC
69CC
69CA
6188
5948
5146
598A
598A
598A
61CC
61CC
618A
618A
61CA
598A
598A
598A
598A
598C
518A
4948
518A
4946
38C4
30C2
3904
4146
4106
4106
4148
4108
4148
4148
4148
4148
494A
498A
498A
494A
4148
4148
498A
498A
4988
498A
498A
4948
518A
51CC
518A
518A
494A
518C
51CC
518C
51CC
51CC
498A
498A
4188
4148
4148
518A
59CC
620E
6A0E
7250
7252
7250
6A0E
7210
69CE
69CE
7210
7250
720E
69CE
69CE
6A10
6A10
6210
61CE
59CC
59CC
61CC
620E
61CC
620E
620E
59CC
59CC
620C
61CC
518A
59CC
51CA
59CA
518A
4948
5188
5188
4906
4906
4946
4906
4904
4906
5146
5146
5146
5948
5988
5988
5948
5948
5948
5948
5106
5148
598A
5148
4906
5146
5146
4904
4904
4904
4904
4104
40C4
4104
4104
4104
4106
A4E0
9CA0
9CA0
9CA0
9CA0
9CA0
9CA0
9CA0
9CA0
949E
A4E0
9C9E
9C9E
9CA0
8C1C
945E
8C1E
62D4
41CC
3108
3108
20C4
20C2
2082
20C4
28C4
2904
3106
3106
3106
3906
3906
4106
4146
4988
5188
5186
5186
5186
5188
5988
598A
598A
598A
61CA
61CA
61CA
69CA
69CA
69CA
69C8
69CA
71CA
71CA
69C8
69C8
71CA
720A
720A
69CA
69CA
69CA
69CA
69CA
61CA
61CA
61CA
61CA
618A
5988
5988
5188
5146
5146
5146
4944
4946
4906
4106
4106
4106
3906
4106
4948
598A
598A
61CA
69CA
720A
7A4C
7A0C
7A0A
7A0C
820C
7A0C
7A0C
7A0C
7A4C
7A4E
7A4E
824E
7A4E
7A4E
7A0C
7A4E
8250
8290
7A0E
720C
720C
720C
720C
720C
71CC
69CA
69CA
69CA
71CC
720C
720C
71CC
71CC
69CA
69CA
69CA
618A
5988
5148
5988
5188
5148
598A
618A
598A
598A
618A
5948
5948
594A
598C
59CC
514A
4908
498A
4146
3904
38C4
3946
4146
4146
4108
4148
3906
4148
4148
4148
4148
4148
498A
498A
498A
494A
4148
498A
498A
4148
4148
498A
4988
498A
51CA
518C
498A
498A
518C
518C
51CC
51CC
49CC
498A
418A
4188
3988
3946
4988
518A
518A
59CC
620E
7250
7250
7210
7250
720E
720E
720E
7210
7210
7210
7210
6A10
6210
6A10
6210
620E
61CC
61CC
620C
620C
620E
620C
59CA
59CA
61CC
59CC
598A
518A
518A
59CA
59CA
5188
518A
5188
4906
4906
4906
4904
4104
4906
5146
5146
5146
5148
594A
598A
5948
5148
5148
5948
5148
5948
5988
5146
5106
5146
5146
4904
4904
4904
4904
4104
40C2
40C4
4104
4104
4104
9CA0
9CA0
9CA0
9CA0
9CA0
9CA0
9CA0
9C9E
9C9E
949E
9CE0
949E
949E
9CA0
945C
945E
8C1C
6AD4
41CC
2906
2906
2082
2082
1880
20C4
28C4
2904
3106
3106
3106
3906
4146
4146
4946
4988
5188
5186
5186
5988
5988
59CA
598A
61CA
61CA
61CA
61CA
61CA
69CA
69CA
69CA
69CA
69CA
71CA
69C8
69C8
6186
69CA
69CA
69CA
69CA
69CA
69CA
69CA
69CA
69CA
61CA
69CA
69CA
61CA
6188
5988
5988
5146
5146
5146
4944
4904
4104
4104
4106
3906
38C6
4106
4948
518A
598A
61CA
69CA
6A0A
7A0C
7A0C
720A
7A0A
7A0C
7A0C
820C
7A4C
7A4C
7A4E
7A4E
7A4E
7A4E
7A0C
720C
720C
7A4E
8290
7A4E
720C
720C
720C
71CC
720C
720C
69CA
69CA
69CA
720C
720C
720C
71CC
69CA
698A
69CA
69CC
61CA
598A
5988
5988
5148
5148
5188
598A
598A
598A
598A
5148
5148
514A
598C
598C
4908
3906
4948
3904
30C4
3904
3946
4146
3946
3906
4148
3948
4148
494A
494A
4148
4148
498A
498A
498A
498A
494A
498A
498A
4148
494A
498A
498A
498A
498A
498C
498A
498A
498C
518C
51CE
51CC
498C
498A
418A
418A
4188
3948
4988
4948
4948
4948
598A
61CE
6A0E
6A0E
7250
7210
7210
69CE
69CE
7210
7250
7250
6A10
6A10
6A10
6A10
620E
620E
620E
620E
620C
6A0E
620C
61CC
59CA
61CC
61CC
59CA
518A
518A
518A
518A
598A
598A
598A
4946
4946
4946
4904
4904
4946
5146
5146
4904
5106
5948
598A
5948
5148
5146
5148
5948
5948
5948
5106
5146
5948
5946
5106
5146
4904
4904
4104
40C2
40C4
4104
4104
4104
9CA0
9CA0
9CA0
9CA0
9CA0
9CA0
9CA0
9C9E
9C9E
949E
9CDE
945C
945C
9CA0
945E
941E
8C1E
6B16
49CE
28C4
28C4
2082
20C2
1880
28C4
28C4
3106
3106
3104
3906
4146
4146
4146
4946
5188
5188
5188
5188
5988
5988
61CA
61CA
61CA
61CA
61CA
61CA
61CA
61CA
69CA
69CA
69C8
69C8
69C8
69C8
69C8
6988
69CA
69CA
69CA
69CA
69CA
69CA
69CA
69CA
61CA
69CA
69CA
69CA
69CA
61CA
6188
5988
5946
5146
5146
5146
4904
4104
40C4
40C4
3906
38C6
3906
4948
5188
598A
61CA
6A0A
720A
7A4C
7A0C
720A
7A0C
7A0C
820C
824E
7A4C
7A4C
724C
7A4E
7A4E
7A4E
7A0C
720C
720C
7A4E
7A4E
7A4E
720C
720C
720C
720C
71CC
71CC
69CA
69CA
69CA
720C
720C
720C
71CC
69CA
618A
618A
69CC
61CC
61CA
598A
598A
5188
5148
5148
598A
598A
598A
598A
5108
5148
514A
598C
518A
4108
38C6
4106
30C2
30C2
3104
3946
4146
3906
3908
4148
4148
4148
498A
498A
4148
4148
498A
498A
498A
498A
494A
498A
498A
498A
498A
518A
498A
498C
498A
498C
498C
498C
498C
498C
51CE
498C
418C
418A
498C
49CC
418A
418A
498A
518A
494A
4948
514A
598A
598C
61CC
6A10
6A10
6A10
61CC
61CE
6A0E
6A10
6A0E
7252
6A10
6A0E
620E
61CE
620E
6A0E
6A0E
620C
6A0E
6A0E
620C
61CC
61CC
59CC
59CA
61CC
518A
5148
5148
5188
598A
598A
5188
5148
5188
5148
4946
4946
4946
4904
4104
5146
5148
5948
5148
5148
5148
5148
5148
5948
5146
5106
5948
5988
5948
5146
5146
4904
4904
4904
4104
4104
4104
4104
4104
949E
949E
949E
949E
949E
949E
949E
949E
9C9E
949E
9C9E
945C
945C
9C9E
945E
945E
8C1E
6B16
49CE
20C4
20C4
2082
28C4
2082
3106
3106
3106
3106
3906
3906
4146
4948
4946
4946
5188
5188
5188
5988
5988
5988
61CA
61CA
618A
618A
6188
6188
6188
6188
69C8
6188
6188
6188
69C8
69C8
69C8
69C8
69CA
69CA
69CA
69CA
69CA
69CA
69CA
69CA
6188
61C8
69CA
69CA
69CA
61CA
6188
6188
5988
5988
5988
5146
4904
40C4
40C4
38C4
3906
38C6
3906
4146
5148
598A
61CA
720C
720A
7A4C
7A0C
720A
7A0C
7A0C
7A0C
7A4E
7A4C
720C
720C
724C
7A4E
7A4E
7A4E
720C
720C
7A4E
7A4E
720E
720C
720C
7A4E
7A4E
69CA
69CC
69CA
618A
69CA
720C
720C
720C
720C
69CC
618A
618A
69CC
69CC
61CC
598A
59CC
598A
5148
5148
5148
598A
514A
5148
5148
518A
518A
494A
4148
3906
30C6
3906
28C2
28C4
3104
3946
3948
3948
3948
414A
3948
418A
418A
498A
4148
4148
498A
498C
518C
498A
498A
498A
518A
498A
498A
518C
51CC
498C
498C
498C
498C
498C
49CC
49CC
49CC
418C
418C
418A
498C
49CC
49CC
498C
51CC
51CC
518C
518A
518A
518A
514A
514A
598C
61CE
61CE
61CE
61CE
6A0E
6A10
61CE
7252
6A10
61CE
61CE
61CE
620E
620E
620C
61CC
620C
6A0E
6A0E
6A0E
61CC
61CC
61CC
61CC
59CA
5148
5148
5988
598A
5988
5188
5188
598A
59CA
5188
4946
4904
4946
4906
5148
5148
5148
5148
5148
5148
5148
5146
5948
5106
5106
5948
5988
5948
5948
5948
5146
4946
4904
4904
4904
4104
4104
4104
949E
949E
949E
949E
949E
945E
945E
945E
949E
945C
949C
945C
945C
949E
945E
945E
8BDC
6AD4
41CC
20C4
20C4
20C2
2904
28C4
3106
3106
3906
3906
3906
4146
4948
4988
4948
5148
5188
5188
5988
5988
5988
61CA
61CA
61CA
618A
618A
6188
6188
6188
6188
69CA
6188
6188
6188
69C8
71CA
71CA
720A
69CA
69CA
69CA
69CA
69CA
69CA
69CA
69C8
6188
6188
61CA
69CA
69CA
69CA
61CA
61CA
61CA
6188
5988
5146
4904
4104
40C4
38C4
3906
38C6
3906
4146
5148
5988
61CA
720C
6A0A
724C
720C
71CA
7A0A
7A0C
7A0A
7A0C
7A4C
720C
720C
724C
7A4E
7A4E
7A4E
7A4E
7A4E
7A4E
7A4E
720E
720C
720E
7A4E
7A4E
69CA
69CA
69CA
618A
69CA
720C
720C
69CC
720E
69CC
69CC
69CA
69CC
61CC
61CA
598A
598A
598A
5148
5148
5148
5148
5148
4948
514A
518C
494A
4108
3906
38C6
30C6
3106
28C4
30C4
3106
3906
3948
3948
3948
414A
3908
3948
3948
3948
3906
3908
4148
498A
498A
498A
498A
518C
518C
498A
498A
518C
51CC
51CC
498C
498C
498C
49CC
49CC
49CC
418C
418C
418C
418C
49CC
49CC
49CC
49CC
51CC
518C
51CC
51CC
518C
498A
514A
514A
518A
518C
598C
59CC
61CE
6210
6A10
6A10
6A0E
61CE
61CE
620E
6A0E
6A0E
61CC
598A
61CA
61CC
6A0E
6A0E
6A0E
61CC
59CC
61CC
61CC
61CC
598A
598A
59CA
598A
5148
5148
5148
598A
59CA
5188
4946
4946
5146
5148
5188
5148
4906
5148
5148
5148
5148
5106
5948
5146
5948
5948
5948
5948
5948
5946
5146
5146
4946
4946
4906
4104
4104
4104
949E
949E
945E
945E
945E
945E
945E
945C
949E
945C
945C
945C
945C
945C
945E
945E
839A
6292
418A
20C4
28C4
20C2
30C4
3104
3106
3906
3906
4108
4148
4148
4948
4988
5188
5188
5988
5988
598A
61CA
61CA
61CA
61CA
61CA
61CA
618A
6188
6188
61CA
61CA
69CA
69CA
69CA
69CA
69CA
69CA
720A
720A
69CA
69CA
69CA
69CA
720A
69CA
69C8
6188
6188
6188
61C8
69CA
69CA
69CA
69CA
69CA
69CA
61CA
6188
5946
5146
4904
40C4
38C4
38C4
38C4
3906
4146
4948
5188
61CA
6A0C
6A0A
720C
7A0C
71CA
7A0C
79CC
71CA
71CC
7A4E
7A4E
724E
720C
720E
7A4E
7A4E
7A4E
7A4E
724E
720E
720E
720E
720E
720E
720E
618A
61CA
61CA
61CA
6A0C
7A4E
7A4E
6A0C
720E
720E
69CC
69CC
69CC
61CC
598A
598A
598A
598A
518A
5148
5148
5148
5148
4948
494A
498A
4108
30C6
30C6
30C6
28C6
3106
28C4
2904
2904
2904
28C4
28C6
3106
3108
30C6
30C6
30C4
28C4
28C4
30C6
3906
4148
4148
4148
414A
498A
518C
498A
518C
518C
51CC
51CC
51CC
498C
498C
49CC
49CC
49CE
418C
418C
418C
41CC
49CC
49CC
49CC
498C
498C
498C
498C
518C
518C
498A
498A
518C
518A
494A
494A
518C
59CC
59CE
6210
6210
61CE
61CC
61CC
61CC
6A0E
6A0E
598A
5148
598A
598A
61CC
6A0E
6A0E
618C
598C
61CE
61CC
61CC
618A
598A
61CC
598A
5148
5988
5188
5988
5988
5148
4946
4946
5186
5148
5188
5148
5148
5148
5148
5148
5146
5106
5146
5146
5948
5948
5946
5948
5948
5946
5146
5146
4946
4946
4906
4104
4104
4104
945C
945C
945C
945C
945E
949E
949E
949E
945C
945C
945C
945C
945C
8C5C
945C
9CA0
7B98
5A90
398A
20C4
28C4
20C2
28C4
3104
3906
3906
4148
4148
4148
4948
4948
5188
598A
598A
598A
59CA
61CA
61CA
61CA
61CA
61CA
61CA
61CA
61CA
618A
61CA
61CA
61CA
6A0C
720C
6A0C
6A0A
720C
6A0A
69CA
69CA
6A0A
69CA
69CA
69CA
720A
69CA
69C8
6188
6188
6188
61C8
69CA
69CA
69CA
6A0A
720C
6A0C
69CA
618A
5988
5146
4904
4104
38C2
38C4
38C4
3906
4146
4948
5188
59CA
6A0C
720C
7A4C
7A0C
7A0C
7A0C
7A0C
79CC
7A0C
824E
7A4E
7A4E
720E
720C
720E
7A4E
7A4E
7A4E
724E
720E
720E
724E
720E
6A0C
69CC
6188
618A
618A
61CA
720E
8290
7A50
720C
720E
720E
6A0E
69CC
61CC
618C
598A
598A
598A
598C
598A
518A
5148
518A
518A
514A
494A
414A
38C8
30C6
30C6
28C6
28C6
3108
28C6
28C4
20C4
2082
2082
2084
2084
2084
20C4
2884
2082
2082
2082
2884
30C6
3906
30C6
38C6
3908
494A
518C
518C
518C
59CC
59CE
59CC
51CC
51CC
498C
49CC
49CC
49CC
418A
418C
49CC
49CC
49CC
49CC
498C
498C
498C
498A
498A
498C
498A
494A
498A
518C
518C
494A
4108
4948
498A
518C
59CC
61CE
61CE
61CC
598A
61CC
61CC
61CC
598A
5148
598A
5148
598A
61CE
61CE
598C
598C
69CE
69CC
61CC
598A
598A
61CA
598A
5988
59CA
598A
598A
5188
4946
4946
5186
4946
4946
5188
5148
5148
518A
5148
5146
5106
5148
5146
5148
618A
5948
5106
5946
5948
5106
5146
5146
4946
4946
4904
4104
4104
4104
8C5C
8C5C
8C5C
8C5C
945C
945C
945C
945C
945C
945C
945A
8C5A
8C5A
945C
945E
949E
7356
5250
418A
3148
28C4
30C4
3106
3104
3906
4146
4148
4146
4106
4948
4988
5188
518A
59CA
61CA
61CC
61CC
61CC
61CA
61CA
598A
61CA
61CA
61CA
61CA
618A
5988
5988
61CA
61CA
69CA
6A0C
720C
720C
720C
69CA
69CA
720C
720C
720C
6A0A
720A
69CA
6188
6188
69CA
69CA
69C8
69C8
69CA
720C
720C
6A0C
69CC
61CA
5988
5146
5146
4904
38C4
3904
3904
3904
4106
4948
5188
61CA
69CA
69CA
720C
7A0E
7A0C
7A0C
79CC
71CC
718A
7A0E
7A4E
7A0E
720C
720C
720E
7A0E
720C
720E
720E
720E
720E
720E
720E
6A0E
6A0C
61CA
598A
5988
61CA
6A0E
724E
720E
6A0C
6A0C
7250
6A0E
61CC
61CC
61CC
598C
618C
598A
598C
598A
514A
5148
518A
518A
494A
4148
3908
30C6
28C6
3108
28C6
2084
20C4
20C4
2082
1882
1882
1842
1040
1842
2084
2084
2082
1000
1000
2042
2042
2042
28C4
28C4
2884
30C6
3908
4108
4108
494A
518C
518C
61CE
59CE
51CC
518C
498A
51CC
49CC
49CC
498A
498A
49CC
49CC
49CC
51CC
51CE
498C
498C
498C
498C
498C
494A
414A
498C
498C
494A
4108
4108
494A
518C
59CE
59CE
598C
618C
61CC
618C
61CC
61CC
61CC
598A
598A
598A
598A
598A
598C
61CC
61CE
61CC
69CC
618C
618A
618A
598A
598A
598A
598A
61CA
5148
4946
5148
5188
5146
4946
4946
5148
518A
598A
5148
5148
5148
5148
5106
5106
598A
61CA
5948
5948
6188
5906
5946
5146
5146
4904
4904
4906
4104
38C2
38C2
8C5C
8C5C
8C5C
8C5C
8C5C
8C5C
8C5C
8C5C
941A
941A
945A
945A
8C5A
8C1A
8C1A
8C1C
7356
5250
418A
3106
28C4
30C4
3106
3906
3904
4148
4988
4948
4948
4948
518A
518A
61CC
61CC
61CC
61CC
61CC
61CC
61CA
59CA
5148
5988
5988
5988
5988
5988
5948
5146
618A
618A
61CA
61CA
6A0C
6A0C
69CC
69CA
6A0C
6A0C
720C
69CA
69CA
6A0A
69CA
69CA
6188
69CA
69CA
69C8
69C8
69CA
69CA
69CA
69CC
69CC
69CA
5988
5946
5146
4946
4104
3904
38C4
38C4
3904
4146
518A
61CC
6A0C
69CA
720C
7A0E
7A0C
7A0C
7A0C
79CC
71CA
7A0C
7A0E
720E
720C
720C
720E
720E
71CC
720E
6A0E
720E
720E
720E
6A0E
6A0C
6A0C
69CC
61CA
618A
61CA
6A0C
720E
6A0E
69CC
6A0E
7250
6A0E
61CC
61CC
61CC
598A
598C
598A
598C
518A
514A
494A
514A
514A
494A
4148
3908
28C6
28C6
3108
2908
2084
2084
20C4
2084
2082
1882
1842
1040
1042
1842
1882
1842
1000
1000
1842
2042
2042
2084
2082
2884
2884
2884
30C6
38C6
3908
4108
4908
598C
59CC
59CC
51CC
498A
51CC
49CA
49CC
49CC
49CA
49CA
49CC
51CC
51CC
51CC
498A
498C
498A
498C
518C
498C
414A
498C
498A
494A
494A
494A
494A
494A
498C
518C
598C
61CC
61CC
61CC
618C
61CC
61CC
598A
598A
598A
598A
598A
598A
598C
618C
61CC
61CC
618A
598A
618A
598A
5988
5988
598A
59CA
5148
5146
5188
5988
5188
5146
5148
5188
518A
5188
5148
5148
5148
5148
5106
5146
5988
618A
5948
5948
6188
5906
5946
5146
5146
4904
4904
4906
4104
38C2
38C2
8C1A
8C1A
8C1A
8C1A
8C1A
8C1A
8C1A
8C1A
8C1A
8C1A
8C1A
8C1A
8C18
8C18
83DA
7BD8
7356
5250
418A
3106
28C4
30C4
3906
3906
3906
4948
498A
4988
4948
518A
59CA
59CC
620C
620C
61CC
61CC
61CC
61CA
598A
5188
5148
5148
5188
5988
5988
5188
5148
5146
5988
5988
5988
598A
61CA
61CA
61CA
61CA
6A0C
6A0C
6A0C
69CA
69CA
6A0A
69CA
69CA
69CA
69CA
61CA
61CA
69C8
69CA
69CA
69CA
69CC
69CC
69CC
618A
5988
5146
4946
4106
3904
38C4
30C4
38C4
4146
518A
61CC
6A0C
69CA
720C
7A0C
7A0C
7A0C
7A0C
79CC
71CC
71CC
720C
720E
720C
69CC
720C
720C
69CC
6A0C
6A0E
6A0E
6A0E
6A0E
6A0C
69CC
69CC
6A0E
69CC
61CC
61CC
69CC
6A0E
6A0E
6A0E
7250
7250
6A0E
618C
598C
598C
598A
598C
598A
598A
518A
514A
494A
494A
494A
4148
4148
3106
2884
28C6
3108
28C6
2084
1884
2084
1882
1882
1882
1842
1040
1042
1042
1842
1842
1000
1000
1842
2082
1882
2042
2082
2084
2084
2042
2042
2884
2884
2884
38C6
4908
4948
518A
518A
498A
51CA
4988
498A
49CA
49CA
498A
49CA
51CC
49CC
498A
414A
494A
494A
498C
51CC
498C
414A
498C
498A
498A
498C
498C
498C
4148
414A
494A
598C
61CC
61CC
61CC
598C
59CC
61CC
61CC
598A
598A
598A
598A
598A
598A
598A
598C
618C
598A
598A
618A
598A
598A
5988
598A
5988
5146
5146
5988
5988
5188
5146
5188
5188
5188
5148
5148
5148
5148
5148
5106
5948
5948
5948
5948
6188
6188
5946
5946
5146
5146
4904
4104
4906
4104
38C2
38C2
8C1A
8C1A
8C1A
8C1A
8C1A
8C1A
8C1A
8C18
8BD8
8BD8
8BD8
8BD8
83D8
83D8
83D8
7B98
7356
5250
398A
3106
28C4
30C4
3906
3906
4948
4948
4988
4948
4988
518A
59CC
620E
59CC
59CA
598A
598A
59CA
59CA
5988
5188
5188
598A
598A
59CA
59CA
598A
518A
5188
5148
5188
518A
598A
598A
598A
598A
598A
61CA
61CA
6A0C
6A0C
6A0C
6A0C
61CA
61CA
61CA
61CA
6188
6188
69CA
69CA
69CA
69CA
69CC
720C
720E
69CA
6188
5988
5146
4946
3904
38C4
30C4
38C4
4146
518A
61CC
6A0C
69CA
6A0C
720C
71CC
71CC
71CC
79CC
720C
71CC
69CC
69CC
69CC
69CC
69CC
69CC
69CC
69CC
6A0C
6A0E
6A0C
69CC
69CC
69CC
6A0C
61CC
61CC
618A
618A
61CC
6A0C
720E
7250
7250
6A50
6A0E
61CC
61CC
598C
598A
598A
514A
514A
514A
494A
494A
494A
494A
414A
3948
2906
2084
28C6
28C6
20C6
1884
1882
1882
1882
1882
1882
1882
1842
1842
1842
1842
1882
1842
1840
1842
2084
1882
1842
1882
2082
2042
1842
1842
2042
2042
2042
3084
38C4
3084
38C4
38C6
3906
4988
4988
4188
49CA
49CA
498A
498A
51CC
498A
3948
414A
494A
494A
498A
518C
498C
414A
498A
498A
414A
414A
498C
498C
414A
414A
518C
518C
598C
61CE
61CC
59CC
598A
59CA
61CC
598A
598A
598A
5188
514A
518A
598A
598A
598A
598A
618A
61CC
61CA
598A
598A
598A
5146
5146
5146
5148
5188
5146
5146
5148
598A
598A
5148
5148
5988
5988
5148
5106
618A
5146
5946
5948
618A
618A
5146
5946
5948
5146
4104
4104
4906
4104
38C2
38C2
8C18
8C18
8BD8
8BD8
8BD8
8BD8
8BD8
83D8
8BD8
83D6
83D8
83D8
83D6
83D8
7BD8
6B14
62D2
524E
3948
28C4
28C4
3104
3906
4146
4988
4948
4948
4988
51CA
59CC
59CC
59CC
518A
518A
5188
518A
59CA
61CC
61CC
59CA
59CC
59CC
61CC
61CC
61CC
59CC
598A
518A
518A
518A
518A
518A
518A
518A
518A
518A
5988
598A
61CA
61CC
61CC
620C
69CC
69CC
61CA
6188
6188
61C8
69CA
69CA
69CA
69CA
69CC
720E
720E
69CC
61CA
5988
5146
4946
3904
38C4
30C4
3904
4146
518A
59CA
61CC
61CA
69CA
69CC
71CC
71CC
71CC
71CC
720C
69CC
69CC
61CA
61CA
618A
618A
61CC
6A0C
69CC
6A0E
6A0E
6A0E
6A0E
6A0E
6A0E
6A0E
61CC
598A
598A
598A
61CC
61CC
6A0E
7250
7250
6A10
6A0E
6A0E
61CE
61CC
598C
598A
514A
514A
494A
514A
498A
498A
494A
414A
3106
28C4
28C6
28C6
2084
1884
1882
1882
1042
1882
1882
1882
1882
1882
1842
1842
1842
1882
1882
1842
1842
1882
1842
1000
1042
1000
1040
1842
1842
1842
1842
2082
2082
2882
2040
2882
2882
30C2
3906
4148
4148
498A
51CC
498A
49CC
51CC
418A
3906
494A
498A
494A
414A
498C
498A
414A
4148
498A
4148
4148
498C
518C
498A
494A
498A
514A
598C
59CC
61CC
59CC
598A
598A
59CC
598A
598A
5188
5188
5148
5188
518A
598A
598A
598A
598A
61CC
61CC
598A
598A
598A
5148
5148
5148
5948
5948
5146
5146
5146
598A
598A
5948
594A
598A
5988
5148
5146
5988
5146
5948
5988
5988
5988
5146
5946
5146
5146
4104
4104
4906
4104
38C2
38C2
83D8
83D8
83D8
83D8
83D8
83D8
83D8
83D8
8396
8396
8BD8
8BD8
83D6
83D8
7354
5A90
524E
41CC
3106
28C4
3104
3906
4146
4988
4948
4148
4988
51CA
59CC
59CC
518A
5188
518A
518A
598A
59CA
620C
620E
620E
620E
61CC
61CC
61CC
61CC
59CC
59CC
598C
518A
598C
59CC
59CC
518A
518A
518A
518A
518A
5188
5148
5148
598A
598A
61CA
6A0C
6A0C
61CA
618A
618A
61CA
69CA
69CA
69CA
69CA
69CC
720E
720E
6A0C
69CA
6188
5188
4946
4104
3904
30C4
38C4
4146
518A
59CA
61CC
620C
69CA
6A0C
6A0C
69CC
69CA
69CA
69CC
61CC
61CA
61CA
59CA
598A
598A
61CA
61CC
61CC
6A0E
6A0E
6A0E
6A0E
6A0E
6A0E
6A0E
61CC
598A
598A
598A
598A
61CC
6A0E
6A0E
6A50
6A0E
6A0E
6A10
6A0E
61CE
598C
598A
514A
4948
494A
494A
498A
494A
4148
4148
28C6
28C4
28C6
28C6
1884
1842
1842
1882
1882
1882
1882
1882
2082
2084
1882
1042
1040
1040
1042
1042
1040
1040
1040
0800
1040
0800
1000
1042
1842
1042
1040
1842
1842
2082
2082
28C4
28C4
2882
30C4
3904
3906
4148
518C
51CC
51CC
498C
414A
3908
494A
498A
494A
4148
498A
498A
4148
3948
414A
3948
4148
498C
51CC
498A
414A
4148
494A
514A
598C
598C
59CC
598A
598A
59CC
598A
5188
5188
5188
5188
5188
5188
5188
598A
598A
598A
61CC
61CC
598A
598A
598A
5988
5988
5988
5988
5988
5146
5146
5148
598A
598A
5948
598A
598A
5948
5148
5148
5948
5146
618A
598A
5146
5106
5106
5988
5146
4946
4104
4104
4904
4104
38C2
38C2
8396
8396
8396
8396
8396
8396
8396
8396
8396
7B54
8396
83D6
7B94
7B96
7354
528E
4A0C
398A
2906
28C4
3106
3906
4146
4988
4988
4988
518A
59CC
59CC
51CA
518A
518A
518A
51CA
59CC
620C
620E
620E
620E
620E
620C
61CE
59CC
59CC
59CC
59CC
59CC
51CC
518C
51CC
59CC
51CC
518C
518A
518C
518A
518A
5148
5148
5148
5188
598A
61CA
620C
61CA
61CA
61CA
61CA
61CA
61CA
61CA
69CC
69CC
720C
720C
69CC
69CA
61CA
5988
5188
4146
3904
30C2
30C4
4146
518A
61CC
620C
6A0C
6A0C
6A0C
6A0C
6A0C
69CA
69CA
69CC
61CA
59CA
61CC
61CC
59CA
598A
598A
61CC
61CC
61CC
6A0E
6A0E
6A0E
6A0E
6A0E
6A0E
61CC
61CC
598A
598A
598A
61CC
6A0E
6A0E
6A10
61CE
620E
6A50
6A10
61CE
61CC
598A
514A
4948
4948
494A
494A
4148
3906
3906
28C4
2084
20C4
28C6
1884
1042
1042
1040
1882
1882
2082
1882
2084
20C4
2084
1842
1000
0800
1000
1042
1000
1000
1040
0800
1042
1040
1000
1040
1042
1042
1042
1042
1042
1884
20C4
2906
28C4
2082
2882
2882
30C4
3906
494A
498A
494A
414A
3908
3908
494A
498A
4148
4108
4148
414A
4148
3948
3948
3948
4148
418A
498A
494A
4148
4148
4948
4908
494A
518A
518A
518A
59CC
61CC
518A
518A
5188
5188
5188
5188
5148
5148
598A
598A
598A
59CA
59CA
598A
598A
598A
598A
5988
5988
5988
5948
5948
5948
5948
598A
5948
5948
594A
5988
5948
5148
5148
5948
5146
598A
5988
5106
5146
5106
5146
5146
4906
4104
4104
4104
40C4
38C2
38C2
7B96
7B96
7B96
7B96
7B96
7B96
7B96
7B96
8394
7B52
7B54
7354
7352
7B96
7356
5A90
4A0C
398A
2906
28C4
3106
3906
3906
4146
4988
518A
51CA
59CC
51CA
4988
518A
59CC
51CA
59CC
5A0C
620E
620E
620C
5A0C
59CC
620E
620E
61CE
59CC
59CE
59CE
59CE
59CE
518C
518C
51CC
51CC
518C
518C
518C
518C
598C
518A
5188
518A
5188
5148
5148
598A
61CC
61CA
61CA
61CA
61CA
618A
61CA
69CC
69CC
69CC
69CC
69CC
69CA
69CA
61CA
5188
4146
3904
30C2
30C2
4106
518A
620E
6A4E
6A4E
6A0C
6A0E
724E
6A0E
61CC
61CA
61CC
598A
59CA
61CC
61CC
59CA
5188
5188
59CA
598A
61CC
6A0E
6A0E
6A0E
61CC
61CC
61CC
61CC
61CC
598A
598A
61CC
6A0E
6A0E
6A0E
6A0E
59CC
61CE
6A10
6A10
61CE
61CC
598A
514A
4948
4908
494A
494A
3908
30C6
28C4
28C6
2082
2084
20C4
1884
1842
1842
1000
1882
1882
1882
2082
20C4
28C4
20C4
1884
1040
0800
1000
1042
1042
1040
1042
1042
0800
0800
0800
0800
1042
18C4
20C6
20C6
0842
18C4
20C6
2908
28C6
1882
1882
2040
2082
28C4
3906
3948
3908
30C6
30C6
30C6
494A
494A
4108
3906
4148
414A
4148
3908
3906
4148
4148
4108
3908
4148
494A
498A
4948
4108
4108
494A
518A
518A
59CC
620C
598A
598A
598A
518A
5188
5148
4946
4946
518A
5148
518A
598A
598A
598A
598A
598A
598A
5988
5948
5148
5148
5948
5948
5948
5948
5148
5948
5948
5948
5146
5106
5146
598A
5146
5948
5146
5146
5948
5146
4904
4946
4904
4104
4104
4104
38C2
38C2
4104
7354
7354
7354
7354
7354
7354
7352
7312
7310
7310
6B10
7312
7354
7B96
7B98
5A90
4A0C
398A
3106
3106
3946
3946
3946
4146
4988
518A
51CA
5188
4988
518A
51CA
59CC
5A0C
620E
620E
620E
5A0E
5A0C
620E
620E
624E
620E
61CC
59CC
5A0E
5A0E
59CC
51CC
59CC
518C
518C
51CC
51CC
518C
518C
518C
518A
494A
518A
59CC
518A
514A
5148
5148
598A
61CC
61CC
61CC
59CA
59CA
59CA
61CA
69CC
69CC
69CA
69CA
69CC
69CC
61CC
61CC
4948
4948
3904
30C2
4106
518A
59CC
620E
6A0E
6A0E
6A4E
6A0E
6A0E
61CC
61CC
59CA
5188
61CC
61CC
61CC
59CA
5148
598A
598A
598A
61CC
6A0E
6A0E
61CC
61CC
61CC
6A0E
61CC
61CC
598A
598A
61CC
6A0E
6A0E
6A0E
6A0E
61CC
6A0E
7250
6A10
61CE
598C
514A
518A
514A
494A
494A
414A
3908
30C6
30C6
2084
1882
1842
2082
2084
2082
2082
2082
20C4
2082
2082
20C2
2906
394A
3148
1882
1040
0800
1042
1884
1042
1042
1042
0842
0840
0840
1042
1082
0040
39CE
4210
318C
294A
0884
2108
318C
1884
0840
1882
1040
1040
1882
20C4
28C4
28C4
28C4
30C6
3908
4108
3906
4106
4148
4148
4148
4148
4108
3906
4148
4148
4108
4148
4148
4148
498A
494A
494A
4948
4948
494A
518A
59CC
61CE
518A
598A
59CA
59CA
598A
5188
5146
5148
4906
4948
5148
518A
518A
5188
5148
4946
5148
5148
5148
5146
5146
5148
5148
5148
5148
4906
5148
5988
5148
5146
5146
4906
5988
5146
5146
5146
5146
5146
4904
40C2
4946
4104
4104
4906
4106
4104
38C4
4104
7352
7352
7312
7312
7352
7312
6B12
6B10
6B10
6AD0
6AD0
7312
6B14
7356
7356
5A90
49CC
3948
3104
3104
3946
4146
4188
4988
4988
518A
51CA
5188
518A
59CC
5A0C
620E
620E
620E
620E
620E
620E
620E
620E
6250
6A0E
620E
59CC
59CC
59CC
59CC
59CC
518A
51CC
518A
518A
518C
518C
518C
518C
51CC
498A
498A
518A
518C
518A
518A
514A
514A
5148
518A
59CA
59CC
61CC
61CC
59CC
61CC
61CA
69CA
69CA
6A0C
6A0C
6A0C
61CC
61CC
598A
5188
4106
38C4
4948
51CA
5A0E
624E
6A0E
6A4E
6A4E
6A4E
6A0E
620C
61CC
59CA
598A
61CC
61CC
61CC
598A
5148
598A
598A
598A
598A
61CC
6A0E
61CC
598A
61CC
6A0E
61CC
61CC
598A
5148
598A
6A0E
6A0E
6A0E
6A0E
620E
6A50
7252
6A10
61CE
618C
514A
514A
4948
4908
494A
414A
3948
3906
3106
28C4
2084
1842
1882
2042
2082
2082
2082
28C4
2082
28C4
3106
3148
398A
3148
1882
1040
1040
1882
1884
1042
1042
1042
0842
0840
0840
0842
1082
2106
6B5A
739C
6318
52D6
1086
1086
294A
1084
1082
2106
1082
18C4
18C2
18C2
18C4
20C4
2084
28C4
30C6
3906
3906
3906
4108
4106
4106
4106
4106
3906
4106
4106
4106
4148
4148
4106
4148
4148
414A
4148
4148
494A
498A
518C
59CC
598C
59CA
598A
518A
5148
5148
5146
5148
4906
4946
4948
4948
5188
4948
4948
4946
4946
4946
5148
5148
5146
5148
5148
5148
5146
4906
5146
5148
5148
5146
5148
5146
5188
5146
5146
5146
5146
5146
4904
4104
4906
4106
4104
4106
4946
4106
4104
4104
6B12
6B10
6AD0
6AD0
6AD0
6AD0
6AD0
6AD0
6ACE
62CE
62CE
6B12
6B12
6B12
6B14
524E
418A
3948
3106
3104
3906
4148
4988
51CA
4988
5188
518A
518A
51CA
5A0C
624E
620E
624E
620E
5A0E
5A0E
620E
620E
620E
6250
620E
620E
59CC
59CC
518A
518A
518A
518A
518C
518A
498A
518C
518C
498C
51CC
51CC
498A
498A
498A
494A
498A
498A
498A
4948
4948
518A
598A
59CA
61CC
59CC
59CA
598A
61CA
61CA
69CC
6A0C
6A0C
6A0C
6A0E
6A0C
61CC
598A
4946
4104
4948
59CC
620E
6A50
6A4E
6A4E
6A4E
6A4E
6A0E
620C
61CC
59CA
59CA
61CC
59CA
59CA
5188
5148
5188
5188
518A
598A
59CC
61CC
59CC
598A
598A
61CC
61CC
59CA
598A
5148
598A
61CC
6A0E
6A0E
620E
6A0E
7252
7252
6A10
620E
61CC
514A
5148
4908
4908
494A
498A
4148
3906
3106
28C6
2084
1882
1842
1842
1840
2082
28C4
28C4
20C4
3106
418A
41CC
398A
2906
1882
1840
1040
1882
1884
1882
0840
0840
0840
0840
1042
1084
0842
294A
8420
9CA6
A52A
9464
2108
0800
18C6
1884
2948
39CE
318A
318A
298A
2948
2106
18C4
1882
20C4
28C6
30C4
3906
3906
3906
38C6
38C6
38C6
3906
38C6
3906
3906
3906
4148
3908
3906
3906
4148
4148
4148
494A
494A
498A
498A
518A
518A
518A
598A
518A
5148
4946
4946
4946
4906
4906
4948
4948
4948
4948
4946
4906
4946
4946
5148
5148
5148
5148
5146
5146
4906
4906
5106
5148
5146
5146
5146
5146
5146
5146
5146
5146
5146
5146
4904
4904
4104
4106
4106
4106
4946
4948
4946
4106
6AD0
62D0
628E
628E
628E
628E
628E
628E
628E
628C
628E
6310
62D0
5AD0
62D2
524E
4188
3948
3906
3904
3906
4148
4988
51CA
4988
4988
4988
4988
51CA
5A0C
620E
59CC
6250
620E
5A0E
59CC
5A0E
620E
620E
620E
620E
620E
59CC
518A
518A
498A
518A
518A
518C
518A
498A
498A
498A
498C
49CC
51CC
414A
498C
498A
4148
494A
498A
494A
4948
4948
5148
518A
598A
598A
618A
598A
598A
61CA
61CA
61CC
6A0C
6A0E
6A0E
6A0E
6A0E
620C
59CC
4948
4106
518A
620C
620E
6A4E
6A50
6A4E
6A4E
6A0E
620C
620C
61CC
61CC
59CA
59CA
59CA
598A
5148
5148
5148
5188
598A
598A
598A
59CC
598A
518A
598A
59CA
59CA
59CA
598A
5148
598A
61CC
6A0E
6A0E
620E
6A50
7292
7292
6A10
620E
61CC
514A
514A
4908
4908
494A
498A
3948
3106
28C6
28C6
2084
2082
1882
1842
1840
2082
28C4
20C4
28C4
3948
4A0E
520E
398A
20C4
1040
1040
1040
1882
1884
1882
1042
1040
0840
0800
1042
18C4
1042
20C8
5296
5254
735C
9462
314A
1042
1884
1042
294A
4210
5292
5AD6
5AD4
52D4
420E
2948
18C4
1082
20C4
28C4
28C4
30C4
30C4
30C4
30C4
30C4
38C4
30C4
30C4
38C6
3906
3908
3906
3106
30C6
4148
4148
4148
494A
494A
494A
4948
4948
4948
5148
518A
598A
518A
5148
4906
4906
4906
4946
4946
4946
4946
4946
4906
4906
4906
4946
4946
5148
5148
5148
5146
5146
5148
5106
5106
5148
5146
5146
5146
5146
5146
5146
5146
5146
5146
5104
4904
4904
4104
4946
4946
4104
4106
4948
4948
4946
628E
5A8E
5A8E
5A8C
5A8C
5A8E
5A8E
5A8C
628E
5A8C
5A8C
5ACE
5A8E
5A8E
62D2
520E
3948
3946
3906
3906
3906
4148
4988
49CA
4988
4988
4988
4988
51CA
5A0E
5A0E
59CC
6A50
6250
620E
620E
620E
620E
620E
620E
620E
61CE
598C
498A
4948
4948
498A
518C
51CC
51CC
498C
498A
418A
498A
498C
498C
4148
498C
498A
4148
414A
498A
4148
4948
4148
4948
4948
5148
598A
618A
61CC
61CC
61CC
61CC
61CC
6A0C
6A0E
6A0E
6A0E
6A0E
6A0E
620E
518A
4948
598A
620E
6A10
6A50
7250
7250
6A0E
620C
61CC
620C
620C
620C
59CA
598A
598A
5188
5148
5148
5148
5188
598A
598A
598A
598A
598A
5148
5148
598A
59CA
59CC
598A
5188
5188
598A
61CC
61CC
61CC
6A0E
7292
7292
6A10
6A0E
61CC
514A
4908
4908
4908
494A
494A
3948
3106
28C4
28C4
2084
2084
2084
2042
2042
2082
28C4
20C2
28C4
3948
520E
524E
3988
1882
1040
1040
1040
1842
1882
1882
1042
1040
1042
1042
1042
1884
1884
20C8
290A
1888
4A12
49D0
1884
20C6
28C6
2084
2908
39CE
6318
73DE
7BDE
73DC
6358
4250
298A
1904
18C4
20C4
2082
1882
1882
2082
2884
30C4
3084
3084
3084
30C4
30C6
3106
3106
3106
28C4
3908
4148
4148
494A
494A
494A
4948
4948
4106
4948
5188
518A
5188
5148
4948
4906
4948
4948
4948
4948
4906
4906
4906
4906
4906
4906
4946
5148
5148
5148
5148
5148
5148
5148
5148
5948
5948
5146
5106
5146
5146
5146
5146
5146
5146
5106
4904
4904
4104
4946
4946
4104
4104
4948
4948
4106
5A8C
524C
524C
524C
524C
524C
524C
524A
528C
528C
524C
528C
524C
528E
62D2
520C
3106
3906
3906
3906
4146
4948
4988
4988
4988
4988
518A
51CA
5A0C
620E
624E
620E
6A50
620E
620E
620E
620E
620E
6210
6210
620E
59CC
498A
4148
4148
4148
498A
498C
51CC
51CC
498C
418A
418A
418A
418A
418A
4148
498A
414A
4148
418A
418A
4148
498A
4948
4948
4948
5148
594A
618A
618A
61CC
61CC
61CC
61CC
620C
620E
6A0E
6A0E
6A4E
7250
6A50
61CC
598A
61CC
6A50
6A50
7250
7250
6A4E
6A0E
620C
61CC
620C
620C
6A0E
598A
5188
5188
5148
5148
5188
5188
5188
598A
598A
598A
598A
598A
5148
5148
5188
598A
59CA
598A
5188
5188
598A
59CC
59CC
59CC
620E
7250
7292
6A50
6A0E
618C
514A
4908
4106
4108
4948
4148
3908
3106
3106
28C4
2084
2084
2082
2082
2082
2082
28C4
28C2
3104
418A
520E
524E
3148
1882
1040
1040
1040
1040
1842
1882
1040
1040
1882
1882
1042
1884
1886
1846
20CA
5A98
BD6E
6296
20C4
2084
1842
1884
2908
318C
5AD6
739C
73DE
73DE
73DC
6B98
5B14
4250
31CC
2946
20C4
1080
1040
1882
2882
2884
2884
3084
2884
2884
30C4
28C4
30C6
3106
30C6
3908
3908
4148
4148
4148
4148
4948
4948
4948
4948
4948
4948
4948
4948
5148
5148
4948
4948
4948
4948
4948
4906
4906
4906
4906
4906
4906
5146
5148
5148
5148
5148
5148
5148
5146
5148
5948
5148
5146
5948
5146
5146
5146
5146
5146
5106
5104
4904
4104
4946
4948
4106
4104
4946
4948
4946
524C
524C
524C
524C
524C
524C
4A4A
4A0A
4A4A
524A
4A4A
4A4A
4A0A
528E
62D2
49CA
3104
3906
4106
4106
4948
4988
4948
4146
4148
49CA
51CC
5A0C
5A0E
620E
620E
620E
59CC
59CC
59CC
59CC
59CE
61CE
61CE
620E
59CC
498A
4148
3906
3906
4148
498A
498A
49CC
51CC
49CC
418A
414A
418A
418A
418A
4148
498A
414A
414A
498C
418A
3948
418A
498A
498A
518A
518A
594A
594A
614A
618A
69CE
620C
61CC
61CC
61CC
620E
6A0E
6A50
7250
7250
620E
59CC
6A0E
6A50
6A50
7250
6A50
6A0E
620C
620C
61CC
620C
620C
6A0E
59CA
5188
5188
5148
5188
598A
5148
5188
518A
5188
5188
518A
5188
5148
5148
5188
598A
598A
598A
5188
518A
598A
59CA
598A
59CC
59CC
6A0E
7292
7250
620E
598C
5148
4906
4106
4108
4148
4108
3106
3106
3106
28C4
2084
2082
2082
2082
2082
2882
28C4
28C4
3146
49CA
5A50
5250
3988
1882
1040
1040
1840
1040
1040
1842
1040
1040
1882
1040
1882
1844
1886
1004
20CA
9C68
FFFE
9422
2086
1000
1842
2086
314A
398C
5294
6B5A
739A
73DC
7C1E
8460
845E
73DA
6356
4A50
39CC
2948
20C4
1882
2082
2084
2884
2884
2842
2884
2884
2882
2884
30C6
30C6
30C6
3906
3908
3908
3906
3906
4148
494A
4948
4948
4948
4948
4948
4948
4948
4948
4948
4948
4948
4948
4948
4906
4906
4106
4906
4906
4906
4906
5146
5148
5148
5148
5148
5148
5108
5108
5948
5146
5106
5948
5148
5148
5148
5948
5146
5146
5106
4904
4104
4946
5148
4946
4106
4946
5148
5188
4A4C
4A4A
4A4A
4A4A
4A4C
4A4A
4A0A
4A0A
4208
4A4A
4A4A
4A0A
420A
5A8E
62D0
41CA
3104
3906
4146
4148
4948
4948
4146
38C4
4988
51CA
5A0E
5A0E
5A0E
5A0E
5A0E
59CC
494A
498A
518A
518A
518C
598C
59CE
59CE
51CC
418A
3906
3106
3106
3948
414A
418A
49CC
49CC
498C
414A
414A
418A
418A
414A
4148
494A
414A
414A
49CC
418A
3948
418A
4148
498A
518A
518A
598A
594A
618A
618C
6A0E
620E
61CC
61CC
61CC
620E
6A0E
6A0E
6A50
6A50
620E
61CC
620E
6A10
6A10
6A50
6A0E
6A0E
620C
620C
620C
620C
620C
6A0E
59CA
5188
5188
5148
5188
598A
5148
5148
5148
5148
5148
5148
5148
5148
5148
5188
518A
598A
518A
5188
598A
59CA
59CA
598A
59CC
598A
620E
7250
7250
620E
598C
5148
4908
4908
4908
4148
3906
30C4
28C4
30C6
28C4
2084
1882
2082
2082
2882
28C2
28C4
30C4
3948
51CC
5A90
5A50
398A
1882
1840
1840
1842
1040
1040
1840
1040
1000
1882
2082
2084
1002
1886
1846
310C
ACEC
FFBE
9C66
1844
1002
28C8
2084
28C6
314A
5252
7B9A
7BDC
841E
8C5E
94A0
94A2
8C5E
7BDC
7398
62D4
4A0E
3148
20C4
1882
2082
2884
2082
2042
2042
2042
2042
2884
30C6
38C6
30C4
30C6
3906
3906
30C6
38C6
4148
494A
4948
4948
514A
514A
4948
4948
4906
4906
4948
4948
4948
4948
4906
4906
4106
4106
4906
4906
4906
4906
4906
5146
5148
5148
5948
5948
5108
5108
5148
5106
48C4
5106
5948
5148
5148
5948
5946
5146
5106
4906
4104
4946
5188
4948
4906
4946
5188
598A
420A
420A
420A
420A
420A
420A
420A
420A
420A
424A
4A4A
4A4A
41CA
524E
62D0
41CA
3104
3906
4948
498A
4148
3906
3906
4148
51CC
51CC
51CC
51CC
498A
498A
498A
498A
3906
4148
494A
494A
494A
518C
518C
494A
4148
3906
28C4
2082
28C4
3948
498C
498C
51CE
51CE
414A
3908
3908
414A
414A
494C
414A
498C
3908
418A
418C
418A
498C
3906
418A
4148
4948
518A
598A
5148
5108
618C
69CE
61CC
61CC
61CE
61CC
61CC
6A0E
6A10
6A0E
6A0E
620E
620E
620E
620E
6A0E
620E
61CC
6A0E
620C
61CC
620C
620C
61CC
59CA
59CA
598A
5188
5188
598A
598A
5188
5148
5148
5148
5148
5148
5148
5148
5148
5148
5148
5148
518A
598A
598A
598A
59CA
61CC
59CC
518A
59CC
6A0E
7250
6A0E
61CC
5148
4906
40C6
4108
4148
3906
30C4
28C4
28C4
2884
2084
2082
2082
2884
30C4
30C4
30C4
30C4
3906
49CA
5A50
5A50
418A
2082
1840
1840
1840
1840
1842
1842
1840
1840
1882
1840
1842
1842
1844
1804
28CC
72DC
9426
5A58
20C8
1044
2086
28C6
2084
394A
5A52
7358
839A
8BDC
941E
945E
9460
8C1E
83DC
83DC
7358
5A92
41CC
3108
28C6
28C4
20C4
2084
1842
1800
1840
2042
2042
2884
30C6
30C4
30C4
3906
3906
30C6
3906
4108
4148
4148
4106
4108
4948
4948
4948
4908
4908
4908
4108
4906
4948
4948
4106
4106
4906
4948
4948
4948
4906
4106
4106
4906
5148
5108
5148
5148
5148
5148
5148
5148
5948
5146
5148
5146
5948
5148
5146
5106
5106
4946
4946
4946
4906
4106
4946
5148
518A
420A
420A
420A
420A
420A
420A
420A
420A
420A
420A
4A4A
4A4A
4208
524E
62D0
4188
3904
4146
4948
4948
4148
4106
4106
4948
520C
51CC
498A
4148
3906
3906
3906
4108
3906
4108
4106
4106
4108
494A
494A
3906
3908
3106
28C4
2082
2882
3106
414A
414A
59CE
59CE
414A
30C6
4108
414A
414A
498C
494C
51CE
498C
498C
414A
3948
49CC
49CC
498A
418A
4148
494A
598C
598A
594A
598A
618C
618C
618C
61CC
61CC
61CC
620E
6A0E
6A0E
620E
620E
620E
620E
6A4E
620E
620E
59CC
620C
61CC
59CA
620C
620C
59CA
59CA
59CA
598A
5188
5188
5188
5188
5188
5148
5148
5148
5148
5148
5148
5148
5148
5148
5148
5148
518A
518A
518A
518A
518A
518A
59CC
518A
59CC
620E
6A0E
6A10
61CC
5148
4106
40C6
4108
4148
3906
30C4
28C4
28C4
28C4
2884
2884
2882
2884
30C4
30C4
30C4
30C4
3104
418A
5A50
5A50
41CA
28C4
1840
1040
1040
1040
1842
1842
1840
1840
1842
1000
1040
1842
1844
1844
2048
394E
4192
314E
1888
1886
1886
1884
2906
3148
5A50
7B16
8358
8B98
8B9A
8BDC
8BDC
835A
7B16
6A94
5A50
49CC
3948
2906
28C4
20C4
20C4
1882
1840
1000
1840
1840
1842
2042
2042
28C4
28C4
30C4
30C6
30C4
30C6
3906
4108
4106
38C6
38C6
4106
4106
4106
4106
4908
4108
4106
4106
4908
4908
4106
4106
4906
4906
4906
4906
4906
4906
4906
4948
5148
5148
5148
5948
5948
5148
5148
5148
5948
5148
5148
5148
5148
5948
5146
5146
4906
4946
4946
4946
4906
4906
4946
5188
518A
420A
420A
420A
420A
420A
420A
420A
420A
420A
4208
420A
420A
420A
5A8E
6290
4188
3906
4146
4948
4948
4106
4106
4148
498A
49CC
418A
3948
3106
28C4
2884
30C4
30C4
30C4
30C4
3084
3084
38C6
4108
4108
30C6
30C6
28C4
2082
1840
2042
2884
30C6
38C6
518C
51CE
3908
3084
410A
414A
410A
494C
414A
498E
414C
418A
414A
3948
418A
418A
498A
498A
4148
4948
518C
598C
598C
598C
598C
598A
598C
61CC
61CC
61CC
620E
6A0E
620E
620C
620C
620E
620E
6A4E
620E
620E
59CA
620C
61CC
59CA
61CC
61CC
59CA
59CA
59CA
598A
5188
5148
5148
5188
5148
5148
4948
4948
4948
4948
4948
4948
4948
4948
5148
5148
5188
5188
5188
5148
4948
4946
518A
518A
598A
61CC
6A0E
7250
61CC
4948
40C4
40C4
4106
4148
3906
30C4
28C4
2882
2884
2884
2884
2882
2884
30C4
30C4
30C4
30C4
3104
4188
5A4E
6290
49CC
30C4
1840
1040
1040
1840
1842
1882
1842
1840
1842
1840
1842
1842
2044
2046
2086
2888
1846
1848
1046
1046
20C8
2086
3108
3148
5A4E
72D4
7B14
8316
8314
7AD4
7AD4
6A52
61CE
598C
518A
4108
30C6
28C4
2884
2082
1882
1882
1040
1040
1040
1840
1842
2040
1840
2082
2082
2884
2884
2884
28C4
30C4
3906
3906
38C6
38C6
3906
3906
3906
3906
4106
4106
4106
4106
4908
4908
4106
4106
4106
4106
4106
4906
4906
4906
4948
5148
5148
5148
514A
594A
514A
5948
5148
5948
5148
5948
5148
5148
5148
5148
5148
5146
5146
4946
4946
4946
4946
4946
4946
5148
5188
424A
424A
420A
420A
420A
424A
420A
420A
4208
4208
420A
420A
4A4A
5AD0
5A90
4188
3946
4146
4948
4146
3906
3906
4106
4148
3906
3106
30C6
28C4
28C4
2882
2882
2882
2884
2884
2882
2882
3084
3906
3906
30C6
30C6
2884
2042
1840
2042
2082
2884
2884
30C6
3108
2884
2044
30C6
30C8
30C6
38C8
418C
498E
414A
418C
49CE
498C
418C
3948
414A
498A
494A
494A
514A
518C
598C
61CC
598C
598C
61CC
61CE
69CE
61CC
620E
6A0E
620E
620C
620C
620C
6A0E
6A4E
620E
620E
59CA
61CC
59CA
59CA
61CC
59CA
598A
59CA
59CA
598A
5148
5148
5148
5148
5148
5148
4948
4948
4948
4948
4946
4946
4906
4906
5188
5148
4948
5148
5148
4948
4946
4106
5188
5188
598A
620E
7250
7250
61CC
4906
4106
40C4
4106
4148
3906
30C4
28C2
2082
2884
2884
2882
2882
2882
3082
30C2
30C4
38C4
30C4
4148
5A4E
6292
520E
3106
1840
1842
1040
1842
1882
2084
1842
1842
1882
1840
1842
1840
1800
1842
2084
2888
2086
1046
3990
0804
20C8
28C6
2906
3948
5A0C
624E
7290
7290
6A0E
61CC
59CC
598A
4948
4908
4908
40C6
38C6
30C4
28C4
2082
2082
28C4
2082
1882
1882
2082
2082
2082
2082
2040
2042
2082
2082
2082
2882
2884
30C4
3906
38C6
3906
4108
4148
4106
38C6
38C6
4106
4106
4106
4108
4106
4106
4106
4106
4906
4906
4906
4948
5148
5148
5148
5188
5148
5148
5148
5148
5148
5148
5148
598A
598A
5988
5148
5148
5148
5148
5148
5146
5188
5148
5148
4946
4946
4946
4946
4946
4A4C
424C
420A
420A
4A4C
424C
4A4C
420A
4208
4208
420A
4A4A
524C
62D0
5A8E
4186
4146
4948
4948
4106
38C4
30C4
30C4
3906
2882
2882
2884
28C4
28C4
28C4
2884
2882
2884
2884
2884
2884
2884
2884
30C6
30C6
28C6
2084
2082
2082
2084
20C4
2084
2082
2084
2084
2084
1884
1884
2084
28C6
28C6
394A
398C
3108
394A
49CE
49CC
498C
414A
414A
414A
494A
494A
494A
518C
598C
598C
598C
598A
61CC
61CC
61CC
61CC
61CC
620C
620E
620C
620C
6A0C
6A0E
6A4C
620C
620C
59CA
61CC
59CA
59CA
61CC
59CA
598A
59CA
59CA
598A
5188
5148
4946
4946
5148
5148
4948
4948
4948
4946
4946
4906
4106
4106
5188
5148
4948
4948
4948
4948
4946
4906
4946
4948
598A
6A0E
7292
6A50
598A
4906
4906
4106
4106
4106
3904
30C4
28C2
2040
30C4
3084
2882
2842
2842
2882
3082
30C4
38C4
30C2
4148
5A0E
6250
5A0E
3948
2082
1882
1042
1040
1842
1842
1842
1842
1842
1842
2082
2082
1840
1840
1842
2042
1844
394C
B52C
398E
20C8
394A
3106
3948
3946
4948
598A
61CA
5988
5146
4906
4908
5148
48C6
4908
40C6
38C6
3906
3906
30C4
3106
3948
3106
28C4
20C4
28C4
28C4
28C4
28C4
2082
2882
2882
2884
28C4
28C4
30C4
30C6
3906
30C6
38C6
4108
4108
4108
38C6
3906
3906
4106
4108
4108
4108
4106
4106
3906
4908
4908
4946
4948
4948
5148
5188
5148
5148
5148
5148
5148
5148
5148
5188
5188
598A
518A
5148
5148
5148
5148
5148
5148
5188
5188
5148
4946
4946
4946
4946
4946
4A4C
4A4C
4A4C
4A4C
4A4C
4A4C
4A4C
4A4C
420A
420A
4A4C
4A4C
5A8E
6B12
5A8E
3986
4148
4988
4948
4106
30C4
30C2
2882
2882
2082
2082
2082
2082
2082
2884
2884
2882
28C4
28C4
28C4
2082
2042
2042
2042
2084
2082
1882
1042
1882
1884
18C4
18C4
18C4
18C4
20C6
20C6
18C4
0842
1082
18C4
18C6
20C4
2908
2908
314A
418C
418C
414A
498C
498C
414A
494A
514A
514A
518C
598C
598A
598A
518A
598A
59CC
59CC
598A
59CA
61CC
6A0E
6A0E
6A0E
6A0C
6A0C
6A0C
6A0C
620C
59CA
61CC
61CC
61CC
61CC
59CA
598A
59CA
59CA
598A
5188
5148
5148
4946
5148
5148
4948
4948
4948
4946
4906
4906
4106
4106
5188
5148
4948
4948
4948
4948
4946
4946
4946
4946
5188
620E
7250
620E
5148
4906
4906
4106
4908
4106
3906
3104
30C4
2082
2884
3084
2882
2882
3082
3084
38C4
4106
30C2
3082
4106
51CC
5A0E
5A0E
498A
28C4
1882
1040
1000
1040
1042
1042
1042
1840
1842
1882
2040
1840
1840
1840
1000
1000
5A54
EF3A
6AD6
2908
49CE
3106
3906
38C4
4104
4906
5146
5148
5148
4946
5148
598A
4908
4948
4108
38C6
4148
4108
38C6
3906
3948
3948
3106
30C4
30C6
3106
3908
3908
3106
3106
3106
3106
3906
3906
3908
3948
3906
30C4
30C4
38C6
38C6
38C6
3906
4108
3906
4106
4106
3906
3906
4106
4106
3906
4106
4106
4106
4106
4906
4948
4948
5148
4948
4908
4908
5148
5148
5148
5148
5148
5188
5188
5188
5188
5188
5148
5148
5148
5148
4946
4946
4946
4946
5148
5148
5148
524C
524C
524C
524C
4A4C
4A4C
4A4C
4A4C
4A4C
524C
5A8E
528E
5AD0
6B12
5A4E
3946
4148
4988
4948
4106
30C4
2882
2882
2040
2040
2040
2040
2042
2082
2082
2082
2082
2084
2082
2042
1842
1800
1800
1800
1840
0840
0840
1040
1082
1082
1082
1906
2148
318A
31CC
320E
298A
2148
1946
1106
10C6
2106
294A
2908
314A
418C
418C
414A
51CE
518C
494A
514A
598C
514C
514A
598C
598C
518A
518A
59CA
59CC
59CC
59CC
59CC
620C
6A4E
6A4E
6A4E
6A4E
6A0E
6A0C
620A
61CA
61CA
61CC
61CC
61CC
61CC
59CA
598A
61CC
59CA
598A
598A
5188
5148
5148
5148
5148
4948
4948
4946
4946
4906
4906
4106
4106
4948
4948
4948
4948
4946
4906
4106
4106
4906
4946
5148
598A
61CC
59CA
5148
4906
4906
4106
4106
4106
3906
3906
3906
28C4
2882
3084
3084
3084
38C4
38C6
4106
4948
38C4
3082
38C4
4988
498A
51CA
498A
3106
2082
1042
1040
1042
1042
1042
1000
1040
1040
1000
1000
1000
1840
1840
1840
2082
520E
9462
5252
3108
418A
3948
4188
518A
4948
4906
5148
61CA
61CC
59CA
518A
59CC
4948
518A
4948
4148
498A
4948
3906
4148
4948
494A
4148
3906
3906
4148
498A
498A
4148
3948
3948
3948
4148
4148
414A
418A
3906
30C6
30C4
30C4
30C6
38C6
38C6
3906
3906
3906
3906
38C4
38C4
3906
3906
38C6
38C4
3906
4106
4106
3904
4106
4946
4948
5148
4948
4948
4948
5148
5148
5148
5148
5148
5148
5188
5188
5188
5148
5188
5188
5148
4946
4906
4906
4946
5148
5148
5148
524E
524E
524E
524C
524C
4A4C
524C
524C
528E
528E
5AD0
5ACE
62D0
6B12
524C
3946
4148
4988
4988
4106
30C4
2882
2082
1840
1800
1800
1840
2082
2082
2082
1882
1842
1842
1040
1000
1000
1000
1000
1000
1000
0800
0840
1082
10C4
1082
10C4
2148
3A0E
5B58
639A
6BDC
5B9A
5358
42D4
3250
29CC
298C
294A
18C4
18C4
314A
394A
390A
494C
518C
494A
598C
59CE
514A
4908
514A
59CC
59CA
51CA
59CC
5A0C
620C
620C
620C
6A4E
724E
724E
724E
724E
720C
6A0C
69CA
61CA
61CA
61CC
61CC
61CC
61CC
59CA
598A
61CC
59CA
598A
598A
5188
5148
5146
5146
5148
4946
4948
4946
4946
4906
4906
4906
4906
4948
4948
5148
4948
4946
4106
4104
4104
4106
4948
4946
4946
518A
518A
4946
4906
4906
4106
4106
4106
3906
4146
3946
3104
38C6
38C6
38C6
38C6
38C6
38C6
3906
4106
4106
3082
38C4
4106
4106
4148
4948
30C6
2084
1882
1842
1882
1884
1842
1842
1040
1840
1840
2080
2080
28C2
28C4
28C4
418A
5A10
3948
49CC
49CC
418A
498A
5A0E
6250
620E
518A
598A
6A0E
7250
620E
59CA
51CA
4148
498A
498A
498A
59CE
51CC
494A
518A
59CC
59CE
59CC
498A
4148
4948
494A
494A
498A
418A
4188
4148
4148
418A
418A
418A
4148
3906
38C6
3906
3906
30C6
30C4
30C4
38C6
3906
38C6
30C4
30C4
38C4
38C6
38C4
30C4
38C4
38C4
38C4
38C4
38C4
4106
4948
518A
5148
5148
5148
5148
5148
5148
4948
4948
5148
598A
518A
5188
5148
5188
5188
5148
4946
4906
4106
4906
4948
4948
4948
528E
528C
524C
524C
524C
524C
524C
4A4A
528E
4A4C
528E
5B10
6312
7356
520C
3946
4146
4988
498A
3948
28C2
1840
1840
2082
2040
2082
2082
2082
1882
1842
1842
1042
1042
1040
0800
0800
0800
0800
1040
1040
0840
0842
0842
2108
1906
1106
298C
4252
73DE
9D28
94E6
8CE6
8D28
8D28
74A2
7460
5B9A
320E
1908
294A
1044
290A
30C8
410A
4108
494A
61CE
518C
494A
518C
518C
518C
518A
59CC
620C
620C
620C
6A4E
724E
6A4C
724E
724E
720C
69CA
6A0C
69CA
6188
618A
61CA
61CA
61CA
61CA
61CA
61CA
61CA
61CA
59C8
5988
5988
5188
5188
5146
5146
4946
5146
4946
4946
4906
4106
4106
4106
4106
4946
4946
4946
4948
4948
4906
4106
40C4
4946
4106
4106
4946
4946
4946
4906
4104
4104
4104
4104
4106
4146
3906
3904
38C4
38C6
4948
494A
4108
38C4
38C4
38C4
30C4
38C6
38C4
3084
30C4
4106
4948
4106
30C4
2082
2082
2082
20C4
2906
2906
28C4
28C2
28C2
3104
30C4
28C2
30C4
3946
4988
49CA
51CC
418A
418A
6250
51CE
51CC
7AD6
6A92
6250
59CC
61CE
7252
7A94
7252
6A10
61CE
494A
498C
498C
498C
51CC
518C
494A
494A
518C
51CC
59CE
51CC
498A
518A
518C
514A
518A
518A
4948
4948
498A
498A
4948
4148
4148
3908
3906
3906
38C6
3906
3906
3106
3906
4106
4106
3906
3906
3906
3904
30C4
38C4
38C4
30C4
30C4
30C4
38C4
3906
4106
4106
4908
4948
4948
4948
4948
4908
4948
4908
4948
5188
518A
518A
4948
4948
5188
4948
5148
4946
4106
4106
4148
4948
4948
528E
528E
528E
528E
528E
524C
524C
4A4C
524E
4A4C
528E
5AD0
6312
7396
524E
4148
4146
4148
4148
3906
28C4
2082
1842
2082
28C4
2882
2082
2082
1882
1042
1042
0840
0842
0842
0840
0800
0840
0842
0842
1042
1042
18C4
1082
214A
29CC
31CE
4252
52D6
7C22
A56A
B5F0
ADEE
BE72
C6F6
C6F6
C736
AE2E
8D26
84A4
8CA4
318E
28C8
310A
414A
4108
494A
518C
518A
59CC
5A0E
51CC
51CC
59CC
624E
6A50
6A4E
728E
7A90
7A90
724E
7A4E
7A8E
724E
720C
720C
69CA
618A
69CA
69CA
69CA
61CA
61C8
61C8
61C8
61CA
61CA
6188
5988
5988
5988
5988
5988
5146
5146
5146
4946
4946
4906
4106
4106
4104
4104
4946
4906
4906
4906
4946
4906
4106
4104
4106
4104
4104
4106
4946
4946
4906
4104
4104
4104
4104
4104
4104
3904
3904
38C4
38C4
4908
4948
38C6
30C4
30C4
38C4
30C4
3906
3906
38C6
38C4
3906
4108
4106
3906
3106
3106
3106
3106
3948
3948
3946
3906
3906
3906
3906
3904
4106
4988
51CA
51CC
518A
498C
59CE
6A92
5A0E
51CE
7B16
7AD6
5A0E
518C
59CE
7292
7252
6A10
6A10
61D0
59CE
5A10
5A10
5A0E
59CE
59CE
518C
518C
59CC
59CC
59CE
59CC
518A
518A
598C
514A
598A
518A
5148
5148
5188
518A
518A
498A
4148
4148
4148
3906
3906
3106
3106
3906
3906
4146
4146
3906
3906
4106
4106
3906
3906
3906
3906
38C4
38C4
3904
3906
4106
4948
4948
4908
4108
4106
4108
4948
514A
4948
4948
5188
518A
518A
4948
4948
4948
4948
4948
4948
4106
4106
4148
4948
4148
528E
528E
5A8E
5A8E
528E
528E
524E
524E
524C
4A4C
528E
52D0
6312
7B98
5A4E
4188
3906
3906
3906
30C6
28C4
2082
2082
2082
28C4
28C4
20C4
2082
1842
1040
1000
0800
1042
0842
0842
0840
0840
0840
1042
1042
0840
0842
0842
4210
5AD6
52D6
52D8
52D8
7C22
9D2A
DF3A
DF3A
EFFE
EFFE
EFFE
EFFE
E7FE
D738
D738
D6F6
6B5C
398E
310A
2086
30C6
3908
4148
4148
5A0C
6250
51CC
5A0E
6A4E
7290
7AD2
7AD2
7AD2
82D2
7AD2
7A90
7A90
7A90
7A4E
724E
720C
69CC
69CA
69CA
69CA
69CA
69CA
61C8
61C8
61C8
61CA
61C8
5988
5988
5988
5988
5988
5988
5988
5188
5148
4946
4946
4946
4106
4106
4104
4104
4946
4106
4106
4106
4106
4106
4106
4106
4106
4104
4104
4106
4946
4946
4106
4104
4106
4106
4104
3904
3904
3904
3904
38C4
38C4
4106
4106
30C4
3084
30C4
38C4
30C4
3906
3906
4106
3906
3906
4106
4106
4106
4148
3948
3948
4148
4148
494A
4148
4148
4948
4148
4106
4106
4948
59CC
61CC
59CC
494A
59CE
6A94
72D6
6252
6250
8318
8B5A
59CE
518C
6A12
7AD6
7A94
6A10
6A12
6A10
6210
6250
6250
6210
5A0E
59CE
59CE
59CE
59CE
59CE
620E
59CE
518A
518A
598C
598A
598A
5188
5148
5148
5188
518A
518A
518A
4948
498A
498A
4148
3906
3906
3906
3948
3906
4148
4148
3906
3906
4148
4148
3906
4106
4106
3906
3906
3906
3906
4108
4148
4948
4948
4948
4948
4948
4948
518A
518A
518A
518A
518A
518A
518A
4948
4948
4948
4948
4948
4948
4146
4108
4148
4148
4108
5A8E
5AD0
5AD0
5AD0
5A8E
528E
528E
5A8E
528E
528E
528E
528E
6312
7B98
520C
3946
3906
38C6
30C4
2884
2082
2082
2082
2082
28C4
28C2
2082
1882
1842
1040
1000
0800
1042
1042
0842
0842
0840
0840
1042
1042
1082
0842
18C6
6B5A
8420
8422
9CE8
94E8
7C22
8C66
E73A
EF7C
FFFE
F7FE
F7FE
F7FE
E7BC
D738
C6B4
CEB6
9D2A
73DE
5254
2908
2084
28C4
28C4
3106
51CC
5A0E
5A0E
6A50
7292
7AD2
7AD4
7AD2
7AD2
82D2
7AD2
7A90
8290
8290
8290
7A4E
7A4E
720C
69CA
69CA
61CA
69CA
69CA
61C8
6188
61C8
6188
6188
5988
5988
5988
5988
5988
5988
5948
5148
5146
4946
4946
4946
4906
4106
4106
4106
4106
4106
4106
4106
4106
4106
4106
4106
4104
3904
4104
4106
4106
4946
4106
4106
4106
4106
3904
3904
3904
3904
3904
3904
38C4
3906
38C6
30C4
30C4
30C4
38C6
30C4
38C6
3906
4106
3906
38C6
3906
4106
3906
3906
3906
38C6
3906
4106
4106
4106
4106
4948
4106
4106
4106
5148
61CC
61CC
59CC
494A
59CE
7294
72D6
6A94
6A94
8318
835A
518C
518C
7254
8318
7A96
7254
7254
6A12
6210
6210
6250
6A50
5A0E
61CE
6210
620E
620E
620E
6A10
620E
598C
598A
59CC
59CC
59CA
5988
5188
5148
5188
5188
518A
518A
4948
4988
4988
4148
4146
3906
3906
3906
3906
4148
4148
3906
3906
4108
4108
3906
3906
3906
3906
3906
3906
4106
4148
4948
4148
4948
494A
518A
518A
518A
518A
518A
518A
518A
518A
518A
518A
518A
5188
5148
4948
5148
4948
4146
4148
4148
4148
4148
5AD0
5AD0
5AD0
5AD0
5AD0
5AD0
5AD0
5AD0
528E
5290
5290
52D0
6354
7B98
4A0C
3946
3906
30C4
2882
2082
2082
2082
2082
2082
28C4
2082
2082
1840
1040
1040
1000
0800
1082
1042
1042
1042
0840
0840
1042
1042
1082
18C4
2148
6318
6B5C
7BE0
AD6E
BDF2
83E4
7BA2
BDF2
C632
D6B6
D6B6
DEF8
E73A
E77A
D6F8
B5F0
BE32
B5F0
A56C
8CA4
5294
2948
18C2
20C4
3106
49CC
6250
6A52
72D4
7AD4
8314
8314
82D4
7AD2
7AD2
82D2
7AD0
82D0
8290
8290
7A90
7A4E
720C
720C
69CA
6188
69CA
69C8
6188
6188
6188
6188
6188
5948
5988
5946
5946
5946
5146
5146
5146
4946
4946
4946
4946
4946
4946
4946
4946
4106
4106
3904
4106
4106
4106
4106
4146
4106
4106
4106
4106
4146
4146
4146
4106
4106
4104
3904
3904
38C4
3104
3904
3904
38C4
30C4
30C4
30C4
30C4
3106
3106
30C4
30C4
3906
3906
3906
38C6
4106
38C6
38C4
30C4
30C4
30C4
38C4
38C4
38C4
38C4
38C4
4106
40C6
40C4
40C4
4948
598A
61CC
598C
518C
518E
5A10
6252
6252
7294
7AD6
7AD6
518C
59CE
6A54
7A96
7A94
7A96
7A96
6A10
6210
6210
6A52
6A52
6210
6210
6A50
6A10
6A10
6A0E
6A50
6A10
61CC
61CC
61CC
61CC
59CA
5188
5188
4946
4948
4948
4988
4988
4948
4146
4146
4146
4146
4146
3906
3906
3906
4148
494A
4108
3906
4108
4108
38C6
38C6
3906
3906
3906
3906
4108
4108
4148
3906
4108
494A
498A
518A
518A
518A
518A
518A
518A
598A
598A
598A
598A
598A
518A
5188
518A
4948
4146
4148
4148
4948
4148
5B12
6312
6312
6312
6312
6312
6312
62D2
5A90
5AD0
52D0
5AD0
7396
7BD8
49CC
3946
3906
28C4
2042
1840
1840
2082
2082
2082
28C4
2082
2082
1840
1040
0800
0800
0800
1082
1082
1042
1042
1042
1042
1042
1042
1042
1884
18C4
39CE
318E
294E
5298
6B5E
6B1E
6B1E
AD2E
CE34
DEF8
D674
D674
D6B6
D6B6
CE74
BE32
BDF0
ADAC
ADAC
ADAC
7C1E
4A50
2946
2946
41CA
5A50
72D4
7AD6
7B16
8316
8B16
8314
8314
82D2
82D2
82D2
82D2
82D0
7A90
7A90
7A4E
7A4E
720C
720C
69CA
6188
69C8
61C8
6188
6188
6188
6188
5946
5946
5946
5946
5146
5146
5146
5146
5146
5146
4946
4946
4946
4946
4946
4946
4946
4106
4104
3904
3904
4106
4106
4146
4106
4106
4106
4106
4106
4146
4146
4146
4146
4106
4106
3904
3904
30C4
30C4
30C4
30C4
30C4
30C4
30C4
30C4
30C4
3104
30C4
30C4
30C4
30C4
30C4
30C4
38C4
38C6
38C4
3082
30C4
30C4
38C4
38C4
38C4
38C4
38C6
38C6
40C4
40C4
40C4
40C4
4906
598A
598A
598C
59CE
498C
494C
518C
51CE
6210
6A54
6A94
6210
6252
6A52
6A52
7252
7A96
7A96
6A12
6A12
6A52
7292
7292
7252
7250
7250
6A50
6A10
6A0E
6A10
7250
6A0E
61CC
61CC
61CC
59CA
598A
5188
5148
4948
4948
4948
4948
4988
4146
3906
3904
4146
4146
3906
3906
4148
494A
498A
494A
4148
4148
4148
4108
4108
4108
4148
4108
4108
3906
3906
4108
3906
4106
4148
4148
4148
4948
498A
518A
518A
598C
59CA
598A
598A
598A
598A
518A
518A
518A
4988
4148
4148
4148
494A
4948
6354
6354
6354
6B54
6B54
6B54
6354
6312
6312
6312
5B12
6354
7BDA
83D8
41CA
3906
30C4
2882
1840
1800
1840
1882
2082
2082
28C4
2082
2082
1840
1040
1000
0800
0800
1042
1042
1042
1042
1042
1042
1842
1882
1882
1082
1884
290A
20CA
4A16
5A9A
20CE
525A
6ADE
A4EE
E6FC
F77E
D676
BDAE
BDF0
C632
C630
BDF0
BDAE
AD6C
AD6A
B5AC
9CE4
6B58
4A0E
4A0C
5A90
6AD4
7B16
7B16
8316
8B16
8B16
8B14
8314
82D2
7AD2
82D2
82D2
8290
7A4E
7A4E
7A4E
720E
720C
720C
6188
6188
698A
6188
6148
5946
6188
6188
5946
5106
5946
5946
5946
5146
5146
5146
5146
5148
5146
4946
4946
4906
4906
4106
4106
4106
4104
3904
3906
4106
4106
4106
4106
4106
4106
4146
4146
4106
4146
4146
4146
4146
4146
4106
3904
30C4
30C2
28C2
30C2
28C2
28C4
30C4
30C4
30C4
28C4
30C4
30C4
30C4
30C4
30C4
3084
3084
38C4
38C4
30C4
30C4
30C4
30C4
38C6
38C6
38C6
38C6
3906
38C4
40C6
40C6
38C4
4106
4948
518A
518A
59CE
518C
494A
518C
518C
518C
6210
6A52
6A52
7294
7294
6A10
7252
7A94
7254
6A10
7252
7252
7252
7252
7252
7250
6A10
6A50
6A0E
61CC
6A0E
6A50
6A0E
61CC
61CC
598A
598A
518A
518A
5188
4948
4948
4948
4948
518A
4948
4146
4106
4106
4146
4146
4106
4148
494A
498A
498A
494A
4148
494A
498A
414A
494A
494A
494A
4148
4108
4108
4108
4148
4148
4148
4108
4106
4148
4948
4948
518A
598C
59CC
518A
518A
518A
518A
518A
4988
498A
4988
4948
4148
498A
498A
4948
6B96
6B54
6B54
6B54
6B96
6B96
6B54
6B54
6B54
6B54
6314
7356
8C1C
83D8
4188
3906
30C4
2082
1840
1000
1040
1882
2082
2082
28C4
2082
1882
1840
1040
1040
1040
1042
1042
1042
1042
1042
1042
1842
1882
1884
1842
1042
20C6
1886
290C
C5F2
DEBC
2950
4A18
6B20
A4EC
EF3E
FF7E
DEB8
CDF2
D674
E6F8
DEB6
C5B0
B56C
BDEE
AD28
A526
A526
83DC
62D2
6292
7316
7B16
7B16
7AD6
8316
8316
8314
8314
82D4
82D2
7A90
7A90
7A90
8290
724E
724E
7A4E
720E
720C
720C
6188
6188
6188
6188
5946
5946
6188
6188
5946
5104
5106
5946
5946
5146
5946
5946
5948
5188
5188
5148
4946
4906
4106
4104
4104
4104
3904
3904
3906
4106
4106
4106
3906
4106
4106
4106
4106
4106
4106
4106
4106
4148
4148
4148
3906
30C4
2882
2882
2882
28C2
28C4
28C4
28C4
28C4
28C4
28C4
28C4
30C4
30C4
30C4
2882
2882
3084
38C4
38C6
3084
30C4
30C4
30C4
30C4
38C6
3906
3906
38C4
38C6
3906
38C4
38C4
4106
4948
4948
59CE
518C
59CC
6210
51CC
498A
6210
6250
6A52
7294
7252
6210
6A52
6A52
61CE
598E
6A10
6A10
6A0E
61CE
6A0E
6A0E
620E
6A0E
620E
61CC
61CC
6A10
6A0E
61CC
59CC
518A
518A
518A
518A
518A
518A
4988
4988
4988
518A
518A
4948
4146
4106
4106
4148
4148
4148
4108
4148
494A
494A
4148
494A
518C
494A
494A
498A
498A
494A
494A
494A
494A
498A
498A
494A
4148
4148
4148
4148
4948
518A
59CC
59CC
518A
5148
5148
5148
5148
4948
4988
4988
4988
494A
498A
498A
4948
73D8
73D8
73D8
73D8
7398
7398
73D8
73D8
7BD8
7398
7396
7B98
9CA0
7356
3948
3906
30C4
2082
1840
1840
1840
1842
2082
28C4
20C2
20C2
2082
1840
1040
1040
1040
1040
1040
1040
1042
1042
1842
1882
1882
1882
1842
1042
1844
1044
3950
EF3E
FFBE
521A
3154
5A9C
A4EE
FF7E
FF7E
CE34
C5F0
F73C
FFBE
FFBE
E6B8
B52A
ACE8
BDAC
B528
9C62
7B58
6AD4
72D4
7B16
7B14
8316
8B18
8314
82D4
8314
8314
82D2
82D2
82D2
7A90
7A8E
7A4E
724E
724E
724E
720C
720C
69CA
618A
6148
6188
6188
5946
5906
5946
5948
5946
5946
5106
5946
5948
5948
5948
6188
5948
5148
5148
5148
4946
4104
4104
4104
4106
4104
4104
3904
3904
3904
3904
3904
3904
3906
3906
3906
3906
4106
4106
4148
4148
4108
4148
4148
4148
3906
30C4
2882
2082
2082
2082
2082
28C2
28C4
2904
30C4
28C4
28C4
28C4
30C4
30C4
30C4
30C4
30C4
30C4
2884
2884
2884
2884
28C4
30C4
30C4
38C6
3906
3906
3906
38C4
38C4
4106
514A
518A
59CE
598C
6210
6A52
6210
6A52
7294
6A52
7AD4
7AD6
7A94
7292
7252
7252
6A10
61CE
6A10
6A10
6A10
6A10
6A10
6A10
6A0E
6A0E
61CC
59CC
59CC
61CC
620C
59CC
518A
5148
518A
518A
518A
4948
4108
4108
4108
4148
4948
4988
498A
498A
498A
4948
498A
498A
494A
4148
4148
494A
498A
494A
498A
518C
498A
518C
518C
518C
498A
494A
494A
494A
494A
498A
498A
498A
498A
498A
498A
4948
518A
518A
518A
518A
5148
4948
5148
518A
518A
518A
498A
4988
494A
4148
4948
4948
7C1A
7C1A
7C1A
7C1A
7BDA
7BDA
7C1A
7C1A
7BD8
7BD8
7BD8
83DA
9CA0
6B14
3906
30C4
2884
2082
1840
1040
1040
1842
2082
28C4
2082
20C2
2082
1840
1040
1040
1042
1042
1040
1040
1042
1042
1842
1842
1842
1842
1884
1884
1886
1886
3950
B52E
BD72
4A18
3994
525A
9CAA
DEBA
DE78
CDF4
CDF2
EEB8
FF7E
FFBE
F6FA
B4EA
A464
B4E8
A462
8B9C
8318
72D4
7AD4
8316
8314
8314
8316
82D4
82D4
82D4
82D4
82D2
7AD2
7A90
7A90
7A4E
7A4E
7A4E
724E
720C
720C
69CA
69CA
618A
6188
6188
6188
5946
5906
5946
5948
5946
5946
5106
5146
5946
5946
5948
5948
5146
5146
5146
5148
4946
4906
4104
4104
4104
4106
4104
3904
3904
3904
3904
3904
3906
4106
3906
3906
3906
3906
3906
4148
4148
3906
3906
4148
4148
3948
3906
30C4
28C4
2082
2082
2082
2082
20C2
28C4
28C4
28C4
28C2
28C2
2882
2882
3084
30C4
30C4
30C4
2884
2884
2884
2884
28C4
30C4
30C4
30C4
3906
3906
3906
38C6
4106
4948
518A
518A
620E
59CC
620E
6210
61CE
6210
6A52
6A50
7292
7294
7294
7292
7252
7252
7250
6A10
7250
6A10
6A10
6A10
6A10
6A0E
6A0E
6A0E
6A0E
61CC
59CC
59CC
59CC
518A
4948
4946
518A
498A
494A
4148
4108
4108
4148
4148
4948
498A
498A
498A
498A
498A
498A
498A
518C
498A
498A
498C
498C
494A
494A
498A
498A
498A
498A
498A
494A
494A
494A
494A
498A
498A
498A
498A
498A
498A
498A
4948
518A
518A
518A
518A
5148
4948
5188
518A
518A
518A
4988
4988
498A
498A
498A
4948
845C
845C
845C
841C
841C
845C
845C
845C
841C
841A
841A
8C1C
945E
6290
3104
30C4
2082
2040
1840
1040
1040
1040
2082
20C4
2082
20C2
20C2
1880
1040
1040
1040
1042
1040
1040
1042
1042
1842
1842
1842
1842
1842
1884
1844
1846
28CA
5A58
5A58
3992
3152
5A9A
9468
C5F4
C5B2
C5B0
C56E
C56E
EEBA
FF3E
EEBA
ACA8
93E0
A462
9BDE
8318
8316
7AD4
8316
8B56
8314
8314
8314
82D2
82D2
8AD4
8B14
82D2
7A90
7A90
7A90
7A4E
7A4E
7A4E
724E
720C
69CA
61CA
618A
618A
6188
698A
6188
5946
5946
5946
5948
5146
5946
5106
5106
5146
5146
5146
5948
5146
5146
5146
5148
5146
4906
4906
4104
4104
4106
4104
3904
38C4
38C4
3904
3906
4106
4108
4108
4108
3906
3906
3908
4148
3948
3106
3906
3948
4148
4148
3948
3906
30C4
28C4
20C2
2082
2082
2082
20C2
20C2
20C2
20C2
28C2
2882
2882
2882
28C4
30C4
30C4
2884
2884
2884
3084
30C4
30C4
3084
3084
38C6
38C6
4106
4106
4108
494A
518A
598C
620E
59CC
61CC
620E
59CC
59CC
620E
59CC
6250
6A50
7292
6A50
6A10
6A50
6A50
6A10
6A50
6A10
6A10
620E
620E
620E
620E
620E
620E
59CC
598C
518A
518A
4948
4106
4106
494A
414A
414A
3908
3908
3908
4148
4148
4148
414A
498A
498A
498A
498A
498A
498A
518C
518C
518C
51CC
518C
498A
494A
494A
494A
494A
498A
494A
494A
494A
494A
498A
498A
518C
51CC
51CC
518A
498A
498A
498A
518A
518A
518A
518A
518A
5188
518A
598A
59CA
518A
4948
4988
51CC
51CC
518A
494A
8C5E
8C5E
8C5E
8C5C
8C5C
8C5E
8C5E
8C5E
945E
8C5E
8C1C
8C1C
8C1C
4A0C
30C4
30C4
2040
1840
1840
1040
1040
1040
1882
2084
2082
28C2
20C2
2082
1040
1000
1040
1042
1040
1040
1042
1042
1842
1842
1840
1840
1842
2084
1842
2086
2088
28CA
20CA
310E
208A
6B1E
8BE4
ACEC
BD6E
C56E
BD2C
BCEC
B4AC
C52E
B4AA
831C
7AD8
8B5C
8B5A
8316
8316
82D4
8B16
8B56
8314
82D2
82D2
82D2
8292
82D4
8AD4
82D2
7A90
7A4E
7A4E
7A4E
724E
724E
720C
6A0C
69CA
618A
6188
6188
6188
618A
6188
5946
5946
5946
5946
5106
5946
5106
5106
5106
5106
5146
5148
5146
5106
5146
5148
5148
5148
4906
4906
4104
4106
4104
38C4
38C4
38C4
3904
4106
4106
4148
4108
4108
4148
3948
3948
3948
3948
3906
3906
3948
4148
4148
3948
3906
3106
3104
28C4
2082
2082
2082
2082
20C2
20C2
28C4
28C4
28C4
28C4
28C4
28C2
2882
2882
2884
2884
3084
30C4
30C4
3084
3084
3084
30C4
38C6
4106
4106
4108
494A
518A
518A
598A
518A
59CC
59CC
598C
598C
59CC
518A
59CC
620E
620E
620E
61CC
61CE
620E
6A0E
6A10
6210
620E
61CE
61CE
59CE
59CC
59CC
598C
518A
498A
518A
498A
4148
4146
4146
4148
4148
3908
3908
3906
3908
4148
4148
4148
4148
4148
4148
414A
4148
4148
4148
498A
498A
518C
51CC
51CC
518C
498A
494A
498A
498A
498A
494A
494A
494A
498A
498A
498A
518C
51CC
51CC
518A
498A
518A
518A
518A
518A
518A
518A
518A
518A
598A
59CC
59CC
518A
4948
4988
51CC
51CC
518A
494A
94A0
949E
949E
949E
949E
949E
949E
94A0
9CA0
94A0
945E
945E
83DA
418A
30C4
30C4
1840
1840
1040
1040
1040
1042
2082
2082
28C2
28C2
28C2
2082
1040
1000
1000
1040
1040
1040
1040
1840
1840
1840
1840
1040
1040
1842
1842
1844
2044
2046
1846
28CA
731E
DE76
ACEA
9C24
ACA8
93E2
8B5E
831C
82DC
7ADC
6A98
6212
7294
8358
8318
8316
8316
8314
8B16
8B16
82D2
82D2
82D2
82D2
7A92
82D4
82D4
8292
7A50
7A4E
7A4E
7A4E
720C
720C
720C
6A0C
69CA
618A
6188
6188
6188
6188
6188
5946
5946
5946
5146
5106
5148
5146
5106
4906
5148
5148
5148
5146
5106
5106
5948
5948
5148
5146
4906
4906
4106
4104
40C4
38C4
38C4
3904
3906
4106
4106
4108
4148
414A
4148
4148
3948
3906
3106
3106
3906
3948
4148
3948
3908
3106
3106
3104
20C2
2082
2082
2082
2082
2082
20C4
28C4
28C4
28C4
28C4
28C4
28C2
2882
2884
2884
3084
30C4
30C4
3084
3084
3084
3084
38C4
38C6
38C6
4106
4948
494A
4948
4948
4948
514A
518C
518A
518A
518A
518A
518A
59CC
620E
59CC
598C
598C
61CC
61CE
61CE
59CE
59CE
59CE
59CE
518C
518C
518A
498A
4948
4948
498A
4948
4146
4146
4148
3948
3908
3908
3908
3948
3948
3948
3948
3948
3948
4148
4148
4148
4148
4148
4148
4148
4948
498A
51CC
51CC
518A
498A
498A
518A
518A
518A
498A
498A
498A
498A
498A
498A
518A
51CC
51CC
51CC
518C
51CA
51CC
51CC
51CC
51CA
51CA
51CA
51CA
59CC
59CC
59CA
518A
518A
518A
498A
498A
498A
494A
9CE2
9CE2
9CE2
9CE2
9CE2
9CE2
9CE2
9CE2
9CA0
9CA0
9CA0
A4E2
8BDC
3948
2884
2882
1800
1840
1040
1040
1040
1882
2084
2082
28C4
28C2
28C2
20C2
1880
1040
1000
1040
1040
1040
1840
1840
1840
1840
1800
1800
1000
1040
1800
1842
1842
2084
2886
28C8
83A0
EEF8
A466
72DA
831C
7298
7256
6A14
6214
59D2
59D0
6212
7AD6
8B58
8316
8356
8314
8314
8316
82D4
7AD2
7AD2
82D2
7A92
7A92
8292
8292
7A90
7A4E
7A4E
7A4E
7A4E
6A0C
720C
6A0C
69CA
69CA
61CA
6188
6188
6188
6188
5948
5946
5946
5146
5106
4904
5146
5146
4904
4906
5148
5148
5146
5106
5106
5106
5106
5148
5948
5148
5106
4906
4906
4106
4104
38C4
38C4
38C4
3904
3906
3906
4108
4148
498A
498A
414A
3948
3948
3106
3106
3906
3908
3948
3948
3948
3948
3906
3104
28C4
2082
2082
2082
1880
1880
2082
20C2
20C2
28C4
28C4
28C4
28C4
28C4
2884
2884
30C4
30C4
30C4
30C4
30C4
3084
3084
38C4
38C6
38C6
40C6
4108
4108
4106
4908
4908
4908
4948
494A
514A
518A
518A
498A
51CC
59CE
59CC
518C
598C
598C
59CE
598C
59CC
59CC
59CC
518C
518C
498A
494A
498A
4148
4148
4148
4148
3906
3946
4148
3948
3948
3948
4148
414A
418A
414A
4148
4188
4148
4148
4188
4188
4188
4148
4148
4148
4948
498A
51CC
51CC
498A
498A
498A
518C
51CC
51CC
518A
498A
498A
498A
518A
518A
518A
518A
51CC
51CC
51CC
51CC
51CC
51CC
51CC
59CC
59CC
59CC
59CC
59CC
59CC
59CC
59CC
59CC
518A
498A
494A
494A
494A
A524
A524
A522
A522
A522
A522
A524
A524
A4E2
9CE2
9CE2
AD24
8BDC
3906
2884
2882
1800
1840
1040
1040
1040
1882
2084
2082
28C4
20C2
20C2
20C2
1882
1040
1040
1040
1040
1040
1842
1842
1840
1840
1800
1800
1882
2082
2082
2082
2884
28C6
3108
418C
5210
8BE0
6254
518E
59D0
61D0
69D0
598E
518E
51CE
6210
6252
7B14
8356
7312
7B12
7AD4
7B14
7AD4
7AD4
7A94
7A94
7A94
7A92
7A92
8292
8292
7A50
7A4E
7A4E
7A4E
724E
720C
720C
69CA
69CA
69CA
61CA
6188
6188
6188
5948
5946
5146
5146
5146
5104
4904
5106
5106
48C4
4906
5148
5148
4906
5106
5106
5104
50C6
5106
5106
5146
5146
5146
4906
4106
4106
40C4
38C4
38C4
38C4
3906
3906
4108
4148
498A
498A
418A
4148
3948
3948
3948
3948
3948
3948
3948
4148
4148
3948
3906
3106
28C4
28C4
20C2
2082
1882
1882
1882
2082
20C2
20C2
28C2
28C4
28C4
28C4
28C4
28C4
30C4
30C4
30C4
30C6
30C6
30C4
38C6
38C6
38C4
38C4
4106
4106
38C6
4908
4908
4908
4908
494A
494A
494A
514A
494A
518C
598C
518C
518A
518C
598C
598C
518C
518C
518C
518C
518C
498A
494A
494A
498A
498A
4148
3948
3906
3906
3948
418A
418A
418A
418A
418A
498A
49CA
49CA
49CA
49CA
498A
498A
49CA
49CA
49CA
4188
4188
4988
4948
498A
518A
51CA
498A
498A
498A
518A
518A
51CA
51CA
518A
518A
518A
518A
51CC
518A
518A
518A
51CC
51CC
51CC
518A
51CC
59CC
59CC
5A0C
5A0C
5A0C
59CC
59CC
59CC
59CC
59CC
51CA
518A
498A
498A
498A
A524
A524
A524
A524
A524
A524
A524
A524
A524
A522
A4E2
AD24
83DA
3106
2884
2882
1840
1840
1040
1040
1042
1884
2084
2082
20C4
20C2
20C2
20C4
1882
1840
1040
1040
1840
1840
1840
1840
1840
1840
1800
1800
2080
2082
2080
2082
2884
2082
30C6
51CE
498C
51CE
51CE
5A10
518C
6210
6A10
598E
59CE
6A94
7B16
72D4
7B14
8356
7B14
7B14
72D2
7AD4
7AD4
7A94
7A94
7A94
7A92
7A52
7A90
7A90
7A90
7A4E
7A4E
7A4E
7A4E
724C
7A4E
720C
69CA
69CA
61CA
618A
6188
6188
5988
5946
5146
5146
5146
5146
4904
4904
4904
4904
40C4
4104
5148
5148
4906
4906
4904
48C4
48C4
48C4
4906
5106
5146
5146
4906
4106
4106
4104
40C4
38C4
38C4
38C4
3906
3908
4148
418A
418A
418A
414A
3948
4148
398A
3948
3948
3948
3948
3948
4148
414A
4148
3948
3906
3106
2904
28C4
20C2
20C2
2082
1882
1882
2082
2082
20C2
20C2
28C4
28C4
28C4
28C4
28C4
30C4
30C6
30C6
38C6
38C6
38C6
30C4
38C6
3906
38C6
38C4
4106
4908
4948
494A
494A
494A
4148
4108
4108
494A
518A
494A
494A
498A
518A
518A
518C
518C
518C
518C
498C
498A
498A
498A
498A
418A
4148
3948
3106
3906
4148
49CC
49CC
49CC
498A
49CC
49CC
49CC
51CC
51CC
520C
51CC
49CA
51CA
51CC
51CA
49CA
498A
4988
4948
498A
518A
518A
518A
518A
51CA
498A
498A
518A
51CA
518A
518A
518A
518A
59CC
518C
518A
518A
51CC
59CC
51CC
518A
59CC
59CC
5A0C
5A0C
5A0C
5A0C
59CC
59CC
59CC
59CC
59CC
51CA
518A
518A
518A
498A
A566
A564
A566
A564
A566
A564
A566
A566
A524
AD66
A4E4
B566
7B58
3106
30C6
2082
1842
1040
1040
1042
1842
1882
1842
1042
1842
1842
1882
2082
2082
1840
1040
1040
1840
1840
2040
2082
2082
2082
2082
2882
30C4
30C4
28C2
3106
3906
3906
518A
518A
518C
59CC
59CE
6210
6A52
6250
5A50
6252
6A92
72D4
72D4
7B14
7AD4
7AD4
72D2
72D2
7AD4
7AD4
7AD4
7AD4
7AD4
7A92
7A92
7A92
7A90
7A90
7A90
7A4E
724E
724C
724C
724C
7A4E
724C
6A0A
69CA
61CA
6188
6188
6188
5988
5946
5146
5988
5988
5146
4904
4904
4906
4906
4906
4906
4906
4906
4906
4906
4906
4904
4904
4904
4906
4946
4946
4946
4906
4106
4106
4106
4106
4106
4106
4106
3906
3906
4148
4148
4188
4148
418A
418A
418A
418A
418A
4188
3948
3948
3948
4188
4148
4148
4148
3948
3908
3906
3906
3946
2904
28C4
20C2
2080
1880
1840
1880
2082
2082
2042
2082
2884
28C4
30C6
30C6
30C6
30C6
30C6
30C6
30C6
30C4
28C4
30C6
3106
3906
3906
4108
4108
4148
4148
4148
4148
4148
4148
4148
4148
4148
4148
498A
498A
498C
498A
498A
418A
498A
498A
498A
498A
498A
418A
3948
3906
3906
3906
4148
498A
498A
498A
498A
498A
498A
498A
51CC
51CC
51CC
51CA
49CA
51CC
51CC
51CC
51CC
5A0E
51CC
518A
518A
518A
518A
498A
498A
518A
518A
518A
51CC
59CC
5A0E
59CC
59CC
5A0E
59CC
598C
518C
518C
59CC
59CC
518A
518A
51CC
59CC
5A0E
5A0E
5A0E
5A0E
5A0E
5A0C
5A0C
59CC
59CC
59CC
59CC
59CC
598C
518A
AD66
AD66
AD66
AD66
AD66
AD66
AD66
AD66
AD66
AD66
AD26
BD68
835A
30C6
30C6
2082
1842
1042
1040
1042
1042
1844
1842
1002
1884
1882
2084
20C6
28C6
2084
2082
2082
2884
28C4
28C4
30C4
30C4
3104
30C4
30C4
4148
4148
4146
4148
4148
4948
59CC
59CC
61CC
61CE
61CE
6250
6A92
6292
6292
62D2
6AD4
72D4
72D4
7AD4
7AD4
7AD4
7AD4
7AD4
7AD4
7AD4
7AD4
7AD4
7AD2
7A92
7A92
7A90
7A90
8290
7A90
7A4E
724C
724C
724C
724C
724C
724C
6A0A
69CA
69CA
61CA
6188
5988
5988
5986
5986
5988
5988
5146
4904
4904
4946
4946
4946
4906
4906
4906
4106
4106
4906
4906
4904
4104
4906
4946
4946
4946
4946
4106
4106
4106
4106
4946
4946
4146
3906
3946
4148
4148
4148
4148
4188
4188
498A
49CA
49CA
418A
4188
4188
4188
4188
4148
4148
4148
4148
4148
3948
3948
3948
3106
3106
3104
28C2
2082
1880
1880
2082
2082
2042
2042
2082
2084
28C4
2884
2884
2884
2884
2884
2884
2884
2084
28C4
28C4
28C4
30C6
30C6
3106
3906
3906
3906
3106
3106
3906
3906
3906
3906
3906
3906
3946
3948
3946
3948
3946
3948
3946
3948
4148
4148
4146
3906
3906
3906
4106
4148
494A
4948
4948
4948
4948
4948
4948
498A
498A
59CC
51CC
51CC
51CC
51CC
51CC
59CC
5A0E
59CC
518A
518A
598C
518A
518A
518A
518A
51CC
518A
518A
51CC
51CC
51CC
59CC
5A0E
598C
598C
598C
59CC
59CC
59CC
59CC
51CC
59CC
5A0E
5A0E
5A0C
5A0C
5A0C
5A0C
5A0C
620E
5A0C
59CC
59CC
59CC
59CC
59CC
598C
ADA8
ADA8
ADA8
ADA8
ADA8
ADA8
ADA8
ADA8
ADA8
B5A8
B566
C5AA
835A
30C6
3106
2082
1842
1042
1040
1040
1042
1042
1842
1842
2084
2084
28C6
3108
3108
3106
30C6
3106
3906
3906
3906
3906
4148
4148
4146
4106
4988
4988
4948
498A
4948
5148
61CE
61CC
61CC
61CC
59CC
620E
6A50
6A92
6292
6AD4
72D4
7314
7AD4
7AD4
7AD4
7AD4
7AD4
7B14
7B14
7AD4
7AD2
72D2
7AD2
7A92
7A92
7250
7A90
7A90
7A90
7A4E
724E
724C
724C
724C
724C
720A
6A0A
6A0A
6A0C
69CA
6188
5946
5988
5988
5988
5988
5988
5146
4904
4904
5148
5148
5148
4946
4906
4906
4106
4104
4946
4946
4946
4946
4946
4946
4946
4946
4946
4946
4146
4946
4946
4948
4948
4948
4148
4148
4148
4148
4988
4988
4188
4188
498A
49CA
49CA
49CA
498A
418A
418A
418A
4148
4148
4148
4148
4148
4148
4148
3946
3946
3946
3146
3104
2904
28C2
28C2
28C4
2882
2882
2082
2082
2082
2082
2082
2082
2042
2082
2082
2082
2082
2082
20C4
20C4
2082
2884
28C4
30C4
30C4
30C6
30C4
30C4
30C4
30C4
30C4
3104
3104
3104
30C4
30C4
3104
3104
3104
3104
3906
3904
3906
3904
4106
4106
4106
4106
4948
4948
4948
4948
4948
498A
518A
518A
518A
518A
518A
51CC
59CC
59CC
59CC
59CC
59CC
59CC
59CC
59CC
59CC
59CC
59CC
59CC
59CC
598A
518A
518A
518A
518A
4988
4988
4988
4988
518A
59CC
518C
518C
59CC
59CC
59CE
59CE
59CC
59CC
5A0E
5A0E
5A0E
59CC
51CC
51CC
5A0E
5A0E
624E
620E
5A0C
59CC
59CC
59CC
61CC
59CC
B5A8
B5A8
B5A8
B5A8
B5A8
B5A8
B5A8
B5A8
B5A8
B5A8
B5A8
C5EC
839A
30C6
3106
2082
1882
1842
1040
1040
1042
1042
1842
1842
2084
2084
28C6
3108
3948
3948
3906
3906
3948
3906
3906
4106
4148
4948
4148
4106
4146
4948
4948
5188
4948
5148
61CC
59CC
59CC
59CC
59CC
59CE
6A50
6A92
6A92
72D4
7314
7B14
7B16
7B16
7AD4
7AD4
82D4
82D4
8314
7AD4
7AD4
7AD2
7A92
7A92
7A92
7A50
7A90
7A90
7A90
7A4E
7A4E
724C
7A4C
7A8E
724C
720A
6A0A
6A0A
6A0A
6A0A
61CA
5946
5988
5988
59C8
59C8
5988
5146
4946
4904
5148
5148
5148
5148
4906
4906
4906
4906
4946
4946
4946
4946
4946
4946
4948
5188
5188
5188
5188
5188
5188
518A
518A
518A
51CA
518A
498A
518A
518A
51CC
51CA
498A
498A
498A
49CA
498A
498A
498A
49CA
49CA
498A
498A
498A
498A
498A
4988
4148
3948
3948
3946
3946
3946
3146
3146
3146
3946
30C4
30C4
30C4
28C4
28C4
28C4
2882
2082
2082
2082
2882
2882
2882
2882
20C2
28C4
2082
2884
28C4
28C4
30C4
30C4
30C4
30C4
30C4
30C4
30C4
3104
3906
3906
3104
30C4
3104
3104
3904
3906
3906
3946
4106
4106
4106
4946
4948
5148
5188
5188
5188
5148
518A
598A
59CC
59CC
59CC
59CC
61CC
620C
59CC
59CC
59CC
59CC
59CC
59CC
59CC
59CC
59CC
59CC
59CC
620E
620E
59CC
598A
598A
59CC
51CA
518A
518A
4988
4988
51CA
620E
518A
518C
59CC
59CE
59CE
59CE
59CE
59CC
59CC
5A0E
5A0E
59CC
51CC
51CC
5A0E
5A0E
624E
620E
620E
59CC
59CC
59CC
61CC
61CC
BDEA
BDEA
BDEA
BDEA
BDEA
BDEA
BDEA
BDEA
B5EA
BDEA
BDAA
CE2C
8BDC
3106
3106
2882
2082
1842
1042
1042
1042
1042
1842
1884
2084
2084
28C4
3106
3908
3106
3106
3906
3908
3906
38C4
3906
4106
4948
4106
4106
4906
4946
4948
518A
5148
5148
59CC
598A
518A
59CC
59CC
620E
7292
7AD6
7AD6
8316
7B16
7B16
8316
8316
8316
8314
8316
8316
82D4
8314
8314
7AD4
7A92
7A90
7A92
8292
7A90
7A90
7A90
7A8E
7A8E
7A4E
7A8E
7A8E
724C
720C
6A0A
61C8
69CA
6A0A
61CA
5986
5986
5988
61C8
59C8
5988
5186
5146
5146
5146
5148
5148
5148
4948
4906
4946
4946
4946
4946
5146
5186
5186
5186
5188
59C8
59C8
59C8
59CA
59CA
59CA
59CA
59CA
61CC
620E
5A0E
59CC
59CC
620E
620E
5A0E
59CC
59CC
59CC
51CC
51CC
51CC
59CC
5A0C
5A0E
59CC
51CC
51CC
51CC
51CC
51CC
498A
498A
4988
4188
4188
4146
3946
4188
4188
4188
4146
4146
3906
3906
3106
3104
30C4
28C2
28C4
30C4
30C4
28C4
28C2
28C2
28C4
2904
28C2
28C4
28C4
30C4
3104
3104
30C4
30C4
30C4
30C4
3104
3904
3906
4146
3906
3904
3904
3946
4146
4146
4946
4946
4946
4946
4948
5148
5148
5988
598A
598A
598A
598A
598A
598A
61CC
61CC
61CC
61CC
61CC
61CC
59CC
61CC
61CC
61CC
61CC
61CC
61CC
61CC
61CC
59CC
61CC
620E
620C
59CC
59CA
59CA
620E
620C
620C
620C
59CC
59CA
59CC
620E
518A
518A
59CC
59CC
59CE
59CE
59CC
59CC
59CC
59CC
59CC
59CC
59CC
59CC
5A0E
5A0E
620E
620E
620C
59CC
59CC
59CC
59CC
59CC
BE2A
BE2A
BE2A
BE2A
BE2A
BE2A
BE2A
BE2A
BE2A
C62C
BDEA
D66E
941E
3948
3106
2884
2082
1882
1882
1042
1842
1882
2084
2084
2084
2082
2884
30C4
30C6
30C4
30C4
30C4
3906
38C6
38C4
38C4
4106
4906
4906
4104
4906
4906
4906
5148
5148
4948
518A
4948
4908
518A
5A0E
6A50
7AD6
8318
8B18
8B58
8B58
8356
8316
8316
8316
8B16
8B16
8B58
82D4
8314
8B16
82D4
7A92
7A92
8292
8AD2
82D2
82D2
82D0
8290
7A8E
7A8E
7A8E
7A8E
724C
724C
6A0A
61C8
69CA
6A0A
69CA
6188
5988
61C8
61CA
59C8
5988
5988
5988
5146
5146
5146
5148
5148
5148
5148
5148
5148
4946
5146
5146
5188
5988
5988
59CA
59CA
61CA
61CA
61CC
61CC
61CC
61CC
6A0C
6A0E
6A50
6A10
6A10
6A50
7250
7252
6A50
6A50
6A50
6A50
620E
620E
6250
6A50
6A50
6A50
6250
620E
620E
620E
620E
5A0E
5A0C
5A0C
59CC
51CA
49CA
4988
4988
4988
4988
4988
4988
4988
4148
4148
4146
3946
3904
3104
3904
3904
3904
3904
30C4
3104
3104
3104
28C4
30C4
3104
3104
3106
3104
30C4
30C4
3904
3904
3904
3904
4106
4146
4146
4146
4146
4946
4946
4946
4986
5186
5146
5188
5188
5988
5988
5988
6188
6188
6188
598A
618A
61CA
61CC
620C
6A0E
620C
61CC
620C
61CC
61CC
61CC
61CC
61CC
61CC
61CC
61CC
61CC
61CC
61CC
620C
620C
61CC
59CA
59CA
620C
61CC
61CC
620C
59CC
59CA
59CC
620E
518A
518C
59CC
59CC
59CC
59CC
59CC
59CC
59CC
51CC
51CC
59CC
59CE
59CE
5A0E
5A0E
620E
620E
620C
59CC
59CC
59CC
59CC
59CC
C66C
C66C
C66C
C66C
C66C
C66C
C66C
C66C
C62C
CE6E
C62C
DEB0
A4A2
418A
30C6
28C4
2082
1882
1882
1882
1882
2084
2084
28C4
2884
2082
2882
28C4
28C4
28C4
30C4
30C4
38C6
38C4
3884
38C4
40C4
4106
4906
40C4
4106
4104
40C4
4906
4906
4906
4948
4106
4106
59CC
6A52
7AD4
8358
8B58
8B18
8B18
8B58
8B58
8B58
8B56
8B16
8B16
8B16
9358
8B16
8B14
8314
82D4
82D4
8AD4
8AD4
8AD4
8AD2
8AD2
8AD2
82D0
8290
7A8E
7A8E
828E
724C
7A4C
720C
69CA
69CA
720A
6A0A
61C8
61C8
61CA
61CA
61C8
6188
61C8
5988
5946
5146
5146
5146
5146
5148
5148
5148
5146
5146
5946
5946
5988
6188
61C8
61CA
61CA
61CA
69CA
69CC
69CC
69CA
69CC
6A0C
6A0E
7250
7250
7250
7250
7A92
7A92
7A92
7292
7A92
7292
7292
7292
7292
7292
7250
6A50
6A0E
6A0E
6A0E
620E
620E
620E
6A0E
6A4E
620E
620C
5A0C
59CC
59CC
59CA
59CA
51CA
518A
518A
5188
5188
4988
4988
4188
4146
4146
4146
4146
4146
4106
3944
3946
3946
3906
3906
3946
3946
3946
3906
3906
3904
4106
4106
4106
4106
4106
4946
4946
5148
5146
5186
5186
5186
5186
5186
5988
5988
5988
5988
6188
6188
61CA
61CA
61CA
61CA
61CA
61CC
6A0E
6A0E
6A0E
6A0C
6A0E
6A0C
6A0E
6A0E
6A0E
61CC
69CC
6A0C
6A0E
6A0C
6A0C
61CC
61CC
620C
61CC
61CA
61CC
61CC
61CC
59CA
59CA
61CC
59CC
59CA
59CA
59CC
51CA
51CC
59CC
5A0C
59CC
59CC
59CC
59CE
59CE
51CC
518C
59CC
59CE
59CE
59CE
59CE
5A0E
620C
620C
61CC
59CC
59CC
59CC
61CE
CE6E
CE6E
CE6E
CE6E
CE6E
CE6E
CE6E
CEAE
C66E
D6B0
CE6E
DEB2
ACE4
498A
30C4
28C4
2082
2082
1882
1882
2082
2084
28C4
28C4
2884
2882
2882
2882
2884
2882
3084
38C4
38C4
3082
3082
3882
40C4
40C4
40C4
40C4
40C4
40C4
3882
40C4
4906
4906
5148
4146
498A
6250
7B16
8B58
939C
939A
9358
8B58
8B58
8B58
9358
9358
9358
9356
9316
9316
9356
8B14
82D4
82D2
8B14
9316
9314
92D4
8AD2
8AD2
8AD2
8AD0
8290
8290
8290
82D0
724C
7A4E
7A4C
720A
720A
720C
720C
69CA
69CA
6A0A
61CA
61C8
6188
61C8
5988
5946
5146
5146
5106
5146
5148
5148
5148
5146
5946
5946
5946
6188
6188
61CA
61CA
6188
69CA
69CA
69CC
69CC
69CA
69CA
69CC
720C
7250
7250
7250
7A92
7A92
7A92
7A92
7A92
7A92
7A92
7A92
7A92
7A92
7A92
7250
6A0E
6A0E
6A0E
6A0E
6A0E
61CC
6A0E
6A0E
724E
6A0E
6A0E
6A0E
6A0C
6A0E
6A0C
620C
620C
61CA
59CA
59CA
59CA
59CA
51CA
5188
5188
5188
5186
5188
4986
4946
4946
4986
4988
4148
4148
4988
4988
4948
4948
4146
4146
4946
4946
4946
4946
4946
4946
5148
5988
5988
5986
5986
5986
5986
5988
5988
6188
6188
6188
69CA
69CA
69CA
69CA
69CA
69CA
61CA
69CC
6A0C
6A0E
6A0E
6A0C
6A0C
6A0C
720E
724E
720E
6A0C
6A0C
720E
724E
720E
6A0E
6A0C
61CC
61CC
61CC
61CC
61CC
6A0C
6A0C
620C
620C
620C
620C
620C
620C
620C
59CC
5A0C
5A0E
5A0E
59CC
59CC
59CC
59CE
620E
59CC
518C
51CC
59CE
59CE
59CC
59CC
59CC
620C
620E
620E
61CC
59CC
61CC
61CE
D6F0
D6F0
D6F0
D6F0
D6F0
D6F0
D6F0
D6F0
CEB0
D6F0
DEB2
DEB2
C5EA
49CC
30C4
28C4
2082
2082
20C2
20C4
28C4
28C4
28C4
28C4
2882
28C2
2882
2882
2882
3082
30C4
3082
38C4
3882
3082
3882
38C4
40C4
40C4
40C4
40C4
38C4
40C4
4104
40C4
38C4
4106
4988
6250
7B56
93DA
93DA
939A
8B58
8B18
9358
9358
9358
9358
9356
9356
9316
9316
9314
8B14
8AD2
82D2
9314
9B56
9B56
9314
9314
8AD2
8AD2
8AD2
8AD0
8AD0
8AD0
82D0
8290
7A4E
828E
7A4E
724C
720C
720C
720C
720A
720C
6A0A
6A0A
69CA
61CA
6188
6188
5988
5106
5106
5106
5146
5146
5148
5148
5148
5104
5146
5946
5988
6188
6188
618A
618A
69CA
69CC
69CA
698A
698A
71CC
720E
720E
7250
7250
7A52
82D4
8AD4
82D4
8292
7A92
7A92
7250
6A0E
7210
7A92
7250
6A0E
69CE
720E
720E
720E
69CC
69CC
69CC
720E
720E
6A0C
720E
6A0E
6A0C
6A0C
724E
720E
6A0C
69CC
69CA
61CC
620A
620C
620A
61CA
59CA
61CA
59C8
5988
5988
59CA
59C8
5188
5188
518A
51CA
51CA
59CA
518A
518A
518A
5188
5148
5188
5988
5988
5988
5988
5988
6188
6188
6186
6186
6186
6188
6188
6188
6188
69C8
69CA
69CA
6A0A
720A
720C
720C
720C
6A0C
6A0C
6A0C
6A0C
6A0C
6A0E
6A0E
6A0E
7A90
6A0C
6A0C
724E
724E
6A4E
6A0C
724E
6A0C
6A0C
6A0C
6A0C
6A0C
6A0C
6A0C
6A0C
61CA
61CA
620C
6A0C
6A0C
620C
6A0C
620C
620E
5A0C
5A0C
5A0E
5A0C
59CC
59CC
620E
620E
5A0E
59CC
59CC
59CC
59CE
59CE
59CE
59CC
59CC
61CC
61CC
620C
620C
61CE
61CE
DEF2
DEF2
DEF2
DEF2
DEF2
DEF2
DEF2
DEF2
DEF2
DEF2
DEF2
E6F2
CDEC
51CC
30C4
2884
2082
28C4
2904
3106
3106
3106
30C4
30C4
2882
30C2
3082
2882
2882
30C2
30C4
3082
38C2
3882
3882
3882
38C4
40C4
40C4
40C4
4104
38C4
38C4
4104
38C4
38C4
4948
624E
7B56
8B9A
8BDA
8B98
8B58
9358
8B18
9358
9356
9356
9356
9356
9356
9316
9314
9314
9314
8AD2
8AD2
9314
9B56
9B16
9B14
9314
9312
9312
8AD2
8AD2
8AD0
8AD0
8AD0
8AD0
828E
8290
828E
7A4E
7A4E
7A4C
720C
720A
720C
720C
720C
69CA
69CA
6188
6188
5988
5146
5106
5106
5106
5146
5146
5148
5146
5146
5146
5986
5988
5988
6188
6188
61CA
69CA
69CA
69CA
618A
69CA
71CC
720E
720E
6A0E
720E
7A52
82D4
8B16
82D4
7A50
7250
7210
6A0E
61CC
6A0E
7250
7210
61CC
618C
69CC
69CC
69CC
69CC
69CC
71CC
720C
720E
71CC
720C
720E
720C
720E
720E
720E
720C
720C
720C
720C
6A0C
6A0C
6A0C
61CA
61CA
6A0C
69CA
61CA
69CA
69CA
61CA
61CA
59C8
59CA
59CA
59CA
59CA
61CA
61CA
61CA
61CA
5988
5988
618A
6188
6188
6188
618A
69CA
69C8
6988
6988
69C8
69C8
69CA
69C8
69C8
69CA
720A
720A
720C
720C
720C
720C
720C
6A0C
6A0C
6A0C
6A0C
6A0E
724E
724E
724E
7290
6A0E
6A0C
724E
724E
6A4E
6A0E
724E
6A0C
6A0C
6A0C
6A0C
6A0C
6A0C
6A0C
6A0C
61CA
620A
6A0C
61CA
61CA
620C
620C
61CA
620C
5A0C
5A0C
5A0C
59CC
51CA
59CA
59CC
61CC
59CC
59CC
59CC
59CC
59CC
59CE
59CC
598C
59CC
61CC
59CC
61CC
61CC
61CE
61CE
DF34
DF34
DF34
DF34
DF34
DF34
DF34
DF34
DF34
E734
E6F4
EEF4
DE2E
5A0E
30C4
2882
2082
28C4
3906
3948
3106
3104
30C4
30C4
3082
30C2
3082
3082
3082
3082
30C2
38C2
38C2
3882
3882
3882
40C4
40C4
40C4
40C4
3904
38C4
38C4
38C4
38C4
4948
6250
8356
93DA
93DC
8B98
8B58
9398
9358
9318
9316
8B16
8B14
9316
9356
9B16
9314
9314
9314
9314
8AD2
8B14
9314
9B16
9B14
9B14
9B14
9B14
9312
8AD0
92D2
92D2
8AD0
8AD2
92D2
8AD0
8A90
8290
8A90
828E
824E
7A0C
720A
7A0C
720C
720C
720A
69CA
69C8
6188
6188
5146
5146
4904
4904
4906
4906
4906
4906
5146
5186
5186
5188
5188
5988
5988
61CA
618A
61CA
61CA
61CA
69CC
69CC
720E
6A0E
6A0E
6A0E
7A92
82D4
8AD4
7A92
7210
6A0E
69CC
618C
598A
618C
6A0E
69CE
618A
594A
618A
698A
698A
698A
71CC
71CC
71CC
71CC
71CC
71CC
7A0C
7A0C
7A0E
7A0E
7A0C
7A0C
7A0E
7A4E
7A4E
7A4E
7A4E
720C
6A0C
69CA
720C
720C
720C
720C
720C
6A0C
6A0C
6A0C
61CC
61CC
61CC
69CC
69CC
69CA
69CC
6A0C
61CA
69CA
69CA
69CA
69CA
69CA
69CA
71CA
71CA
71CA
720A
720A
720A
720A
71CA
71CA
720A
720C
720C
724C
724C
724C
720C
720C
720C
6A4C
6A4C
724E
724E
724E
724E
724E
724E
724E
6A0C
724E
724E
724E
724E
724E
720C
720C
720C
720C
6A0C
6A0C
6A0C
6A0C
69CA
6A0C
6A0C
61CA
61CA
620A
61CA
59CA
620C
620C
620C
59CC
59CA
59CA
598A
59CC
59CC
59CC
59CC
59CC
59CC
59CC
59CC
59CC
598A
598A
59CC
61CC
59CC
59CC
61CC
620E
E736
E736
E736
E736
E736
E736
E736
E736
E736
E734
E734
F736
DE2E
6250
30C4
2882
2882
3104
3948
3948
3106
30C4
30C4
30C4
30C2
30C2
3082
3082
3082
3082
38C2
38C2
38C2
38C2
38C2
38C2
38C4
40C4
40C4
4104
3906
3904
38C4
30C4
4148
6A50
8356
93DA
93DC
93DA
8B98
8B58
9B9A
9B98
9316
8B16
8B14
8B14
9314
9316
9B16
9B14
9B14
9314
92D4
9312
9314
9314
9B14
9B14
9B14
9B14
9B14
92D2
92D0
92D2
92D2
8A90
92D2
9312
92D2
8A90
8A90
8A90
8A90
824E
7A0C
7A0C
720A
720A
720A
720A
71CA
69CA
69CA
6188
5946
5146
5106
4904
4904
4906
4906
4906
4946
4946
5186
5186
4946
5186
5988
61CA
5988
598A
61CA
61CA
61CC
69CC
69CC
69CC
6A0E
6A0E
7250
7250
7250
7210
6A0E
6A0E
69CC
598A
5948
598A
61CC
618C
594A
5948
6148
6148
6948
698A
71CA
71CC
698A
698A
698A
71CA
7A0C
7A0C
7A0C
7A0C
7A0C
7A0C
7A0E
7A0E
7A4E
7A4E
7A4E
7A4E
720C
720C
720C
720C
7A0C
7A0C
720C
720C
720C
720C
6A0C
6A0C
6A0C
6A0C
6A0C
6A0C
720C
720C
69CA
6A0C
720C
720C
720A
720A
720A
720C
71CA
720C
7A0C
7A0C
7A0C
720C
720A
720A
720C
720C
724C
7A4C
7A4C
7A4C
724C
724C
724E
724E
724E
724E
724E
724E
7A4E
7A90
7A4E
724E
724E
724E
724E
724E
724E
7A90
7A4E
724E
720C
720C
720C
6A0C
720C
720C
69CA
6A0C
6A0A
61CA
61CA
61CA
61CA
59C8
620A
620A
61CA
61CA
61CA
59CA
59CA
59CA
59CA
61CC
620C
620C
59CC
59CC
59CC
59CC
598A
598C
61CC
61CC
59CC
59CC
61CC
61CE
EF78
EF76
EF78
EF76
EF78
EF76
EF78
EF76
E776
EF76
EF34
F776
D62C
5A0E
3906
30C2
30C4
3906
3948
3948
3906
30C4
30C4
38C4
38C2
38C2
38C2
38C2
3882
3882
3882
38C2
38C2
38C2
38C2
38C4
38C4
38C4
40C4
40C4
4106
3904
30C4
3906
5A0E
8316
939A
939A
939A
939A
9358
9356
9B58
9356
8B16
8B14
8B14
9314
9314
9B16
9B16
9B14
9B14
9314
92D2
9314
9314
9312
9B12
9B12
9AD2
9AD2
9B12
92D0
92D0
92D0
92D0
8A90
9292
92D2
92D2
8A90
8A4E
8A8E
8A8E
824C
820C
824C
79CA
79CA
7A0A
7A0A
71CA
69CA
69CA
61CA
6188
5946
5146
4904
4906
4906
4906
4906
4104
4946
4946
4946
4946
5146
5188
61CA
59CA
59CA
61CA
61CC
61CC
61CC
61CA
61CA
61CC
61CC
61CC
61CC
61CC
61CC
6A0E
6A0E
69CC
598A
5148
5948
594A
5948
5148
5106
5946
6146
6148
6988
698A
698A
6988
6148
6988
6988
71CA
71CA
71CA
71CA
71CA
79CC
7A0C
7A0C
7A0E
7A4E
7A4E
7A4E
7A4E
720C
7A0C
7A4E
824E
7A4E
7A0E
720C
720C
720C
720C
720C
720C
720C
720C
720C
720C
720C
71CA
720C
720C
720C
720C
720A
720A
720C
720C
720C
7A0C
7A4C
7A0C
720C
720C
720C
720C
720C
724C
7A4E
7A4E
7A4E
7A4E
7A4E
7A90
7A90
7A50
7A50
724E
724E
7A50
7A90
7A50
724E
7A4E
7A50
7A50
724E
7A4E
7A90
7A4E
7A4E
720C
720C
720A
720C
720C
724C
6A0A
61CA
61CA
6A0A
6A0A
69CA
61C8
61C8
620A
620A
61CA
61CA
61CA
620C
61CA
61CC
61CC
620C
6A0E
620E
61CC
59CC
59CC
59CA
59CC
61CC
61CC
61CC
59CC
59CC
59CC
59CC
EF78
EF78
EF78
EF78
EF78
EF78
EF78
EF78
EF76
EF76
F776
FF78
CDAA
59CC
4106
38C4
4146
4148
4148
4148
3906
3904
3904
4104
38C2
38C2
38C2
38C2
38C2
3882
3882
38C2
38C2
38C4
38C4
38C4
38C2
38C2
38C4
38C4
38C4
2882
30C4
51CA
7B14
8B9A
93DA
939A
9B9A
9B98
9356
9314
9316
8B14
8AD4
9314
8B14
9314
9314
9B14
9B14
9B14
92D4
92D2
92D2
9314
9312
92D2
92D2
9AD2
9AD2
9AD2
9B12
92D2
92D0
9290
8A90
8A90
9290
9292
92D2
8A90
824E
824E
824C
824C
824C
824C
7A0C
7A0C
7A0C
7A0C
71CA
71CA
69CA
698A
618A
5988
5948
5146
5146
4946
4946
4946
4104
4144
4946
4946
4946
5188
598A
59CA
59CA
59CA
59CA
61CC
61CC
618A
598A
598A
598A
598A
59CA
61CC
620C
620E
6A0E
7250
61CC
598A
5148
5148
5108
5106
5106
48C4
5906
5906
6146
6148
6988
6988
6988
6148
6148
6948
6988
718A
718A
718A
71CA
71CA
71CA
71CC
720C
7A0E
7A4E
7A4E
7A4E
7A0E
824E
8250
8290
8290
7A4E
7A4E
720C
720C
7A4E
7A4E
720C
720C
720C
720C
720C
720C
720C
720C
7A4C
7A4C
720C
720C
720C
720C
720C
720C
7A0C
7A4C
7A0C
720C
720C
720C
720C
720C
7A4C
7A4E
7A4E
7A4E
7A8E
7A90
8290
8290
8290
7A90
7A4E
7A4E
7A90
8290
8290
7A90
7A50
7A50
7A50
7A50
7A50
7A50
7A90
7A4E
720C
720C
720A
720C
720C
724C
6A0A
69CA
61CA
6A0C
720C
6A0A
61CA
61CA
69CA
69CA
69CA
69CA
6A0A
6A0C
6A0C
61CA
61CC
620C
620C
620E
620E
61CC
59CC
59CC
61CC
61CC
61CC
61CC
61CC
59CC
59CC
59CC
F7BA
F7BA
F7BA
F7BA
F7BA
F7BA
F7BA
F7BA
F7B8
F776
FFB8
FFB8
BD66
518A
4106
4106
4948
4148
3946
3946
4106
4106
4106
4104
38C4
38C2
38C2
40C2
38C2
38C2
3882
38C2
38C2
38C2
38C4
38C4
30C2
30C2
38C2
38C4
2882
2882
4148
6A92
8B9A
93DA
939A
939A
9358
9B58
9316
92D4
9314
8AD2
8AD2
8B14
9314
9314
9314
9314
92D2
92D2
92D2
92D2
92D2
92D2
92D2
92D2
92D2
9AD2
9AD2
92D0
9AD2
9B12
9AD2
9290
9290
9290
9292
8A90
9290
8A90
8A4E
820C
820C
824E
8A4E
8A4C
820C
820C
7A0C
7A0C
7A0C
71CA
71CA
69CA
69CA
61CA
5988
5988
5188
5146
5146
4946
4946
4946
4946
4946
5188
5188
598A
59CA
59CA
598A
618A
61CC
618C
598A
594A
598A
598A
598A
59CC
61CC
620C
61CC
6A0E
7250
61CC
598A
598A
598A
5148
4906
4906
48C4
5104
5104
5906
5946
6146
6146
6148
6188
6188
6146
6146
6988
6988
6988
6988
71CA
71CA
71CA
71CC
7A0C
7A4E
7A4E
7A4E
7A4E
7A4E
824E
8290
8290
8290
7A4E
7A4E
7A4E
7A4E
7A4E
7A4E
7A4E
7A4E
7A4C
720C
720C
724C
7A4C
7A4E
7A4E
7A4C
7A4C
7A4C
7A4C
7A4C
7A4E
7A4E
7A4E
7A4E
7A4E
7A4E
7A4E
7A4E
7A4E
7A4E
7A4E
7A4E
8290
8290
8290
8290
8290
8290
7A90
7A50
7A50
8290
8292
8292
8290
7A50
7A50
7A50
7A90
7A50
7A4E
7A4E
7A4E
7A4C
720C
720C
720C
720C
720C
720C
6A0A
69CA
720A
720C
6A0A
6A0A
69CA
69CA
6A0A
6A0A
69CA
6A0A
6A0C
6A0C
61CA
61CA
61CA
61CC
620C
620C
620C
61CC
61CC
61CC
618C
598C
61CC
61CC
61CC
59CC
59CC
F7BA
F7BA
F7BA
F7BA
F7BA
F7BA
F7BA
F7BA
F7FA
F7B8
FFBA
FFBA
B526
4948
4148
4148
4948
4146
3906
3906
4106
4106
4106
38C4
38C4
38C2
38C2
38C4
38C4
38C2
3882
38C2
38C4
38C4
38C4
38C4
30C2
3082
30C2
30C4
30C4
4148
6210
8358
93DC
939A
8B58
9356
9356
9316
92D2
92D4
9B14
92D4
8AD2
8AD2
9314
9314
92D4
92D2
92D2
92D2
9292
8A90
92D2
9AD2
92D2
92D0
92D0
9AD2
9AD2
9290
9AD2
A314
9B12
9290
9290
92D0
9290
8A50
8A50
8A90
8A4E
820C
820C
8A4E
8A4E
8A4E
820C
820C
820C
7A0C
7A0C
7A0C
720C
720C
69CA
61CA
618A
5988
5988
5188
5148
4946
5148
5148
5148
5188
5188
5988
598A
598A
598A
598A
618A
618A
618A
598A
5948
598A
598A
518A
598A
598A
598A
518A
598A
61CC
61CC
598A
61CC
61CC
598A
5148
5148
4906
48C4
50C4
5104
5106
5946
5946
6188
6188
6188
6146
6146
6188
6988
6988
6988
71CA
71CA
71CA
71CA
7A0C
7A4C
7A4E
7A4E
7A4C
720C
7A0C
7A4E
824E
8290
8290
8290
7A8E
7A4E
7A4E
7A4E
7A4E
7A4E
7A4E
7A4E
7A4C
7A4E
7A8E
828E
828E
828E
7A8E
7A4E
7A4E
7A4E
7A4E
7A4E
7A4E
7A4E
8290
8250
7A4E
8290
8290
8250
7A4E
8250
8290
8290
8290
8290
8290
8290
8290
7A50
7A4E
8290
8AD2
8AD2
8290
7A50
7A50
8290
8290
7A50
7A4E
7A4E
7A4C
7A4C
7A4C
720C
720C
720A
720A
724C
720C
6A0A
6A0A
720A
720C
6A0A
69CA
69CA
720A
6A0A
69CA
69CA
6A0C
69CA
61CA
5988
59CA
59CA
61CA
620C
620C
620C
61CC
59CC
598A
598A
598A
61CC
61CC
59CC
59CC
F7BC
F7BC
F7BC
F7BC
F7BC
F7BC
F7BC
F7BC
FFFC
F7BA
FFFC
FFBA
93DC
498A
4948
498A
4148
3906
3906
4106
4106
40C4
38C4
40C4
38C4
38C4
38C4
38C4
38C4
38C2
38C2
38C2
38C2
3082
3082
2882
3084
30C4
30C4
2884
30C4
51CC
7B16
8B58
8B58
8B56
8B16
8B14
9314
8AD2
8AD2
8AD2
92D2
8A90
8A90
8A90
8AD2
8AD2
8AD2
92D2
92D2
92D2
9290
9290
9AD2
9AD2
9AD2
9AD2
92D0
92D0
9AD2
9AD2
9AD0
9AD2
A2D2
9AD2
9290
9290
9290
8A0C
8A4E
8A4E
8A4E
820C
820C
8A4E
8A90
824E
824C
820C
820C
7A0C
7A0C
7A0C
7A0C
720C
6A0C
6A0A
69CA
61CA
5988
5988
5988
5988
61CA
61CA
618A
618A
598A
618A
618A
618A
598A
618A
61CA
61CA
61CA
618A
5988
5988
5188
5188
598A
598A
598A
5188
5988
598A
59CC
598A
598A
598A
59CA
518A
5148
4946
40C4
40C2
48C4
5106
5148
5148
5946
5948
5948
5946
5946
6146
6186
6986
6988
7188
7188
7188
7188
71CA
7A0C
7A0C
7A0C
7A0C
7A0C
7A0C
7A0C
7A4C
824E
828E
828E
7A4E
7A4E
7A4E
7A4E
8290
8290
8290
828E
8290
8290
8290
8290
8290
8290
828E
824E
828E
7A4E
824E
828E
8290
8290
8290
8290
8290
828E
8290
824E
7A4E
828E
7A4E
7A4E
8AD2
8A92
8290
8290
8290
8290
8A92
8AD2
8AD2
8A92
8290
7A4E
8290
8290
8290
7A4E
7A4E
7A0C
7A4E
7A4E
7A4E
7A4C
720C
69CA
69CA
7A4E
724C
720C
69CA
720C
724C
720C
720A
720A
720C
720C
69CC
69CA
69CA
69CC
6A0C
6A0C
61CA
5988
5188
5188
59CA
59CA
61CC
59CA
598A
598A
598A
59CA
59CC
59CC
59CC
FFFC
FFFC
FFFC
FFFC
FFFC
FFFC
FFFC
FFFC
FFFE
F7BC
FFFC
FF78
835A
498A
498A
498A
4148
3906
3906
3906
3906
38C4
38C4
38C4
3904
38C4
38C4
30C4
3082
3082
3082
3082
3082
3082
30C2
30C4
2884
2884
28C4
30C6
498A
6250
8316
8356
8316
8314
82D2
82D2
8B12
8AD2
8A90
8A90
8A90
8A90
824E
8A90
824E
8A90
8A90
8A90
8A90
9290
9290
9290
92D0
9AD2
9AD2
9AD2
9AD2
9AD0
9AD2
9AD2
9AD2
A2D2
A2D2
9AD2
9A90
9A90
9250
820C
8A0C
8A4E
8A4E
820C
820C
820E
8A4E
824E
824C
824C
7A0C
7A0C
7A0C
7A0C
720C
720C
720C
720C
6A0C
69CA
61CA
5988
5988
598A
61CA
61CA
618A
61CA
61CA
61CA
69CC
69CC
69CC
6A0C
6A0C
6A0C
69CC
69CA
61CA
6188
59CA
59CA
59CA
598A
5988
5188
5148
5148
598A
518A
518A
518A
518A
518A
4988
4948
4906
48C4
40C4
4906
4906
4906
4906
5148
5146
5146
5946
5946
6186
6186
6986
6988
7188
7188
7188
71CA
79CA
7A0A
7A0C
7A0C
7A4C
7A0C
7A4C
7A4C
824E
824E
824E
7A4C
7A4E
824E
824E
824E
824E
8290
8290
8290
8290
8290
8A90
8290
8290
8290
8290
8290
824E
824E
8290
8A90
8A90
8A90
8A90
8290
8290
8290
7A4E
7A4E
8290
8290
7A4E
8290
8A90
8A90
8290
8290
8290
8290
8290
8A92
8290
8290
7A90
8290
8290
8290
7A4E
724E
7A4C
7A4E
7A4E
7A4E
7A0C
720C
720A
69CA
720C
720C
720C
69CA
71CA
720C
720C
69CA
71CC
71CC
71CC
69CC
69CC
69CC
69CA
69CA
69CA
61CA
59C8
5988
5188
59C8
59CA
59CA
59CA
59CA
598A
59CA
59CC
59CC
59CC
59CC
FFFE
FFFE
FFFE
FFFE
FFFE
FFFE
FFFE
FFFE
FFFE
F7BA
FFFC
EEF4
7AD6
498A
51CC
518A
4148
4108
3906
38C6
38C6
38C4
30C4
30C4
38C6
30C4
30C4
30C4
3082
3082
3082
3082
3082
2882
3082
30C4
28C4
28C4
3906
498A
6250
72D4
8316
8316
7AD2
7A90
7A90
7A90
8AD2
8A90
8A90
8A8E
824E
824C
824C
824E
824E
824E
8A4E
8A4E
8A50
8A4E
8A4E
8A4E
9290
9AD2
A312
A314
9AD2
9AD2
9AD2
9B12
9A90
9AD2
9AD2
9AD0
9AD0
9AD0
924E
8A0E
8A0C
8A4E
8A4E
820C
79CC
7A0A
820C
8A4E
8A4E
824E
7A0C
7A0A
824C
7A0C
71CA
720C
7A4C
7A4C
720C
720C
69CA
61CA
61CA
61CA
6A0C
69CC
69CC
69CC
69CC
6A0C
720C
720C
720C
720E
720E
720C
720C
6A0C
69CA
61CA
61CA
61CA
59CA
598A
598A
5988
5148
5148
5148
5148
5148
5188
518A
518A
518A
4948
5148
5148
4906
4906
40C4
40C4
4906
5146
5106
5146
5946
5946
6146
6186
6986
6986
7188
7188
7188
71C8
71CA
79CA
7A0A
7A0A
7A4C
7A4C
7A4C
7A4C
824E
824E
824C
7A4C
824E
824E
824E
7A0C
7A4E
8290
8AD2
8AD0
8290
8290
8290
8290
8A90
8A90
8290
8290
8290
8290
8290
8A90
8A90
8A90
8290
8290
8A90
8290
7A4E
7A4E
8A90
8290
828E
828E
8290
8A90
8A90
8290
8290
8250
8290
8290
8290
8290
8290
8290
8290
8290
7A4E
724E
7A4E
7A4E
7A4E
7A4C
7A0C
720C
720C
720A
720C
720C
720C
720C
720C
720C
720C
71CA
71CA
71CA
69CA
69CA
69CC
69CC
69CA
61CA
61CA
61CA
61C8
59C8
59C8
59C8
59CA
59CA
61CC
59CA
59CA
59CA
59CC
59CC
59CC
59CC
FFFE
FFFE
FFFE
FFFE
FFFE
FFFE
FFFE
FFFE
FFFE
F7BA
FFFE
DE70
6A52
518C
5A0E
51CC
4148
3948
3906
38C6
30C4
30C4
30C4
30C4
30C4
30C4
30C4
30C4
30C2
2882
3082
3082
3082
2880
2880
30C4
3906
4146
51CC
6250
6A92
7AD4
82D4
7AD2
7A90
7A90
7A4E
7A4E
828E
828E
824E
824E
820C
7A0C
820C
824E
8A90
8A90
8A50
8A4E
8A4E
8A4E
8A4E
8A4E
9A90
9AD2
A314
A314
9AD2
92D0
9AD2
9AD2
92D0
9AD2
9AD2
9290
9AD2
9AD0
928E
924E
8A0C
8A0C
820C
820C
820C
79CA
820C
824C
8A4E
8A4E
7A0C
79CA
824C
824C
71CA
7A0C
7A0C
7A0C
7A0C
720C
720C
6A0C
720C
720C
720C
720C
720C
720C
720E
720E
7A4E
7A4E
720E
7A0E
7A0E
7A0C
720C
720A
69CA
69CA
61CA
61CA
5988
5988
618A
61CA
598A
5988
5148
5148
5148
5148
5188
518A
5148
4948
59CC
598A
598A
5146
40C4
40C4
4904
4906
4906
5104
5106
5946
5946
6146
6146
6146
6986
7188
7188
7188
7188
71C8
71CA
71CA
7A0C
7A0C
7A0C
824C
824C
824C
7A4C
7A4C
824E
824E
7A4E
7A0C
7A4E
8290
8AD2
8AD2
8290
8290
8290
8A90
8A90
8A90
8290
824E
8290
8290
8290
8A90
8A90
8A90
8290
8290
8A90
8290
824E
8290
8A90
8A90
8290
824E
8290
8A92
8AD2
8A92
8290
824E
7A4E
8290
8290
8290
8290
8290
8290
7A90
7A4E
724E
7A4E
7A4E
7A4E
7A0C
720C
720C
720C
720C
720C
7A0C
7A4E
7A4C
720C
720C
720C
720C
71CA
69CA
69CA
69CA
69CC
69CC
61CA
61CA
61CA
61CA
61CA
61C8
59C8
5988
59CA
59CA
59CA
59CA
59CC
59CC
59CC
59CC
59CC
59CC
FFFE
FFFE
FFFE
FFFE
FFFE
FFFE
FFFE
FFFE
FFFE
F7BC
FFFC
CDAA
6210
5A0E
620E
518A
4148
3908
3906
30C4
30C4
30C4
28C4
28C4
28C4
28C4
28C4
28C4
2882
2080
2880
2880
28C2
28C2
3104
4148
518A
51CA
620E
7292
7290
7290
7A92
7290
724E
7A4E
7A4E
7A4E
824E
824E
824E
824C
820C
820C
824C
824C
9290
924E
8A4E
8A4E
8A4E
8A4E
924E
924E
9AD2
A2D2
A314
A314
9AD2
92D0
92D2
9AD2
9AD2
A314
9AD2
9290
92D0
9290
924E
924E
924E
8A0C
820C
820C
820C
820C
820C
820C
8A4E
8A4E
820A
79CA
824E
820C
79CA
7A0A
7A0C
7A0C
7A0C
7A0C
720C
720C
7A0C
7A0C
7A4E
7A4E
7A0E
7A0E
7A0E
7A0E
7A4E
7A4E
7A0C
7A0C
7A4E
7A4C
7A4C
720C
71CA
69CA
69CA
61CA
5988
5988
61CA
61CA
61CA
618A
5948
5948
5148
5148
5148
4948
4948
4948
59CA
61CC
61CC
518A
4906
40C4
40C4
4904
4904
4904
5104
5104
5944
5944
6144
6144
6946
6986
7188
7188
6988
6988
7188
71C8
71CA
79CA
7A0A
7A0C
7A0C
824C
824C
824C
824E
7A0E
7A0C
7A4E
824E
824E
8290
8AD2
8AD0
8A90
8AD0
8AD2
8AD2
8AD2
8A90
8A90
8A90
8A90
8A90
8A90
8AD2
8AD2
8A90
8290
8290
8290
8A90
8A90
8290
8290
8290
8290
8290
8A92
8AD2
8A92
8290
824E
7A4E
8250
8290
8290
8290
7A90
7A4E
7A4E
7A4E
724E
7A4E
7A4E
7A4C
7A0C
720C
720C
720C
720C
720C
720C
7A4E
7A4E
720C
720C
720C
720C
71CA
69CA
69CA
69CA
69CC
69CC
69CA
61CA
61CA
61CA
620A
620A
59CA
59C8
598A
598A
59CA
59CA
59CA
59CA
59CA
598A
598A
598A
FFFE
FFFE
FFFE
FFFE
FFFE
FFFE
FFFE
FFFE
FFFE
FFFC
FFFC
B4E4
59CE
6A50
5A0E
498A
3908
3906
30C6
28C4
28C4
28C4
28C4
20C2
2884
28C4
2884
2082
2080
2080
2080
2880
3904
4146
51CA
620E
620E
620C
6A4E
7292
7250
724E
724E
720E
724E
7A4E
7A4C
7A0C
820C
824C
824C
824C
820C
824C
824C
820C
8A4E
8A0C
8A0C
8A0C
8A0C
8A4E
924E
9290
9AD2
A2D2
A314
A314
9AD2
92D2
9AD2
9B12
92D2
9B12
9AD2
92D2
9AD2
9AD2
9AD2
9AD0
9290
8A4E
820C
820C
820C
8A4E
824C
820C
8A4E
8A4E
820C
7A0A
824E
820C
79CA
7A0A
7A0C
7A0C
7A0C
7A0C
7A0C
7A0C
7A0C
7A0C
7A0E
7A0E
824E
824E
824E
7A0E
7A0C
7A0C
7A0C
7A0C
824E
824E
824E
824C
7A0C
720A
69CA
69CA
6188
6188
6188
618A
618A
6188
618A
5988
5948
5148
5148
4948
4948
4948
5188
59CA
61CC
598A
5148
4906
40C4
48C4
4904
4904
5104
5104
5104
5944
5944
6144
6146
6946
6946
6986
6986
6988
6988
7188
71C8
71CA
71CA
7A0A
7A0A
7A0C
7A0C
824C
824E
7A0C
7A0C
824E
824E
824E
8290
8290
8AD2
8AD2
92D2
92D2
92D2
92D2
92D2
8A92
8A92
8A90
8A90
92D2
92D2
92D2
8AD2
8A90
824E
8290
8AD2
8A90
828E
8290
8290
8290
8290
8A90
8A92
8A92
8290
8250
8250
8290
8290
8290
8290
7A4E
7A4E
7A4E
7A4E
7A4E
7A4C
7A4C
7A0C
720C
720C
720C
720C
720C
71CA
720A
720C
720C
720C
720A
720C
720C
71CC
71CA
69CC
69CC
69CC
69CC
69CA
69CA
61CA
61CA
69CA
61CA
61CA
59C8
598A
598A
59CA
59CA
59CC
59CA
598A
518A
518A
518A
FFFE
FFFE
FFFE
FFFE
FFFE
FFFE
FFFE
FFFE
FFFC
FFFC
FFBA
9C1E
51CC
7250
59CC
4948
3906
3106
30C6
28C4
28C4
28C4
28C4
20C2
2082
2082
2082
1882
2080
20C2
3104
3946
49CA
5A0A
624E
6A90
6A4E
6A0E
6A0E
724E
6A4E
6A0C
6A0C
6A0C
720C
7A4E
7A0C
7A0C
820C
824C
824C
820C
824C
8A4C
8A0C
820A
820C
8A0C
8A0C
8A0C
924E
924E
9250
9290
9A90
9AD2
9B14
A314
9B14
9B14
9B16
9B56
92D2
9312
9B14
A354
9B14
9B12
9B14
9AD2
9290
9290
8A4E
824C
824C
8A4E
8A4E
824C
824C
824C
820C
820C
824C
824C
7A0A
7A0A
7A0C
820C
820C
7A0C
7A0A
7A0A
7A0C
7A0C
7A0C
7A0C
7A0C
824C
820E
820C
7A0C
7A0C
7A0C
824C
824E
8A8E
8A8E
824C
7A0C
71CA
720A
69CA
6188
6188
6188
6188
6188
6188
618A
618A
5988
5148
5148
4946
4948
4948
5148
598A
61CC
59CC
598A
5148
4906
48C4
4904
4904
48C4
4902
5104
5904
5944
6144
6146
6146
6146
6146
6946
6988
6988
6988
6988
7188
71CA
79CA
79CA
79CA
7A0C
7A0C
7A0C
7A0C
7A4C
7A4E
824E
824E
828E
828E
8AD0
8AD2
92D2
92D2
92D2
92D2
92D2
92D0
8A90
8A90
8A90
8A92
92D2
92D2
8AD2
8A90
824E
8290
8AD0
8A90
824E
8290
8290
8290
8290
8290
8290
8290
8290
8250
8250
8250
8290
8290
8290
7A4E
7A4E
7A4E
7A4E
724E
720C
720C
720C
720C
720C
720C
720C
720C
69CA
69CA
71CC
720C
720C
720C
720C
720C
71CC
720C
720C
720C
720C
69CC
69CC
69CA
61CA
61CA
61CA
61CA
61CA
61CA
598A
598A
59CA
59CA
61CC
59CC
598A
598A
598A
598A
FFFE
FFFE
FFFE
FFFE
FFFE
FFFE
FFFE
FFFE
FFFC
FFFC
FF7A
8B9A
518A
7292
518A
4148
30C4
3106
28C6
28C4
28C4
28C6
20C4
20C2
1882
1882
1882
1882
20C2
3104
4188
520C
624E
6A8E
6A4E
6A4E
6A4E
724E
720E
720C
6A0C
69CA
61CA
69CA
7A0C
7A4E
824C
820C
820C
820C
8A4C
820C
8A0C
8A4C
820A
79C8
8A0C
8A0C
8A0C
924E
924E
924E
924E
924E
9250
9290
9AD4
A316
A356
A358
A398
A398
9B56
9B56
AB98
AB98
9B14
92D2
92D2
9290
9290
92D2
9290
824E
824E
8A8E
8A90
824E
824C
824C
824C
824C
824C
824C
7A0C
7A0A
820C
820C
820C
820C
7A0A
79CA
7A0A
7A0C
79CA
79CA
820C
820C
820C
820C
820C
7A0A
7A0C
824C
8A4E
8A8E
8A4E
824C
7A0A
71C8
71CA
69C8
6988
6188
6188
6188
6988
618A
618A
618A
598A
5948
5148
5148
4948
4948
4948
598A
61CC
61CC
59CC
598A
5148
5106
4906
4904
48C4
48C2
5102
5104
5944
6146
6146
6104
6104
6146
6946
6988
6988
6988
6988
7188
71CA
71CA
71CA
71CA
71CA
79CA
7A0C
824C
824C
7A0C
7A4C
824E
828E
7A4E
828E
8290
8AD0
8AD2
8AD0
8A90
8A90
8A90
8A90
824E
824E
8A90
8A92
92D2
8A90
8290
8290
8290
8A90
8290
824E
8290
8A90
824E
8290
8250
8250
8250
8250
8250
8250
8250
8290
8290
8290
7A90
7A4E
7A4E
7A4E
720C
720C
720C
720C
720C
720C
720C
720C
720C
720C
69CA
71CC
720C
720C
720C
720C
7A4E
720C
720C
720E
720E
720E
720C
6A0C
6A0C
69CA
61CA
61CA
61CA
61CA
61CA
598A
598A
59CA
61CC
61CC
61CC
59CA
598A
598A
598A
FFFE
FFFE
FFFE
FFFE
FFFE
FFFE
FFFE
FFFE
FFFE
FFBC
EEF4
72D4
620E
6A50
4948
3906
3106
2906
2084
1882
20C4
20C4
1882
20C4
1082
1080
1882
2904
418A
5A4E
6290
6AD0
6A90
7290
7290
724E
724E
724E
720C
6188
69CA
61C8
69C8
71CA
7A0C
820C
820C
7A0A
820C
820C
820C
8A0C
8A4C
820A
81CA
81CA
81CA
8A4E
924E
924E
9290
9AD2
9A90
9AD2
9292
9AD2
9B14
A356
AB98
A398
A398
ABDA
ABDA
ABDA
B41C
ABDA
9B56
9B16
9B14
92D2
9AD4
9292
92D2
92D2
8A90
8A8E
8A90
8A90
824E
824E
8A8E
828E
824E
824C
824C
824C
7A0C
824C
824C
820C
7A0A
7A0A
7A0A
79CA
71CA
79CA
7A0A
824C
824C
820C
79CA
7A0A
79CA
820C
8A4E
8A4E
8A4E
824C
7A0A
71C8
71C8
6988
6186
6186
6988
6988
6188
6148
6148
5948
5948
5148
5106
4906
4906
4906
4906
598A
59CC
598A
61CC
61CC
598A
5146
5106
4904
48C4
5104
5104
5944
5944
5944
6144
5904
5904
6146
6946
6988
6946
6146
6988
6988
71CA
71CA
79CA
79CA
79CA
79CA
7A0C
7A0C
7A0C
7A0C
7A0C
7A4C
824E
828E
828E
8A90
8AD0
8AD2
8A90
8A90
8A90
8A90
824E
824E
8A50
8A90
92D2
92D2
8A90
8A90
8290
8A90
8A90
8A90
8A90
8A90
8290
7A4E
7A4E
7A4E
7A4E
7A4E
7A4E
824E
8250
8290
7A4E
7A4E
7A4E
8290
7A4E
7A4E
8290
720C
7A4E
7A4E
7A4E
7A4E
7A4E
720C
720C
7A4E
7A0E
7A4E
7A4E
7A4E
720C
720C
720C
720C
7A0E
720C
69CC
720C
720E
720C
720C
720C
6A0C
61C8
6188
61CA
69CA
61CA
618A
598A
59CA
598A
61CC
61CC
59CC
61CC
61CC
598C
FFFE
FFFE
FFFE
FFFE
FFFE
FFFE
FFFE
FFFE
FFFE
FFFC
E672
72D4
620E
620E
4148
3946
28C4
28C4
20C4
20C4
2906
20C4
20C4
20C4
2104
2946
398A
4A0E
5A90
62D2
6AD2
6A90
6A90
728E
724E
724E
720C
720C
69CA
6188
6186
6186
6188
6988
71CA
79CA
79CA
79CA
820C
820A
820A
820C
820A
81CA
81C8
81C8
81CA
8A4C
924E
928E
9AD0
9AD0
9290
9AD2
9AD4
9B16
A356
AB98
AB9A
AB9A
ABDA
ABDC
ABDC
ABDC
B41E
B41E
B3DC
ABDA
A358
92D4
9B16
92D4
9B14
9B14
8AD2
8A90
8A90
8AD2
8A90
8A8E
8A90
8A8E
824E
824E
824C
824C
824C
824E
824E
820C
7A0A
7A0A
7A0A
79CA
79CA
79CA
7A0A
820C
824C
820C
7A0A
820A
820C
820C
820C
820C
820A
820A
7A0A
71C8
71C8
6988
6986
6186
6986
6988
6988
6148
5946
5946
5948
5948
5146
4906
4104
4906
4946
518A
518A
598A
61CC
61CE
598A
5106
5106
5106
5104
5104
5104
5104
5944
5944
5904
5904
5904
6146
6146
6946
6146
6146
6146
6946
6988
71CA
79CA
7A0C
7A0C
7A0C
71CA
7A0A
7A0C
7A0C
7A0C
7A0C
7A4C
7A4E
828E
8290
8A90
8AD0
8A90
8A90
8A90
8A90
8A90
8A90
8A90
8A90
8A92
8A92
8A90
8A90
8290
8A90
8A90
8A90
8A90
8290
824E
7A0C
7A4E
7A4E
7A4E
824E
824E
8250
8290
8290
7A4E
7A4E
7A4E
8290
7A4E
724E
7A4E
720C
7A4E
7A4E
7A0E
7A0E
7A4E
720C
69CC
720C
7A4E
7A4E
7A4E
720E
720C
69CC
71CC
720C
720C
720C
71CC
720C
720E
720E
720C
720C
6A0C
61CA
6188
61CA
6A0C
61CA
618A
5988
59CA
598A
61CC
620C
61CC
61CC
61CC
598C
FFFE
FFFE
FFFE
FFFE
FFFE
FFFE
FFFE
FFFE
FFFE
FFBC
CDAC
72D4
6250
51CC
4148
3106
20C4
20C4
2104
2946
3948
3148
3148
3988
41CC
520E
62D2
7316
7316
7314
72D2
7290
7290
724E
6A0C
720C
720C
69CA
6188
6188
5946
6146
6186
6988
7188
71C8
79CA
79CA
81CA
79CA
81CA
81CA
81CA
81C8
81C8
820A
820A
8A4C
8A4C
928E
9AD0
9AD0
9A92
9AD2
9AD4
9AD4
AB98
B3DC
A398
A39A
B41E
B41E
B41E
B41E
B41E
BC60
BC1E
BC1E
AB9A
9B16
A358
9B14
9B14
9B14
92D2
8A90
8A92
8AD2
92D2
8AD2
8AD2
8A90
8A90
828E
824E
824C
828E
8A8E
828E
824C
7A0C
7A0A
7A0A
7A0A
820C
79CA
81CA
820C
8A0C
820C
820C
820C
820C
820C
820A
79CA
79CA
79CA
79C8
79C8
7186
6986
6946
6946
6986
6988
6148
6146
5906
5906
5948
5948
5148
4906
40C4
40C4
4948
5188
5148
518A
61CC
6A0E
598A
5106
5106
5106
5106
5104
5104
5104
5944
5944
5904
5904
5906
5946
6146
6146
6146
6146
6146
6146
6948
6988
71CA
71CA
79CC
7A0C
71CA
71CA
7A0A
7A0C
7A0C
7A4C
7A4C
7A4C
828E
828E
8A90
8AD0
8A90
8A90
8A90
8A90
92D2
92D2
9292
9292
9292
8A90
8A90
8A90
8A90
92D2
92D2
8AD2
8A90
8290
7A4E
7A0C
7A0E
7A4E
8250
8250
8250
8250
8290
8290
7A4E
7A0E
720C
7A4E
7A4E
720C
7A4E
724E
7A4E
7A4E
7A0E
720E
7A4E
720C
69CA
71CC
720C
7A0E
7A4E
720C
71CC
69CA
720C
720C
720C
720C
71CC
720C
720E
720E
720C
720C
6A0C
69CA
61C8
69CA
69CA
61CA
618A
5988
598A
598A
61CC
61CC
61CC
61CC
61CC
59CC
FFFE
FFFE
FFFE
FFFE
FFFE
FFFE
FFFE
FFFE
FFFE
FF7A
ACA4
7294
6A50
498A
3946
2904
3148
3148
318A
41CC
4A0E
4A0E
520E
5A50
6AD4
6B16
7316
7B16
7B14
72D2
7290
724E
724E
6A0C
69CA
69CA
69CA
6188
5988
6188
6146
6186
6988
6988
7188
7188
79CA
79CA
81CA
79CA
79CA
81CA
81CA
79C8
81C8
820A
8A4C
8A4C
8A4C
924E
9A90
9A90
9AD2
A316
9AD4
92D4
AB9A
B3DC
A358
A39A
BC60
C4A2
B41E
B41E
BC20
B3DE
AB9C
AB9A
AB9A
A358
A358
9B14
9AD4
9B16
9B16
92D2
8AD2
92D2
9314
92D2
92D2
92D2
92D2
92D0
8A90
8A90
8A90
8AD0
8A90
8A8E
824C
824C
824C
824C
824C
81CA
79CA
820C
820C
820C
820C
820C
820C
820A
79CA
79CA
79CA
79CA
79C8
7188
7186
6986
6986
6946
6946
6986
6146
6146
5906
5906
5946
5148
5146
4904
40C4
40C4
4946
4948
5148
518A
61CC
61CC
618A
5148
5148
5946
5946
5106
5104
5104
5144
5946
5904
5944
5946
5946
5946
5946
5946
6146
6148
6146
6146
6948
6988
6988
718A
71CA
71CA
71CA
7A0A
7A0C
824C
824E
824E
824E
828E
828E
8A90
8A90
9290
9290
8A90
8A90
9292
9292
9292
9292
9292
8A90
8A90
8A90
92D2
92D2
9314
92D2
8A90
8290
824E
7A4E
7A0E
824E
8290
8A90
8290
8290
8290
8290
7A4E
720C
720C
7A4E
7A4E
720C
720C
7A4E
8290
8290
7A0E
720C
7A4E
7A4E
720C
720C
69CA
720C
720C
720C
720C
720C
720C
7A0E
720C
720C
71CC
71CC
720C
720E
720C
720C
720C
69CA
61C8
69CA
69CA
61CA
618A
598A
59CA
59CA
59CC
61CC
61CC
61CC
61CC
61CC
FFFE
FFFE
FFFE
FFFE
FFFE
FFFE
FFFE
FFFE
FFFE
F738
93DE
6A92
5A10
4148
4188
39CA
5250
4A4E
5290
5AD2
62D4
62D4
6B14
7356
839A
8358
7B16
72D2
7290
7250
724E
720E
6A0C
6188
6188
69CA
61CA
5986
5146
5986
5944
6186
6986
6988
6988
7188
718A
79CA
79CA
79CA
79CA
79CA
79C8
79C8
81CA
8A0A
8A4C
8A4C
8A4C
928E
9A90
9A90
A2D2
AB56
A316
A316
B39A
B3DC
A35A
B3DE
CCA2
C462
AB9C
B3DC
BBDE
AB9C
9B16
9B16
AB5A
B39A
AB58
9B16
9AD4
A316
AB58
A356
9B14
9B14
9B14
92D4
92D4
92D4
9AD4
9B14
92D4
92D2
92D2
92D2
92D0
92D0
8A90
8A8E
8A90
8A90
8A4E
820C
81CA
820C
820C
820C
820C
820C
820C
820C
79CA
79CA
79CA
79C8
79C8
79C8
7186
6986
6986
6946
6946
6946
6146
6146
5946
5906
5106
5146
5106
4904
40C4
40C4
4106
4948
518A
59CC
59CC
61CC
618C
598A
5948
5948
5948
5146
5104
5104
5144
5944
5104
5944
5946
5946
5904
5904
5946
6146
6188
6146
6146
6146
6146
6146
6988
6988
71CA
71CA
7A0A
7A0C
824E
828E
828E
828E
828E
828E
8A90
8A90
92D0
92D0
92D0
9290
8A4E
8A90
8A90
92D2
92D2
92D2
9292
8A90
92D2
92D2
92D2
8A90
8290
8290
824E
824E
7A4E
8250
8A90
8A92
8A92
8290
8250
7A4E
7A4E
720C
720C
7A4E
7A4E
720C
6A0C
7A4E
8290
8250
720C
720C
7A4E
7A4E
720C
720C
69CA
71CC
720C
720E
720C
720C
720C
720C
7A0E
720C
69CC
69CC
69CC
720E
720E
720C
720C
69CA
61C8
61C8
61CA
69CA
69CC
61CA
61CC
59CA
598A
598A
61CC
61CC
61CC
61CC
FFFE
FFFE
FFFE
FFFE
FFFE
FFFE
FFFE
FFFE
FFFE
DE72
835A
6A92
51CE
418A
4A0C
5AD2
6314
6314
6B56
7398
7B98
839A
8BDA
8BDA
8B9A
8358
7AD4
7290
7250
724E
720C
69CC
69CA
6188
6188
61CA
6188
5146
5146
5986
5944
6144
6946
6986
6986
6986
7188
7188
798A
798A
798A
79CA
7988
79C8
81CA
8A0A
8A4C
8A4C
924C
928E
9AD0
9AD2
9AD2
A316
AB16
AB58
B39A
A358
9B18
B3DE
BC20
AB5A
9AD6
A318
B39C
AB58
9294
9294
AB18
B35A
A316
9AD2
9290
92D2
9B14
9B14
92D2
92D2
92D4
92D4
92D4
92D4
9B14
9B14
9B16
9B14
9B14
9B12
9B12
9312
92D2
92D0
92D0
92D2
9290
820C
820C
8A0C
820C
820C
820C
820C
8A4E
820C
79CA
79C8
79C8
7988
79C8
7A0A
7186
6986
6986
6986
6946
6946
6146
6146
6146
5906
5106
5106
4906
4104
40C4
4104
38C4
4146
59CC
61CE
59CC
598C
618C
618C
594A
5948
5948
5946
5146
5144
5144
5944
5104
5144
5944
5944
5904
5944
5946
6146
6146
6146
6146
6146
6146
6146
6948
6988
7188
7188
71CA
7A0A
7A0C
824C
824E
824E
824E
828E
8A8E
8A90
9290
92D0
92D0
92D0
824E
8A4E
8A90
92D2
92D2
92D2
92D2
9292
8A90
8A92
8A90
8A90
824E
8290
8290
824E
824E
8250
8290
8A92
8A92
8290
8250
7A4E
7A4E
7A4E
7A4E
7A4E
7A4E
720C
6A0C
724E
7A4E
7A4E
720C
69CA
7A0E
7A4E
720C
720C
69CC
720C
720E
7A4E
720E
720C
69CC
69CA
7A0E
720C
720C
69CC
69CC
720E
720E
720C
720C
69CA
69CA
61C8
61CA
69CA
69CC
69CC
61CC
61CC
598A
598A
598A
61CC
61CC
61CC
FFFE
FFFE
FFFE
FFFE
FFFE
FFFE
FFFE
FFFE
FFBE
BD6A
72D8
7294
5A10
5A50
62D2
7BD8
6B98
7398
7BDA
841C
83DC
941C
941C
8B9A
8316
82D6
7A92
7250
720E
720E
720C
71CC
6988
6988
69CA
61CA
5988
5146
4946
5186
5944
6144
6146
6146
6946
6948
7148
7188
718A
7188
7988
7988
7988
7988
79C8
820A
8A0A
924C
924C
924C
9A90
9AD2
9AD2
A2D4
A316
B35A
AB5A
A316
9AD6
A318
9B18
9294
8A52
9A94
A2D6
9AD4
9252
9252
9AD4
A2D4
9250
9250
8A0E
820C
8A4E
8A90
8A90
9290
9292
9292
92D2
92D4
9AD4
9B14
9B16
A316
A314
9B14
9B14
9B14
9B12
92D2
92D0
92D2
9AD2
8A4E
8A4E
8A4E
820C
820C
8A0C
820C
8A4C
820C
820A
79CA
79C8
7188
79C8
7A0A
7186
6986
6986
6986
6986
6946
6946
6186
6146
5106
5104
5106
4906
4104
40C4
4104
38C4
4106
59CC
620E
61CC
598C
61CC
618C
618A
598A
5948
5946
5946
5946
5144
5144
5104
5144
5144
5144
5944
5946
5946
5946
6186
6146
6146
6146
6146
6188
6988
6988
6988
7188
71CA
71CA
71CA
7A0A
7A0C
7A4C
7A4C
7A4C
824E
828E
8A90
9290
9290
9290
824E
8A90
9292
92D2
92D2
92D2
92D2
92D2
8A90
8A90
8A90
8A90
8290
8A90
8A90
8290
8290
8250
8250
8290
8A90
8A90
8290
7A4E
7A4E
7A4E
7A4E
7A4E
7A4E
7A4E
6A0C
724E
7A4E
7A4E
720C
71CC
7A4E
7A4E
720C
69CC
720C
720E
720E
7A0E
7A0E
720C
69CC
69CA
720C
720C
720C
69CC
720C
720E
720E
720C
69CC
720C
69CA
69CA
69CA
69CA
69CC
61CA
6A0E
620C
598A
598A
61CC
61CC
61CC
61CC
FFFE
FFFE
FFFE
FFFE
FFFE
FFFE
FFFE
FFFE
FFBC
A4A4
6A94
72D6
6A94
7316
7356
841C
7C1C
841C
8C5E
945E
8C1C
941C
8B9A
7AD4
7AD4
7A92
7A50
720E
720C
71CC
71CC
71CC
6988
69CA
6A0C
6A0A
5988
5146
4946
5186
5944
6144
6146
6946
6988
6988
7188
7188
7148
7148
7188
7988
7188
7188
79C8
820A
820A
924C
8A4C
8A4C
924E
9A90
9A92
A2D4
A2D4
B358
B39A
AB18
9AD6
9294
8A94
9294
9252
9250
9252
9250
8A10
9250
9250
8A10
8A0E
9250
8A0E
79CA
79CA
820C
824E
9290
9290
9292
9292
9292
9AD4
9AD4
9B14
A316
A316
9B14
9B14
A316
9B14
92D2
92D0
92D2
9AD2
8A50
9290
9290
820C
820C
8A4E
820C
820C
820C
820C
820C
79CA
7188
7188
79C8
7186
6986
7186
6986
6986
6946
6986
6188
6146
5106
5104
5106
4906
4904
4104
4104
38C4
4106
59CC
620E
61CC
61CC
61CC
618A
618A
6188
5948
5946
5946
5146
5146
5144
5144
5144
5144
5144
5144
5946
5946
6146
6188
6188
6188
6188
6188
6188
6988
6988
71CA
79CA
79CA
79CA
71CA
71CA
7A0A
7A4C
7A0C
7A0C
7A4C
824E
8A8E
8A90
8A90
8A90
8A90
9292
92D2
92D2
92D2
92D2
92D2
92D2
92D2
92D2
92D2
8A90
8AD2
92D2
8AD2
8A90
8290
8250
7A4E
824E
8290
8A90
8290
8290
7A4E
7A4E
8290
7A4E
7A4E
7A4E
720C
720E
7A4E
7A50
7A4E
720E
7A50
7A50
720E
69CC
720C
720C
720C
720E
7A0E
720E
720C
69CC
720C
720C
720C
720C
720C
720E
720E
69CC
69CC
720C
720C
69CA
69CA
69CC
69CA
618A
6A0E
6A0E
61CA
598A
61CC
61CC
61CC
61CC
FFFE
FFFE
FFFE
FFFE
FFFE
FFFE
FFFE
FFBE
EEB4
93DE
7B58
8358
8BDE
941E
941E
941E
9C60
9CA0
9C60
93DC
8B58
8314
8314
7AD2
7AD2
7A90
7A4E
7A4E
79CC
71CA
71CA
6988
6146
6188
69CA
61CA
5988
5148
5146
5146
5104
5946
5946
5946
6146
6948
6948
6948
6948
6948
7148
7148
7188
7188
820C
8A4C
824C
8A4C
8A4C
8A4E
8A4E
924E
9A92
A2D4
A2D4
A2D4
A316
AB18
A2D6
9292
8A50
8A10
89CE
8A0C
8A0E
8A0E
9250
9250
8A10
81CE
820E
8A4E
824E
7A0C
79CA
7A4C
8A90
92D2
9292
9292
9292
9292
9292
92D2
92D4
9AD4
9B14
92D4
92D2
92D4
9B14
9B16
9B16
9B14
9AD4
9292
9290
8A90
8A50
8A50
8A4E
8A50
820C
79CA
79CC
824C
820C
79CA
7188
79CA
7188
6986
7188
7188
6946
6146
6948
6148
6146
5946
5946
5106
4906
4104
40C4
38C4
38C4
4948
59CC
620E
6A0E
61CC
618A
618A
618A
6188
5946
5946
5146
5146
5146
5146
5146
5146
5144
5146
5146
5946
5946
5946
6148
6148
6148
6146
6146
6148
6988
6988
7188
7188
7188
71C8
71C8
79CA
7A0A
7A0A
7A0A
7A0A
7A0C
824C
824E
824E
824E
8A90
8A90
8A90
92D2
92D2
92D2
92D2
8A92
8A90
92D2
92D2
9292
92D2
92D2
9292
8A92
8A92
8A90
8290
824E
824E
828E
828E
7A4E
7A4E
8290
724E
69CC
69CC
720E
7A4E
720C
69CC
7A4E
720E
720E
720E
7A4E
8292
8292
69CC
720C
71CC
69CC
69CC
71CC
720E
720E
71CC
720C
720C
720C
724E
7A4E
720E
720C
69CC
69CC
69CC
720C
720C
69CC
69CC
69CC
618A
69CC
61CC
61CC
61CC
61CC
61CC
61CA
598A
FFFE
FFFE
FFFE
FFFE
FFFE
FFFE
FFFE
FFBC
D5EE
8BDC
8B9A
8BDC
9C20
9C60
9C60
9C60
941E
9C1E
93DC
8B58
8314
82D2
8292
7A90
7A90
724E
7A4C
7A0C
71CA
718A
71C8
6988
6188
61C8
61CA
59CA
5188
5146
5148
5148
5104
5946
5946
5946
5946
6148
6948
6148
6948
6948
6948
6948
7188
7188
7A0A
820C
820C
824C
824C
824C
8A4E
924E
9AD2
A314
9AD4
9AD4
A2D4
A2D6
9A94
9252
8A10
8A0E
81CC
89CC
8A0C
8A0E
9250
9250
8A50
820E
8A4E
824E
820E
7A0C
71CA
720A
7A4C
8A8E
8A90
9290
9290
8A50
8A50
8A90
9292
92D4
9292
9292
8A92
9292
92D4
92D4
92D4
92D4
9B14
92D2
9292
9290
8A90
8A50
8A50
8A50
820E
820C
820C
820C
820C
79CA
7188
718A
6948
6946
6948
6948
6946
6948
6988
6988
6148
5948
5946
5106
4904
4104
4104
40C4
38C6
4948
518A
61CC
6A0E
618A
618A
69CA
69CA
6188
5948
5946
5946
5146
5146
5146
5146
4944
4944
4944
5146
5146
5946
5946
5946
6146
6146
6146
6146
6148
6988
718A
718A
798A
7988
7188
7188
71C8
79CA
7A0A
7A0A
7A0A
7A0C
824C
824E
824E
824E
8A90
8290
8290
8A90
8AD2
8AD2
8AD2
8A92
8A92
9292
92D2
92D4
92D2
8A92
8A90
8A92
8A92
8A92
8290
824E
8290
8290
824E
7A4E
7A4E
7A90
724E
720C
720C
720C
724E
720C
720C
7A4E
720E
720E
720E
7A0E
8290
7A50
69CA
71CC
720C
71CC
69CC
69CC
71CC
71CC
69CC
720E
720C
720C
720C
720C
720C
6A0C
69CC
720C
720C
720C
69CC
69CC
69CC
720C
69CC
69CC
61CC
61CA
61CA
61CA
61CA
61CA
598A
FFFE
FFFE
FFFE
FFFE
FFBE
FFFE
FFFE
FF7A
BD28
93DC
9C1E
9C20
A462
A462
9C60
9C60
8B9A
8B9A
8B58
8316
82D2
7A90
7A50
7A4E
720C
720C
720C
7A0C
71CA
7188
71CA
6988
6188
61C8
61CA
59C8
5148
4906
4906
5106
5104
5104
5104
5104
5906
6106
6146
6146
6106
6948
6948
6988
6988
7188
79CA
820C
7A0C
820C
820C
820C
8A0C
924E
9A92
A2D4
9AD4
9A92
9A92
9A92
9292
8A50
8210
820E
798A
81CA
81CC
820C
8A4E
9290
9292
9250
8A4E
820E
79CC
79CA
71CA
71C8
71CA
7A0C
8A4E
8A4E
8A4E
8A0E
820E
820E
8A50
9292
9292
9292
9292
92D2
92D2
9AD4
9AD4
9AD4
A316
92D4
8A92
8A90
8A90
8A90
8A50
8A50
8A4E
824E
820C
820C
7A0C
79CA
79CA
7188
7148
6946
6946
6946
6106
6146
6948
6948
6148
5948
5106
4906
4904
4104
4104
4106
40C6
4106
514A
61CC
61CC
598A
618A
69CC
69CC
618A
6188
5948
5948
5946
5146
4944
5146
4944
4904
4904
5144
5144
5104
5104
5946
5946
5946
6146
6146
6148
6988
71CA
79CA
79CA
7188
7188
7188
7188
79C8
79CA
79CA
7A0A
7A0C
820C
824C
824E
8A90
8A90
824E
824E
8290
8A90
8AD2
8A90
8A92
8AD2
8AD2
92D4
92D4
92D2
8A90
8A50
8A92
8A92
8AD2
8290
8250
8290
8290
824E
7A4E
7A0E
7A4E
7A4E
720C
720C
720C
720E
720E
720E
7A50
7A4E
7A50
7A50
7A50
7A50
7A0E
69CA
69CC
720E
720E
69CC
698A
69CC
69CC
69CA
720E
720C
720C
720C
720C
720C
720C
720C
720E
720C
720C
69CC
69CA
69CC
720E
6A0C
69CC
61CC
61CA
618A
61CA
61CA
59CA
598A
F7BE
FFFE
FFFE
FFFE
FFBE
FFFE
FFBE
EEB6
B4E6
9C20
AC62
A420
9C20
9C1E
93DE
939C
8318
8316
8B16
82D4
82D2
8290
7A4E
7A0E
720C
71CA
71CA
71CA
7188
7188
71C8
6988
69CA
61CA
59C8
5188
4946
4904
4906
4906
5104
5104
5104
5104
5104
5904
5906
6106
6106
6948
6988
7188
7188
7188
79CA
7A0A
7A0A
820C
820C
820C
8A0C
8A4E
9290
9A92
9A92
9A92
9252
9250
9250
8A10
820E
81CE
81CC
81CC
81CC
81CC
8A0E
9250
9290
8A50
820E
79CC
79CA
71CA
7188
7188
71CA
71CA
7A0C
820C
820E
820C
79CC
81CC
820E
8A50
8A50
9290
9292
9292
9292
9AD2
9AD4
9AD4
9B14
9292
8A50
8A50
8A90
8A50
8A50
8A50
8A50
8A4E
820C
79CC
79CA
7A0A
79CA
7188
7188
6946
6946
6946
6106
6106
6948
6146
6148
5948
5106
4906
4904
4104
4104
4104
40C6
4106
4948
61CC
61CC
5988
618A
720C
69CA
6188
6188
6188
6188
5988
5948
5146
5146
4944
4944
4944
5144
5144
5104
5104
5946
5946
5946
5946
6146
6148
6988
718A
718A
718A
718A
7188
7188
7188
79CA
79CA
71C8
7A0A
7A0C
7A0C
820C
824E
8A90
8A8E
824E
7A4E
824E
8AD2
92D2
8AD2
8AD2
92D2
92D4
92D4
92D2
8A92
8A90
8A90
8A92
8A92
8AD2
8290
8250
8A90
8A90
8250
7A4E
7A4E
7A4E
7A4E
720C
720C
720C
720C
720E
7A4E
7A50
7A50
7A50
8250
8250
7A50
7A0E
71CC
69CC
720E
720C
69CC
69CA
69CC
69CC
698A
71CC
720C
71CC
6A0C
69CC
720C
720C
720E
720E
720C
720C
720C
69CC
6A0C
720E
6A0C
6A0C
61CC
61CA
618A
618A
61CA
61CA
61CA
FFFE
FFFE
FFFE
FFFE
FFFE
FFFE
F73A
D5F0
B4E6
AC62
A420
93DC
93DC
8B9A
8B58
8316
7AD4
82D4
8292
8292
8290
824E
824E
7A0E
71CC
71CA
79CC
79CA
7188
6988
69CA
61C8
69CA
61CA
5988
5146
4946
4904
4906
4904
5104
4904
48C2
48C2
50C4
5104
5904
6106
6146
6948
6988
7188
7188
7188
71CA
79CA
79CA
79CA
820C
820C
8A4E
8A4E
924E
9250
9A92
9A90
9250
8A50
8A0E
8A0E
8A0E
820E
820E
820E
820E
820C
820E
824E
820C
79CA
79CA
79CA
71CA
7188
7188
718A
71CA
718A
7188
79CA
79CC
79CA
79CA
79CA
81CC
820C
820C
8A0E
8A4E
9250
8A4E
9250
9290
9290
9292
8A4E
820E
824E
824E
824E
8A4E
8A4E
8A50
8A4E
820C
79CA
79CA
79CA
79CA
7188
7188
6946
7146
7148
6946
6946
6146
5906
5906
5906
5106
4906
4906
4106
40C4
38C4
38C6
38C4
4948
61CC
61CC
5948
618A
69CC
698A
6188
5948
6188
618A
61CA
6188
5948
5146
5146
5146
5146
5146
5146
5104
5104
5946
5946
6148
6146
5946
6146
6148
6988
6988
7188
7188
71C8
71C8
71C8
79CA
79CA
71C8
7A0A
7A0C
7A0C
7A0C
824E
8A50
8250
824E
824E
8A90
92D2
92D2
92D2
92D4
9314
9314
92D2
8A92
8290
8A90
8A92
8AD2
8AD2
8A92
8290
8290
8A92
8A92
8290
7A50
8290
7A4E
7A4E
720E
720E
720C
720C
720C
7A4E
7A50
7A4E
7A4E
7A50
8250
7A50
7A0E
7A0E
71CC
720C
71CC
69CA
69CC
720E
720C
69CA
69CA
69CA
71CC
71CC
69CC
71CC
720C
720C
720C
69CC
720C
724E
720E
6A0C
6A0C
69CC
6A0E
620C
61CC
61CA
61CA
61CA
61CA
61CA
FFFE
FFFE
FFBE
FFFE
FFFE
FFBE
E674
C52A
B4A6
A422
9BDE
835A
8B5A
8358
8316
7A94
7A94
7A92
7A50
7A4E
7A0C
7A0C
7A0C
820C
79CA
71CA
79CC
79CC
7188
6988
69CA
69CA
620A
59CA
5188
4946
4946
4906
4904
48C4
4904
4902
48C2
48C2
48C4
5104
5904
5906
6146
6148
6988
6988
6988
7188
71C8
71CA
7188
71C8
79CA
820C
8A4E
8A4E
924E
924E
9A90
9250
9250
8A0E
8A0E
8A0E
820E
820E
79CC
79CC
820E
820E
820E
824E
7A0A
7188
7188
71CA
71C8
6988
6988
71CA
71CA
718A
6948
7188
71CA
71CA
718A
718A
718A
79CA
79CC
820C
820E
8A0E
8A0E
8A0E
8A0E
8A4E
820E
7A0C
7A0C
7A0C
820C
820C
820C
824E
8A4E
8A4E
820C
79CA
7988
79CA
7988
7188
6946
6946
6946
7146
6946
6946
6948
5906
5906
5106
5106
4906
4906
4104
38C4
38C4
38C4
38C4
4948
61CC
618A
5988
618A
69CC
6188
6148
5948
6188
618A
69CA
61CA
618A
5988
5146
5146
5146
5146
5146
5104
5104
5146
5946
6188
6148
5946
5946
6148
6988
6148
6948
7188
718A
71C8
79CA
79CA
7A0A
71C8
79CA
7A0A
7A0C
7A0C
824E
824E
8A90
8A90
8A90
8A90
8AD2
92D2
9314
9314
9B14
9314
92D2
8A90
8A90
8A92
92D2
92D4
8AD2
8A90
8A92
8A92
8A92
8290
8290
8290
8290
8250
7A4E
7A4E
7A4E
720E
720C
720C
7A4E
7A0E
720E
720C
7A0E
7A50
7A4E
720E
7A0E
69CC
720C
71CC
69CA
69CC
7A0E
7A0E
71CA
69CA
71CA
71CC
71CC
71CA
69CA
69CA
71CC
69CC
69CC
720E
7A4E
720E
6A0C
6A0C
61CC
6A0E
6A0C
61CC
61CC
61CA
61CA
61CA
61CA
FFFE
FFFE
FFFE
FFBE
FFBC
E6B4
C52A
B4A6
A462
9BE0
939C
8318
8B5A
8318
82D4
7A92
7A92
7A50
7A4E
7A0E
7A0C
71CA
79CA
79CA
79CA
718A
79CA
79CA
6988
6988
69CA
61CA
61CA
59C8
5188
4946
4946
4906
4906
48C4
4904
48C2
48C2
4904
4904
5104
5104
5946
5906
6146
6988
6988
6988
6988
6988
71C8
6986
7188
79CA
820C
8A4E
8A4E
8A4E
924E
9250
9250
924E
8A0C
81CC
81CC
820E
820E
79CC
79CC
79CC
79CC
820C
820C
820C
71CA
71C8
71C8
71C8
6988
6988
6988
6988
6988
6148
6948
6988
6988
6988
6988
6988
718A
79CA
79CC
79CC
820C
820C
820C
820C
820C
79CC
71CA
71CA
79CC
79CC
79CA
79CC
820C
820C
820C
81CA
79CA
7988
7188
7188
7188
6946
6904
6946
6946
6906
6146
6146
5906
5906
5106
4906
4906
40C6
40C4
38C4
38C4
38C4
40C4
5148
598C
598A
5988
618A
69CA
6188
6148
6148
6188
618A
69CA
69CA
61CA
5988
5946
5146
5146
5146
5104
4904
4904
5104
5946
6188
6188
5946
5946
6146
6148
6148
6948
6988
7188
71C8
71CA
79CA
7A0A
71C8
71C8
79CA
7A0C
820C
824C
824E
8A90
8A90
8A90
8A90
824E
8290
92D2
9314
9314
92D4
92D2
8AD2
8AD2
8AD2
8AD2
8AD2
8A92
8292
8AD4
8AD4
8292
8250
8290
8A92
8A92
8290
7A4E
7A4E
7A4E
7A4E
720C
720C
7A4E
720E
71CC
71CC
7A0E
8250
7A0E
720C
7A0E
69CA
720E
7A0E
69CC
69CA
720E
7A0E
720C
69CA
71CA
71CC
71CA
69CA
69CA
69CA
69CC
720C
69CC
720C
724E
6A0E
69CC
6A0C
61CC
6A0E
620C
620C
61CC
61CC
61CC
61CA
61CA
F7BC
FFFE
FFFE
FFBE
F6F8
C56C
A464
AC64
9BE0
9BDE
939C
8318
939A
8B18
82D4
7AD4
7A90
7A90
8290
824E
7A0C
71C8
7188
7188
7188
718A
79CA
79CA
6988
698A
69CA
69CA
61CA
59CA
5186
4946
4946
4906
4906
4904
4904
40C2
48C2
4904
5104
5104
5104
5946
5906
6146
6148
6148
6148
6986
6988
7188
7188
7188
79CA
820C
8A0C
8A0C
8A0E
8A0E
920E
9250
8A0E
81CC
81CC
81CC
820C
81CC
8A0E
820E
79CC
718A
71CA
79CA
79CA
71CA
71CA
69C8
69C8
69CA
6988
6148
5948
6188
5948
5948
5948
5948
6148
6148
6188
698A
698A
698A
718A
71CA
71CA
71CA
718A
718A
71CA
71CA
71CA
79CC
79CA
718A
79CA
820C
81CC
81CC
79CA
79CA
7188
7188
7188
7188
7146
6944
6946
6946
6104
6106
5906
58C4
5906
5106
4906
40C4
40C4
38C4
38C4
38C6
38C4
40C4
5148
598A
5988
598A
618A
69CA
6188
6148
6148
6188
618A
618A
69CA
69CA
5988
5946
5146
5146
5104
5104
4904
4904
4904
5146
5988
6188
5946
5946
6146
6148
6948
6988
6988
6988
7188
71C8
79CA
7A0A
71C8
71C8
71CA
7A0C
820C
7A0C
824E
8A90
8A90
8AD2
8290
7A0C
7A4E
8AD2
9314
9314
8AD2
92D4
9314
9314
92D4
8AD2
8292
8292
8A92
9314
9314
8292
7A50
8290
8A92
8AD2
8290
7A4E
7A4E
8250
7A4E
720C
720C
720C
7A0C
720C
71CC
7A4E
8292
7A4E
720C
7A0E
698A
7A0E
7A4E
71CC
698A
71CC
7A0E
720C
698A
71CA
71CA
71CA
698A
698A
71CA
720C
720E
69CC
6A0C
720E
69CC
69CC
6A0C
6A0C
6A0E
620C
61CC
61CC
620C
61CC
61CA
61CA
FFFE
FFFE
FFFE
EEB6
C56A
ACA4
A422
9BE0
939C
93DE
939C
8B58
82D6
7AD4
7AD2
7A92
724E
7A4E
7A4C
7A0C
7A0A
71CA
7188
7146
79CA
798A
79CA
718A
6148
6188
69CA
61CC
61CA
5188
4946
4946
4946
4906
4906
4904
48C2
4102
48C2
48C2
48C4
48C4
4904
48C4
5106
5946
6188
6188
6146
6144
6946
7188
7188
71C8
79CA
79CA
79CA
81CA
81CC
8A0C
8A0C
8A0C
8A0C
81CC
81CC
81CC
81CC
79CC
81CC
79CC
79CC
79CC
79CA
71CA
71CA
69C8
6988
6188
6188
6188
5988
5948
5148
5148
4906
4906
4906
4906
4906
5106
5108
5948
5948
5948
6148
618A
698A
698A
698A
698A
6988
6988
698A
71CA
71CA
718A
718A
798A
798A
798A
798A
7188
7148
7148
7146
6946
6946
6946
6104
6104
5904
5904
5904
5906
5106
48C4
40C4
38C4
40C4
40C6
38C6
38C4
40C4
4906
594A
598A
5948
5948
618A
69CC
618A
618A
618A
618A
618A
69CA
69CC
618A
618A
5988
5146
5146
5146
4904
4904
4904
5106
5106
5146
5946
5948
6148
6148
6146
6148
6948
6988
6988
6988
7188
7188
7188
71C8
71C8
7A0C
7A0C
7A0C
7A0C
824E
7A0E
824E
8A90
8A90
8A90
92D2
9B14
9314
92D2
9314
9314
9314
9314
8AD2
8AD2
8AD2
8AD4
8AD4
9316
9316
8AD4
8AD4
8AD2
8A92
8290
7A50
7A50
8290
8290
7A4E
69CA
69CA
69CA
71CC
720C
720C
7A0E
824E
8290
7A4E
71CA
698A
720C
720C
71CC
71CA
69CA
698A
71CC
698A
71CA
71CA
71CC
71CC
71CC
71CC
69CC
720E
720E
720C
6A0C
6A0C
6A0C
6A0C
6A0C
61CC
6A0E
6A0E
61CC
61CA
6A0C
69CC
618A
FFFE
FFFE
EEF6
CDAC
B4A6
A422
9B9E
935C
939C
939C
8B5A
82D6
7292
7292
7A92
7A90
724E
724E
7A0C
720A
71CA
71C8
7188
7188
798A
7188
718A
718A
6948
6188
69CA
61CC
61CA
5188
4946
4946
5146
4906
4906
4906
4102
4102
40C2
40C2
40C2
48C4
48C4
48C4
5106
5946
6148
6148
6146
6146
6948
6988
6988
7188
79CA
79CA
79CA
79CA
81CC
81CC
81CA
81CC
820C
81CC
81CA
81CC
81CC
81CC
79CC
79CC
820C
79CC
71CA
6988
6988
6188
61C8
61C8
5988
5988
5148
4946
4106
4106
3884
3884
3884
3884
3884
3884
40C4
40C4
40C6
4906
4906
5108
5948
594A
618A
618A
5948
6148
6188
698A
698A
6948
7148
718A
718A
798A
798A
7188
7148
7146
6948
6946
6946
6146
6104
5904
5904
5904
5904
5906
5106
4906
48C6
40C4
40C6
38C4
3084
3082
4106
4946
598A
598A
5988
598A
69CA
720C
618A
698A
71CC
69CC
698A
69CC
71CC
69CC
69CC
6188
5948
5948
5146
4904
4904
4904
4904
4904
5106
5946
5946
5948
6148
6148
6148
6148
6948
6988
6988
6988
6988
6988
6988
7188
7A0A
7A0C
7A0C
7A0C
820E
820E
824E
8A90
8AD2
92D2
92D2
92D2
92D2
8A92
8AD2
9314
9314
9314
9314
8AD2
8AD2
8AD4
8AD4
8AD4
8A94
8292
8AD4
92D4
8AD2
8290
7A50
7A4E
7A4E
7A4E
7A4E
720C
69CA
71CC
720C
7A0C
720C
720C
7A0C
7A0E
7A0E
7A0E
71CA
720C
7A0C
720C
71CC
69CA
698A
71CC
71CA
71CA
71CA
71CA
69CA
69CA
69CA
69CA
720C
720C
720C
6A0C
6A0C
6A0C
69CC
69CC
61CC
6A0E
6A0E
61CC
6A0C
6A0C
6A0C
69CC
FFFE
FF7A
D5EE
A462
A420
9BDE
8B5A
8B5A
8B5A
8358
7AD6
7292
6A50
7250
724E
724E
6A0C
720C
720C
720A
71CA
71C8
71C8
71C8
7188
7148
7188
6988
6988
698A
69CC
61CC
59CA
5148
4906
4906
4946
4906
4906
5106
4904
4104
40C4
40C4
40C4
40C4
40C4
40C4
4904
5106
5946
5946
6146
6146
6148
6988
6986
6988
7188
71C8
79CA
79CA
79CA
79CA
7988
81CA
81CA
79CA
79CA
81CA
820C
820C
798A
81CC
820E
79CC
6988
6148
6148
6188
6188
5988
5188
4948
4106
30C4
3082
2882
2042
2042
2042
2042
2842
2842
2842
2842
2840
2842
3042
3882
38C4
40C6
4906
4906
5106
5106
5946
6148
6148
6148
6948
6948
718A
718A
718A
7148
6948
6948
6948
6106
6146
6146
6146
5904
5904
5904
5104
5104
48C4
4906
4906
4106
38C4
3084
3082
3082
4906
5148
5948
598A
618A
61CA
69CC
720E
69CA
69CC
720E
720E
71CC
71CC
71CE
69CC
720C
61CA
5988
5948
5146
4904
4904
4904
4104
4904
4904
5106
5946
5946
6148
6146
6148
6148
6148
6988
6988
6988
6988
6988
6986
6988
79CA
7A0C
79CC
7A0C
820E
824E
824E
8A90
92D2
92D2
8AD2
8A90
8A92
8A90
8AD2
8AD4
9314
9314
9314
9314
8AD4
8AD4
8AD4
8292
8292
8292
8AD4
9316
8AD4
8290
8250
7A0E
720C
720C
7A0E
7A0C
720C
720C
7A0C
7A0C
7A0C
7A0C
71CC
71CC
7A0C
7A0E
720C
7A0C
7A0C
7A0C
71CC
698A
698A
71CC
71CA
71CA
71CA
698A
698A
698A
698A
698A
69CC
69CC
69CC
69CC
720C
720C
69CC
61CC
69CC
6A0E
6A0E
6A0C
6A0C
724E
724E
720C
FFBC
E672
B4A4
939C
939C
939C
8B1A
8B18
8318
82D6
7A92
7250
6A4E
6A4E
6A0C
6A0C
69CA
6A0A
720A
720A
71CA
71C8
7188
7188
7188
7188
6988
6988
6148
698A
69CC
61CA
598A
5146
4906
4906
4906
4906
5106
5106
4904
4904
4104
40C4
40C4
40C4
40C4
40C4
48C4
4906
5106
5948
6148
6148
6988
6988
6988
6988
7188
71C8
71C8
71C8
7988
7988
7988
79CA
81CA
79CA
79CA
7A0A
820C
820C
79CC
79CC
79CC
718A
6148
5946
5948
618A
5148
4948
4106
30C4
2882
2042
1840
1840
1800
1802
1842
1842
1842
2042
2042
2042
1800
1800
2000
2040
2840
2842
3082
3082
40C4
48C4
4906
5106
5906
5906
6106
6148
6148
6948
6948
6948
6948
6948
6146
5904
5946
5946
5946
5906
5104
5104
5104
5104
48C4
48C4
4106
40C4
3884
3084
3084
38C4
4908
5148
5948
618A
69CC
69CC
6A0C
724E
720E
720C
71CC
720C
71CE
720E
71CE
698C
720E
69CC
618A
5988
5146
4904
4904
4104
4104
4104
4904
4904
5106
5946
5946
5946
6146
6148
6148
6188
6988
6988
6988
6988
6986
6988
79CA
7A0C
79CC
7A0C
824E
824E
8A90
8A90
8A90
8A90
8A90
8A90
8A90
8A92
8AD2
8AD2
8AD2
8B14
8B14
8B14
9314
9316
82D4
8294
8AD4
92D6
8AD4
92D6
8AD4
8292
8292
7A4E
720C
720C
7A0E
7A4E
7A4C
720C
720C
71CC
720C
7A0E
7A0C
71CC
71CC
720C
7A0C
71CC
71CC
720C
71CC
6988
698A
720C
71CA
71CA
698A
6988
698A
698A
69CA
69CA
69CC
69CA
69CA
69CC
71CC
720C
69CC
69CC
69CC
6A0E
720E
720E
720E
720E
720C
6A0C
E672
BCE6
939C
8B18
935A
8B58
8B18
8316
7AD4
7A94
7292
7290
7250
724E
6A0C
6A0A
69CA
71CA
720A
720A
71CA
71C8
7188
7188
71CA
7188
6988
6988
6148
618A
69CC
598A
5948
4906
4906
4906
5106
5106
5106
5106
4906
4906
4904
40C4
40C4
40C4
40C4
40C4
40C4
4906
5106
5948
6148
6188
6988
6988
6988
6988
6988
7188
7188
7188
7188
7188
7988
79CA
81CA
79CA
79CA
7A0A
820C
7A0C
7A0C
79CA
71CA
6988
6188
6148
5948
5148
4106
38C4
2882
2040
1800
1000
1000
1000
1000
1000
1042
1842
1842
1842
1842
2042
1840
1840
1840
1840
2040
2040
2040
2840
3082
3882
40C4
40C4
4904
5106
5106
5906
5906
5906
6148
6146
6148
6188
5948
5104
5146
5146
5146
5146
5104
5104
4904
48C4
48C4
40C4
40C4
3882
3082
3082
38C4
4106
4948
5948
598A
69CC
720E
6A0E
6A0C
724E
7A50
720C
69CC
69CC
69CC
71CE
71CE
69CC
720E
720C
61CA
5988
5146
4906
4904
40C4
4104
4104
4904
4904
5106
5106
5106
5106
6146
6146
6148
6188
6988
6988
6988
6988
6988
6988
79CC
7A0C
79CC
79CC
824E
8250
8A90
8A90
8A90
8A90
8A90
8A90
8A90
8290
8AD2
8AD2
8AD4
8B14
8B14
8B14
8B14
8B14
8292
8AD4
9318
9B58
8AD4
8292
8AD2
8292
8AD4
8290
7A0E
720C
7A0E
7A4E
7A0C
71CA
720C
71CA
71CC
7A0C
7A0E
71CC
69CA
69CA
720C
69CA
698A
69CA
698A
6188
698A
7A0C
69CA
69CA
698A
6988
698A
698A
69CA
71CA
69CC
69CA
69CA
69CC
71CC
71CC
71CC
69CC
69CC
69CC
720E
720E
720E
69CC
61CA
618A
C528
9BDE
8B18
8B18
8B18
8B18
8B18
8316
7A92
7292
7250
7A90
7A50
724E
720C
6A0A
720A
720A
71CA
71C8
7188
71C8
71C8
71C8
71CA
71CA
71CA
6988
6188
618A
618A
5148
5108
4906
4906
4906
5106
4906
4906
4906
4906
4906
4106
40C4
40C4
40C4
40C4
40C4
40C4
48C6
5106
5948
5948
6148
698A
6988
6988
6986
6986
6988
7188
7188
7188
7188
79CA
79CA
79CA
79CA
79CA
7A0A
7A0A
79CA
71CA
71C8
6988
6988
698A
5988
4906
40C4
3082
2842
2040
1800
1000
1000
1000
1000
1000
1000
1002
1002
1042
1842
1842
1842
1040
1040
1800
1800
1840
1840
1840
2040
2882
30C2
38C4
38C4
40C4
40C4
48C4
48C4
48C4
5106
5106
5106
5946
5946
5946
5104
5104
5104
5104
5104
4904
4904
48C4
40C4
4904
40C4
38C2
3082
3082
30C4
4106
4948
5148
598A
61CC
6A0E
7A50
724E
720C
7A50
7A4E
720C
720E
720E
69CC
69CC
71CE
720E
720E
720E
69CC
598A
5948
5146
4904
40C4
4104
40C4
40C4
48C4
4904
5104
5106
5106
5946
5946
6146
6148
6188
6988
6988
6988
6988
6988
71CA
7A0C
71CC
79CC
820E
824E
8250
824E
8A90
92D2
92D2
92D2
8A90
8290
8AD2
9314
9356
9356
9314
8B14
82D2
82D4
8292
8294
9318
9358
8294
7A52
8292
8290
8AD2
8292
7A4E
7A0E
7A4E
7A4E
7A0C
71CA
720C
71CA
71CA
71CA
71CC
71CC
71CA
71CA
71CA
6988
6188
6988
6148
6148
698A
71CC
69CA
69CA
69CA
698A
6988
6988
698A
69CA
71CC
71CC
71CC
71CC
71CC
71CC
71CC
71CC
69CC
69CC
69CC
720E
720C
61CA
6188
5988
A3DE
8B18
8B18
9318
8B16
8B16
8B16
82D4
7A92
7250
7250
724E
7A4E
720C
720C
720C
7A4C
7A0A
71C8
6988
7188
7188
71CA
71CA
7188
71CA
71CC
71CA
698A
618A
618A
5106
5106
4906
4906
5106
5106
4906
4904
4906
4906
4106
40C4
40C4
38C4
38C4
38C4
3884
40C4
40C4
4906
5106
5908
5948
6148
6988
6988
6186
6146
6946
6986
6988
7188
7188
7188
7188
7188
7188
79CA
7A0A
7A0A
71C8
71C8
69C8
6988
6988
618A
5148
40C4
3042
2842
2042
1802
1000
1000
1000
1042
1042
1002
1002
1000
1002
1040
1042
1842
1842
1000
1000
1000
1840
1840
2082
28C2
28C2
3104
3946
4146
4146
4106
4106
4906
48C4
4904
5106
5106
4904
4904
4906
4906
4906
4906
4904
4904
4904
4904
48C4
40C4
40C2
40C4
38C2
3082
3082
38C2
4106
4148
4948
598A
69CC
6A0C
724E
8292
7A50
720E
8292
720E
720C
7A0E
7A50
720E
71CE
7A10
7A10
7A0E
720E
6A0C
61CA
5988
5188
4946
4104
40C2
40C4
40C4
48C4
48C4
5104
5106
5106
5906
5906
5946
6146
6146
6188
6988
6988
6988
6988
71CA
71CA
71CA
71CC
7A0C
7A0C
7A0C
7A0C
824E
92D2
92D2
8AD2
8A90
8290
8AD4
9316
9B58
9B98
9356
8B14
8AD4
8B14
8AD4
7A92
8AD4
9316
8AD4
8294
8292
7A50
8290
8250
824E
7A4E
7A4E
7A4E
720C
69CA
71CA
71CC
71CA
69CA
69CA
69CA
71CA
71CA
69CA
6188
6188
6188
6146
6148
698A
698A
6988
698A
69CA
698A
6188
6188
698A
69CA
69CA
71CC
720C
720C
71CC
71CC
71CC
71CC
69CC
69CC
69CC
720E
720C
69CA
618A
61CA
8318
82D6
82D6
8AD6
7A94
8294
82D4
7A92
7A50
724E
720C
720C
720C
720A
720A
7A4C
7A4C
7A0A
71C8
71C8
71C8
71C8
7188
6988
6988
71CA
720C
720C
69CA
69CA
6188
4906
5106
48C6
5106
5106
5106
4906
4906
4906
40C4
40C6
38C4
38C4
38C4
38C4
3884
3884
38C4
40C4
4906
4906
5106
5908
6148
698A
6188
6146
6146
6146
6946
6988
7188
7188
7188
7188
6988
6988
71C8
7A0A
79CA
71C8
71C8
69C8
6988
6188
5948
4906
3082
2800
2040
2042
1802
1842
1842
1842
1842
1842
1042
1042
1040
1000
1000
1040
1840
1840
1840
1840
1880
2082
28C4
3106
3946
4188
498A
51CA
51CC
498A
4988
4948
4948
4906
4906
4906
4906
40C4
40C4
4104
4906
4946
4906
4906
4904
4904
4104
40C4
40C4
40C4
3882
3080
3040
3082
40C4
4948
5148
5188
61CC
720C
720E
7A50
82D2
7A90
7A50
8AD4
720E
69CC
720E
8292
8250
8250
8250
7A50
7A0E
724E
720E
61CC
598A
5988
5146
4904
38C2
40C2
40C2
40C4
48C4
5106
5106
5106
5104
5104
5906
5946
6146
6146
6148
6986
6988
6988
71CA
71CA
718A
71CA
79CC
71CC
71CA
7A0C
824E
8A90
8AD2
8A90
8AD2
8AD2
9314
9356
9B98
9B58
9356
8B14
9316
9358
9318
7A92
7A92
8AD6
92D6
9316
8AD4
7A50
7A0E
7A4E
7A4E
7A4E
7A4E
7A0C
720C
69CA
6988
71CA
720C
71CA
698A
69CA
71CA
71CA
698A
6188
6988
6988
6146
6146
6988
6188
5946
6188
698A
6188
6188
6188
698A
71CC
69CA
71CC
7A0E
7A0E
720C
71CC
71CC
71CC
71CC
698A
69CA
720C
720C
69CA
69CA
6A0C
8B16
82D6
82D4
7292
7292
7A92
7A90
724E
724E
720C
720C
720A
71CA
71C8
71C8
71CA
720A
71CA
71C8
69C8
69C8
69C8
69CA
71CA
69CA
71CA
71CC
71CC
71CC
69CC
5948
5104
5106
48C4
5106
5106
4906
48C4
48C6
48C6
40C6
38C6
30C4
3082
2882
30C4
3082
2882
30C2
38C4
40C4
4906
5106
5948
5948
6148
6146
6146
6146
6146
6146
6146
6946
6988
7188
6988
6988
6986
6988
69C8
69C8
69C8
6988
69C8
61CA
5988
4904
3082
2840
2040
2082
2082
2082
2082
1882
1882
2082
2082
2082
2082
2082
2042
2040
2080
2080
2080
28C2
30C4
3104
3104
3946
4988
49CA
51CA
518A
59CC
620E
59CC
59CC
59CC
51CC
498A
4948
4948
4106
38C4
38C4
40C4
4106
40C6
4106
48C6
4106
40C6
4106
4104
38C4
38C4
3082
38C2
3882
40C4
5148
598A
598A
61CC
720E
7A0E
7A50
8292
8292
7A50
7A50
8292
720E
7250
7A50
7A50
7A50
7A50
7A50
8250
720E
7250
6A0E
69CC
6A0E
61CC
5188
5148
4906
4906
4104
40C4
40C4
40C4
48C4
5104
5104
5104
5104
5906
5946
6146
6146
6146
6988
698A
6988
6988
6988
7A0A
7A0C
7A0C
7A0C
824E
8A90
8A90
8A90
828E
8290
8AD0
8AD2
9314
8B14
8B14
8B14
8B16
9358
9B9A
A3DC
9B9A
8AD6
8292
8AD4
9316
9316
8A92
8290
7A0E
7A0E
8290
7A4E
7A4E
7A4E
71CA
6988
71CA
71CA
71CA
6988
6988
69CA
69CA
6188
6188
6188
6186
5946
5944
5946
5946
5946
5988
6188
5946
6188
69CA
69CA
69CA
6188
69CA
720C
720C
71CC
698A
698A
69CA
698A
71CC
71CC
69CC
69CC
720C
720C
69CC
7A94
7A94
7A92
7250
6A4E
6A0E
720E
720C
720C
720C
720A
720A
720A
71CA
71C8
71C8
71C8
71C8
71C8
69C8
69C8
69C8
69C8
69C8
71CA
71CA
71CC
720C
720C
69CA
5946
5104
5106
48C4
48C4
5106
48C6
48C4
48C6
40C6
38C4
30C4
2884
2082
2082
2882
2882
2080
2882
3082
38C2
40C4
4906
5106
5948
5948
5946
6146
6146
6146
6146
6146
6946
6988
7188
6988
6988
6988
6988
6988
69C8
6988
6188
6188
6188
5146
40C4
2882
2040
2040
2082
2084
2084
2082
2082
2082
28C4
28C4
30C4
30C2
30C2
30C2
30C4
30C4
38C4
3904
3904
4106
4146
4146
4948
51CA
5A0C
5A0C
518A
598C
59CC
59CC
59CC
59CE
59CC
518C
518A
498A
4148
3906
38C4
38C6
40C6
38C4
40C6
40C6
40C4
38C4
38C4
38C4
38C4
38C4
38C4
4106
4906
5148
598A
61CC
69CC
720E
7A50
7A50
7A50
7A50
8292
8292
8292
8AD4
7A50
7A50
720E
720E
7A4E
7A4E
7A0E
720E
720E
7250
6A0E
69CC
6A0E
61CC
5188
5188
4946
4906
40C4
40C4
40C4
4904
4906
4904
5104
5104
5104
5904
5946
5946
6146
6146
6988
6988
6988
6988
6988
71CA
7A0C
7A0A
7A0C
824E
8290
8A90
828E
824E
8290
8290
8AD2
9314
8B14
8B14
9358
9358
9358
8B18
9358
9B5A
9358
8AD4
8292
8292
8A94
8A92
8250
720C
7A0E
824E
7A0C
7A0C
7A4C
720A
6988
71CA
71CA
6988
6988
6988
69C8
69C8
6186
6186
6186
6146
6146
6146
6146
6186
5946
5946
6188
6188
6188
6188
69CA
61CA
6188
69CA
71CC
71CC
69CA
6988
698A
71CA
698A
71CA
69CA
69CA
69CC
69CC
69CC
69CC
7252
7250
7250
6A50
620E
61CC
61CA
69CC
69CA
71CA
720A
720A
720A
71CA
71C8
71CA
71C8
71C8
71C8
71C8
69C8
69C8
69C8
69C8
720C
71CC
720C
7A0E
7A0C
618A
5906
5104
48C4
48C2
48C4
4906
48C4
40C4
48C4
40C4
30C4
2882
2882
2040
2040
2082
2082
2082
2080
2880
3082
38C4
40C4
4906
5108
5148
5946
5946
5946
6146
6146
6146
6146
6948
6988
6988
6988
6988
6988
6988
6988
6988
6188
5988
5148
4904
3082
2840
2842
2882
2884
28C4
28C4
28C4
2882
2882
30C4
3906
4106
4106
4106
4106
4106
4948
4948
5188
4948
5188
5188
5188
518A
59CA
620C
620C
59CC
598C
518A
518A
518C
59CC
518C
498A
518A
518A
4948
3906
38C4
38C4
38C4
3084
3884
38C4
3884
3082
3082
30C4
38C4
3904
4106
4988
518A
598A
61CC
6A0E
720E
720E
8292
8292
8290
7A50
8292
8292
7A92
7A92
7A52
7250
720E
720E
720E
7A4E
7A0E
7A0E
720E
720E
720E
6A0E
6A0E
61CC
598A
598A
5188
4946
4104
40C4
40C4
4904
4904
4904
5104
5104
5104
5104
5906
5946
5946
5946
6988
6988
6988
6988
6988
71CA
7A0C
71CA
7A0C
824E
828E
824E
824E
7A4E
824E
8290
9314
9314
8AD4
8AD4
9358
9B9A
8B16
82D4
7A94
8B18
9B58
9358
8AD6
8AD4
8A94
8A92
8250
720C
720C
7A0E
71CA
71CA
7A0C
720A
71C8
71CA
6988
6988
6986
6988
6988
6988
6188
6186
6146
6146
6186
6186
6188
6188
5946
5146
6188
61CA
6188
5946
6188
6188
5946
6188
69CA
698A
6988
6188
698A
71CC
6988
6988
698A
69CA
69CC
69CC
69CC
69CC
7250
6A0E
6A0E
6A0E
6A0E
61CC
69CA
720C
69CA
71CA
720A
720A
71CA
71CA
71C8
71C8
71C8
71C8
71C8
71C8
71CA
71CA
71CA
71CA
7A0C
7A0C
7A0E
824E
7A0E
69CA
5948
5106
48C4
4082
40C4
4906
40C4
40C4
40C4
38C4
30C4
28C2
2082
1840
1840
2082
2882
28C2
2882
2882
30C4
38C4
40C6
4906
4906
4906
5106
5146
5946
5946
6146
6146
6146
6146
6146
6988
6988
6988
6986
6986
6186
6188
5988
5948
4906
38C4
3042
2840
2882
30C4
30C4
38C6
3906
3906
38C4
38C4
4104
4946
4946
4946
4946
5146
5148
5188
598A
598A
5988
598A
61CC
61CC
59CA
59CA
61CA
61CC
61CC
598C
514A
4948
494A
498A
4148
3906
4148
4148
4148
3906
30C4
30C4
30C4
3082
3082
3082
30C4
30C2
3082
30C4
3906
4948
4948
59CC
59CC
61CC
6A0E
7A50
7A50
7A50
8250
8AD2
8292
7A90
8292
7A92
7250
7210
8292
7A92
7A50
720E
720E
720E
720E
7A4E
720E
720E
720E
720E
6A0E
6A0C
61CC
59CA
59CA
5188
4946
4104
40C4
40C4
40C4
4904
5104
5104
5104
5104
5904
5906
5946
5946
6148
6988
6988
6988
6988
71CA
7A0C
7A0C
7A0C
824E
824E
824E
7A4E
824E
8290
8290
9314
8B14
8AD4
8AD4
9358
9B5A
9358
8B18
82D6
8B16
9318
9B58
9B58
9B18
8AD4
8292
8250
7A0E
7A0E
7A0C
71CA
69CA
71CA
71CA
6988
71C8
6988
6988
6988
6988
69C8
6988
6988
6186
6146
6146
6186
6988
6988
6188
5988
5146
6188
6A0C
6188
5946
6188
6188
5946
6188
6188
6188
6188
6188
69CA
720C
6988
6188
6188
69CA
6A0E
69CC
69CC
69CC
6A50
620E
61CC
6A0E
6A0E
6A0C
6A0A
720C
720A
720A
71CA
71CA
71C8
71C8
71C8
71C8
71C8
71C8
71C8
71C8
69C8
71C8
71CA
71CA
79CC
820E
8250
824E
7A0E
71CC
618A
5948
48C4
4082
40C4
4906
4104
40C4
38C4
3082
30C2
2882
2080
1840
1840
2080
28C2
30C4
30C4
3106
3906
4106
4106
40C6
40C6
40C4
4906
4906
5106
5946
5948
5946
5946
5946
5946
6146
6988
6988
6986
6146
6146
6186
5948
5148
4906
38C4
3082
2882
30C4
3906
3906
4106
4948
4948
4906
4904
4946
5146
5948
5148
5148
5988
598A
61CA
61CA
618A
61CA
61CC
6A0E
6A0E
69CC
618A
598A
598A
61CC
518A
5148
4948
4948
4108
38C6
30C4
3906
3906
3906
30C4
30C4
30C4
30C4
30C4
30C4
30C4
3904
3904
3904
4146
498A
51CC
5A0C
6A4E
6A0E
6A0E
7A50
8AD4
8A92
8252
8250
8AD2
8AD4
8290
7A90
7A50
7250
7250
82D4
82D4
7A92
7A50
720E
720E
720E
720E
720E
71CC
720C
720E
720E
6A0E
6A0C
61CC
61CA
61CA
5988
4946
40C4
38C2
40C2
40C4
48C4
5104
5104
5104
5104
5104
5946
5946
6146
6188
6988
6988
71C8
79CA
7A0C
7A0C
7A0C
824E
824E
824E
824E
8290
8290
8290
8AD2
8B14
8B16
9358
9B9A
9B9A
9B5A
A39C
9B9A
9358
9316
9316
9318
9316
8AD4
8292
8290
7A4E
7A4E
7A4E
71CA
69CA
69C8
6988
6988
6988
6988
6988
71C8
71CA
69CA
6988
6988
6188
6146
6146
6186
6188
6188
6186
6188
5946
6188
720C
6188
5946
6188
6188
5946
6188
6188
6188
6188
6188
69CA
720C
69C8
6188
6188
69CA
69CC
69CC
69CC
69CC
620E
61CC
61CA
61CC
6A0C
6A0C
69CA
69CA
720A
720A
71CA
71C8
69C8
6988
71C8
71C8
71C8
6988
6988
6988
6988
69C8
71CA
71CA
79CC
824E
8A50
8250
7A0E
720C
69CA
6188
5106
40C2
40C4
4904
40C4
38C4
38C4
3082
2882
2080
2040
1840
1840
2080
28C2
3104
3946
4148
494A
4948
4108
38C6
38C4
38C4
40C4
4106
4906
5106
5148
5946
5106
5104
5906
5946
6146
6146
6146
6146
6144
5946
5148
4948
4106
38C4
3082
3084
40C6
4908
4106
4948
518A
5988
5148
5146
5146
5946
5988
5988
5988
61CA
6A0C
6A0E
6A0C
69CC
61CC
69CC
6A0E
720E
6A0E
61CC
598A
598A
514A
514A
4948
4948
4948
4108
3906
3906
4106
4108
3906
3906
3906
3906
4108
3906
3906
4148
4148
4988
4988
51CA
5A0C
624E
6A50
7250
6A0E
6A0E
8292
8AD4
8A92
8250
8292
8AD2
82D2
7A92
7A92
7A92
7A92
8292
7A92
7A50
7250
7250
7A50
7A50
7A50
7A4E
720E
71CC
720E
720E
720E
720E
720E
6A0C
61CC
620C
61CC
5988
4104
38C2
38C2
40C4
48C4
4904
5104
5104
5104
5104
5946
6146
6146
6188
6988
6988
71C8
71CA
7A0C
7A0C
7A0C
824E
824E
824E
824E
8A90
8AD0
8290
8292
8B14
9316
9358
9358
9358
8B18
9358
9358
9318
9318
9318
8AD6
8292
8292
8292
8290
7A4E
7A0E
7A4E
720C
71CA
6988
6988
6988
6988
6988
6988
71CA
71CA
69CA
6988
6988
6186
6146
6146
6186
6186
6146
5946
6188
5946
6188
69CA
6188
5946
6188
6188
6188
6188
6188
6188
6188
6988
69CA
69CA
69C8
6188
6188
61CA
69CC
69CC
69CC
69CC
61CC
61CC
61CA
61CA
69CA
69CA
69CA
61C8
69CA
71CA
71CA
71C8
71C8
6988
71C8
71C8
71C8
71C8
7188
69C8
69C8
71CA
71CA
71CA
7A0C
820E
8A50
8250
7A0E
71CC
69CA
618A
5148
48C4
40C4
40C4
38C4
38C4
38C4
38C4
30C2
2880
2080
2080
2080
2080
30C4
3906
4188
498A
498C
494A
38C6
3084
3884
38C4
38C4
40C4
4106
4906
5148
5146
5106
4904
5104
5104
5906
5946
6146
6146
5944
5906
5146
4906
4104
38C4
38C4
38C4
4106
4908
4948
5148
598A
598A
598A
6188
6188
6188
618A
59CA
61CA
6A0C
724E
724E
6A0E
61CC
61CC
61CC
61CC
6A0E
61CE
598C
598A
598A
4948
4948
4948
514A
514A
4948
4948
498A
518A
518A
518A
4948
4988
498A
518A
518A
498A
518A
51CA
59CC
5A0C
620E
624E
6A50
7292
7292
7250
7250
8292
8292
8250
7A50
8292
8292
8292
8292
82D4
8292
7250
7250
6A0E
6A0E
6A0C
720E
7A50
7A92
7A50
7A4E
7A0E
720E
7A0E
7A0E
720E
720E
720E
6A0C
69CC
6A0C
6A0C
59CA
4946
40C4
40C2
40C2
40C2
4904
5104
5106
5104
5106
5946
6188
6148
6188
6988
6988
6988
71CA
71CA
71CA
7A0C
824E
824E
824E
824E
8A90
8290
8290
8290
8B14
8B16
8B16
9358
9B9A
9358
8AD6
82D6
8AD6
9318
9B58
9316
8292
7A50
8292
7A4E
7A0C
720C
7A0C
7A0C
71CA
69CA
69C8
6988
7188
6988
6988
6988
71C8
6988
6186
6186
6146
6146
6146
6186
6186
6146
5944
6188
5946
6188
61CA
6188
5946
5946
6188
6188
6188
6188
6188
6188
698A
6188
6188
69C8
61CA
61CA
618A
61CA
61CC
69CC
69CC
59CA
620C
6A0C
69CA
6188
69C8
69C8
61C8
69C8
69CA
71CA
71CA
71C8
7188
6988
71C8
71C8
71C8
71CA
71CA
7A0A
720A
7A0C
7A0C
7A0E
820E
8250
8250
7A0E
69CA
698A
69CA
5988
4904
40C4
38C4
38C2
38C4
3904
3904
30C2
3082
2880
2882
2882
28C2
3104
4148
498A
498C
518C
4148
30C4
3042
3084
38C6
38C4
38C4
4106
4106
4948
4948
4906
4904
48C4
4904
5104
5946
5946
6146
5904
5104
5146
4906
40C4
38C4
40C4
4106
4906
4906
5148
5148
598A
598A
618A
618A
618A
61CA
61CA
61CC
620C
6A0E
7250
6A4E
6A0E
61CC
598A
598A
598A
59CC
59CC
598A
514A
518A
4948
4948
518A
518A
518A
518A
518A
59CC
620E
620E
61CE
59CC
59CC
59CC
620E
59CC
59CC
59CC
5A0C
620E
624E
6A50
6A50
6A50
7AD4
82D4
8292
8292
8AD4
8292
7A50
8250
8290
8290
7A90
82D4
8B16
8292
6A0E
61CC
6A0E
6A0E
6A0E
720E
724E
724E
720E
720C
7A50
7A0E
7A0E
7A0E
71CC
720C
720E
69CC
69CC
6A0C
6A0C
61CA
5188
4906
40C4
40C2
40C2
4904
5104
5146
5146
5146
5946
6188
6188
6148
6188
6988
6988
6988
718A
71CA
71CC
824E
824E
824E
824E
8290
8290
7A4E
8292
8B14
8AD4
82D4
9B9A
B460
AC20
9B5A
9318
8B16
9316
9358
9316
8292
7A50
7A4E
7A0E
71CC
71CA
71CC
7A0C
720C
71CA
71CA
7188
71CA
6988
6988
6988
6988
6988
6146
6146
6146
6146
6146
6186
6146
5946
5944
5946
5946
5988
6188
6188
5946
5946
5946
6188
6188
6188
6188
69CA
698A
6188
5946
61C8
69CA
61CA
618A
618A
61CC
69CC
69CC
620C
61CA
618A
6188
6188
6188
69C8
69C8
69CA
71CA
71C8
71C8
7188
6988
6986
6946
6986
7188
71C8
71CA
71C8
69C8
71CA
7A0C
8A50
8A50
8250
7A0E
7A0C
720C
71CC
69CA
618A
5148
4104
40C4
38C4
30C2
30C2
38C4
30C2
30C2
30C2
30C2
30C4
3904
4106
4148
494A
494A
4148
4108
38C6
3084
3084
3084
3084
3084
38C4
3906
4106
4946
4906
4106
40C4
4904
4904
5104
5104
5104
5104
5104
5106
4906
4904
4104
4104
4906
4906
5148
5148
61CC
61CC
618A
61CC
6A0E
69CC
69CC
6A0E
620C
61CC
620E
6A0E
6A0E
61CC
598A
598A
518A
5148
514A
598C
59CC
598C
59CC
514A
518A
518A
514A
518A
59CC
61CE
61CE
61CC
59CC
59CC
59CC
598C
620E
6A0E
61CC
61CC
6A0E
6A0E
6A0E
6A50
7250
7250
7A92
7A92
7A92
82D4
8AD4
8290
8290
8A92
8292
8AD4
8292
8292
82D4
82D4
7250
61CC
6A0E
61CC
6A0E
720E
7250
7A50
724E
720E
720C
71CC
71CC
7A0E
720C
69CC
720E
7A50
720E
720C
720E
6A0C
61CA
5188
5146
4904
40C2
40C2
40C2
4904
5106
4904
5104
5946
5946
5946
6146
6188
6988
6988
71CA
71CA
7A0C
71CA
71CC
7A0C
7A0E
7A4E
8250
8290
7A4E
8292
9356
8AD4
7A92
935A
A3DC
935A
A3DE
9B5A
8AD6
8292
8294
9316
9316
8292
720E
720C
720C
7A0E
7A0E
720C
69CA
71C8
71CA
71CA
71CA
6988
6988
6988
6988
6186
6146
5946
6146
6186
6146
6146
6186
6146
5946
5946
5946
5946
5946
5946
5946
5946
5946
6188
698A
6188
6148
6188
6188
6188
6188
61C8
61CA
61CA
61CA
61CA
61CA
61CA
69CC
61CA
61CA
6188
6188
6188
6188
6188
69C8
69C8
69C8
71C8
71C8
71C8
6988
6986
6986
6986
6986
71C8
71C8
71C8
71C8
71CA
7A0C
820E
8A50
824E
820E
7A0C
720C
71CC
69CA
618A
5148
4906
4104
38C4
30C2
30C2
38C4
38C4
38C4
38C2
38C2
38C4
38C4
4106
4108
4148
4108
4108
38C6
3086
3044
3044
3084
2884
2884
30C4
38C6
4106
4106
4106
4106
4106
4906
4904
4904
48C4
48C4
5104
5104
4904
4904
4904
4104
4104
4906
4906
4946
598A
61CC
61CC
598A
61CC
69CC
69CC
69CC
620E
61CC
61CC
620E
6A0E
6A10
620E
59CC
59CC
59CC
518A
514A
598C
598C
518C
598C
598C
59CC
518A
5148
5148
598A
61CC
61CE
598C
598A
598A
618C
598C
61CC
69CE
61CC
69CC
6A0E
6A0E
6A0E
7250
7250
7A50
8294
7A50
7A50
8292
8292
7A4E
7A50
8292
8292
8AD2
82D2
8292
7A50
7250
7250
7A92
7A92
6A0E
6A0E
720E
720E
724E
7250
7A4E
720E
71CC
71CC
720C
71CC
71CC
720C
7A4E
7A0E
720E
720E
6A0C
61CA
598A
5988
5146
4904
4104
40C2
4904
4906
4904
5104
5146
5146
5946
5946
6188
6988
6988
6988
71CA
71CA
71CC
7A0C
7A0C
720C
7A0C
824E
8290
7A50
7A50
8AD4
8B16
82D4
9358
9358
82D6
935A
9B5A
8AD6
8292
8294
9316
9316
8AD4
8292
720E
720C
720C
7A0C
720C
71CA
71CA
71CA
71CA
7188
6988
6988
6988
6988
6988
6188
5946
6146
6146
5946
5946
6146
6146
5946
5946
5946
5946
5946
5946
5946
5946
5946
6148
6188
5946
5946
6188
6188
6188
61CA
61C8
61CA
61CA
61CA
598A
618A
61CA
69CC
5988
5988
5988
6188
6188
6186
6188
6988
6988
6988
69C8
71C8
71C8
7188
7186
6986
7188
6986
7188
71C8
71C8
71C8
7A0A
824C
7A0C
820E
824E
824E
7A0C
720C
720C
69CC
61CA
5188
4946
4106
3904
38C4
30C4
38C4
38C4
38C4
38C4
38C4
38C4
38C4
3906
4106
38C6
38C6
38C6
3086
3084
2844
2844
2844
2042
2042
2882
30C4
30C6
3906
4106
4106
4106
4906
4906
4904
48C4
48C4
48C4
5104
4904
4904
4904
4904
4904
4906
4906
4946
59CC
61CC
61CC
61CC
61CC
59CC
598C
61CC
59CC
59CC
61CC
620E
6A10
6A50
6A10
6A0E
6A10
6210
598C
518C
598C
598C
598C
598C
59CC
61CC
59CC
598A
518A
598A
61CC
69CE
618C
598A
618C
69CC
61CC
69CC
69CC
69CC
69CC
69CE
69CE
69CE
7210
7A50
7A50
8292
7A50
7A50
8290
8290
7A4E
7A4E
8250
8290
8290
82D2
8292
7A50
7250
7A92
7A92
7250
69CE
720E
724E
7250
7A50
8292
8290
7A0E
71CC
698A
71CC
71CC
71CC
71CC
720C
720E
7A4E
7A4E
720C
69CC
61CA
61CA
5988
4946
4104
40C2
4104
4904
4904
5106
5146
5104
5946
5948
6188
6188
6988
6988
698A
71CA
71CC
7A0C
7A0C
7A0C
7A0C
7A4E
7A50
7A50
7A50
7A50
8292
8AD6
935A
9B9A
9358
9318
A39C
9B58
8AD6
8AD6
8B16
8AD4
8292
7A90
720E
720C
71CC
720C
7A0C
71CA
71CA
71CA
71CA
71C8
6988
6988
6988
6988
6988
6188
5946
6146
5946
5944
5944
6146
6146
6146
5946
5946
5946
5946
5946
5946
5946
5946
5946
6148
5946
5946
6188
6188
6188
61CA
61C8
61CA
61CA
618A
618A
618A
61CA
69CC
5988
5988
5988
6188
6188
6188
6186
6986
6988
6988
69C8
71C8
71C8
7188
6986
6986
7188
7188
7188
71C8
71C8
71C8
7A0A
824C
79CC
7A0C
824E
824E
7A0E
7A0E
720E
6A0C
61CA
5188
4946
4106
4104
38C4
38C4
38C4
38C4
38C4
38C2
3882
38C4
38C4
38C4
38C4
30C4
30C4
3084
3084
3084
2844
2844
2844
2042
2042
2082
2882
30C4
30C4
38C6
3904
4106
4106
4106
4906
48C6
48C4
4906
5106
4906
4904
4904
4904
4906
4906
5148
5148
598A
59CC
59CC
59CC
61CC
518A
514A
518C
598A
598C
61CE
620E
6A10
6A50
6A50
6A10
6A50
6A10
61CE
598C
598C
598C
518C
598C
518A
59CC
620C
61CC
598A
598A
61CC
69CC
61CC
618C
69CC
720E
69CE
61CC
618C
618C
69CC
69CC
69CC
69CC
720E
7A10
720E
7A50
7A50
8252
8292
8292
8290
7A50
7A50
7A50
7A50
8292
8AD2
8292
7A90
7A92
7250
598A
69CE
720E
7250
7250
7A90
8AD4
8AD2
7A50
720C
71CC
71CC
720C
71CC
71CC
720C
7A0E
8250
7A50
7A4E
720C
69CC
61CA
5988
5146
4904
40C2
40C2
4104
4104
4906
5146
5104
5106
5946
6188
6188
6148
6148
6988
698A
698A
71CC
7A0C
7A4E
7A4E
824E
7A4E
7A4E
8292
7A50
8294
8AD6
8B16
9B5A
935A
8B18
9B9C
9B5A
9B58
9316
8AD6
8292
7A50
720E
720E
69CC
71CC
720C
7A0C
7A0C
71CA
71CA
71CA
71CA
6988
6988
6988
6986
6146
6146
5946
6146
6146
5944
5946
6146
6186
6146
5946
5946
5946
5946
5946
5946
5946
5946
6188
6188
5946
5946
5988
6188
5988
6188
6188
6188
61CA
618A
618A
618A
61CA
61CA
5986
5988
5988
6188
6188
6188
6986
6146
6988
6988
7188
71C8
71C8
6988
6986
6946
71C8
7188
7188
71C8
71C8
71C8
7A0A
824C
79CC
7A0C
824E
824E
7A0E
7A4E
7A50
720E
61CA
5188
4946
4106
3904
38C4
38C4
3904
38C4
38C4
3884
3884
38C4
38C4
30C4
3084
3084
2882
2884
2842
2842
2842
2042
2042
2042
2042
2082
2082
2882
2884
30C4
30C4
38C4
3906
4106
4106
4906
4906
4906
4906
4906
4904
4904
4104
4906
4946
5148
518A
518A
518A
514A
518A
518C
494A
4948
518C
518A
59CC
620E
620E
6210
6A50
6A50
6A10
6A10
620E
59CC
518A
518A
518A
514A
518A
5188
51CA
61CC
61CC
598A
598A
598A
61CC
618C
618C
618C
69CE
69CE
618C
594A
594A
698C
69CC
698C
698C
69CC
71CE
71CE
720E
7A50
8292
8292
8292
8290
7A50
7A4E
7A50
7A50
7A50
8292
8292
7A50
7250
6A0E
594A
6A0E
720E
720E
69CC
724E
8292
8AD2
8292
7A4E
7A0E
7A0C
7A4E
7A4E
7A0E
7A0C
7A4E
7A0E
7A4E
7A4E
720C
69CA
61CA
61CA
59CA
4946
4104
38C2
40C4
4104
4904
5146
5106
5104
5106
6146
6148
6148
6148
6988
698A
698A
71CA
7A0C
7A4E
824E
8250
8250
8290
8292
8292
9358
8B16
7252
8294
8B18
8AD6
9318
9B18
9318
8AD6
82D4
82D4
8292
7A4E
720E
720C
71CC
7A0C
7A0C
7A0C
71CA
6988
71CA
71C8
6988
6988
6988
6988
6146
5946
5946
6146
6186
6146
6146
6186
6186
6146
6146
5946
5946
5946
5946
5946
5946
6148
6188
6188
5946
5146
5946
5946
5946
6188
6188
6188
61CA
61CA
61CC
61CC
618A
618A
5988
5988
5988
5988
6188
6188
6988
6986
6988
6988
6988
6988
7188
6988
6986
6986
71C8
7188
6988
71C8
71C8
71CA
7A0C
824C
7A0E
7A0C
824E
7A4E
720C
7A4E
7A50
6A0C
618A
5148
4906
4104
4104
38C4
38C4
3904
38C4
38C4
38C4
38C4
38C4
38C4
30C4
3084
2882
2842
2042
2042
2042
2042
2042
1840
2042
2082
2082
2082
2082
2882
2884
2884
30C4
30C4
38C6
4106
4106
4906
4906
4906
4906
4106
4106
4106
4906
4946
5148
5148
4948
4948
4108
4108
4948
4148
494A
59CC
59CC
620E
6210
6210
6A10
6A50
6A50
6A10
620E
620E
59CC
5188
5188
4948
4948
5188
59CC
61CC
620E
620E
59CC
598A
618C
69CE
61CC
61CC
61CC
61CC
6A0E
61CC
598A
598A
618A
69CC
618C
618A
69CC
69CC
69CC
720E
7A50
7A50
7A50
7A4E
7A50
7A50
7A50
8290
720C
720E
8292
8292
720E
720E
7210
69CE
69CE
6A0E
720E
720E
7A4E
8292
8292
8250
7A4E
7A0E
720C
720C
7A0E
7A0E
720C
7A0C
720C
7A0E
7A4E
720C
69CC
6A0C
6A0C
6A0C
5188
4946
4104
40C4
40C2
4904
5146
5106
4904
5104
5946
6146
6148
6988
6988
6988
698A
71CA
720C
7A0E
7A4E
824E
8290
8AD2
8290
8292
9318
8B16
7A92
8AD6
8B18
8AD8
8AD6
92D6
8AD6
8292
8292
8292
8292
7A50
720E
720C
720C
7A0E
7A0C
71CA
7188
6988
6988
6988
6988
6988
6988
6988
6186
6146
6146
6186
6186
6186
6186
6186
6186
5946
5946
5946
5946
5946
5946
6146
5946
6148
5946
5946
5146
5104
5946
5988
5988
6188
6188
6188
61CA
61CA
69CC
61CC
618A
598A
6188
6188
5988
6188
6188
6988
6988
6988
6988
6988
6988
6988
6988
6988
7186
7186
7188
6986
6986
71C8
71CA
79CA
7A0C
824E
8A50
7A0E
7A0E
7A0C
71CA
720C
7A4E
69CA
5988
5146
4906
4106
4106
38C4
30C2
38C4
30C4
38C4
38C4
38C4
38C6
38C6
38C6
38C6
3084
2882
2042
2040
2042
2042
2042
2042
2042
2082
2082
2882
2082
2082
2882
28C4
28C4
30C4
38C4
38C4
38C6
40C6
40C6
4906
4106
4106
4106
4106
4106
4106
4106
4106
4106
4908
4106
4106
4948
494A
518C
5A0E
59CE
6210
6A50
6A50
6A50
7292
7292
6A50
624E
624E
5A0C
51CA
518A
518A
4988
518A
59CC
61CC
620E
620E
61CC
59CC
61CC
6A0E
6A0E
6A0E
61CC
598C
620E
620E
59CC
598A
598A
61CC
618C
618A
618A
61CC
69CC
720E
8292
7A50
720E
720E
7A4E
7A50
7A90
8292
71CC
720E
8292
8292
720E
720E
7A52
7A50
6A0E
7210
7A50
7A92
8292
8292
8250
7A0E
720C
720C
69CC
71CA
7A0E
7A4E
7A0C
71CC
7A0C
7A0E
7A0C
720C
720C
724E
724E
6A0C
620C
5188
4946
4104
38C2
40C2
4904
4904
5104
5104
5906
5946
6148
6988
6988
6948
718A
71CA
7A0C
7A4E
824E
824E
8290
8AD2
8AD4
8292
8AD4
82D4
82D6
9358
8B18
82D6
8AD6
8AD4
8294
8292
7A92
7A92
7A50
7A50
724E
720E
7A0E
7A0E
7A0C
71CA
6988
7188
6988
6988
6988
6988
6988
6988
6188
6186
6146
6186
6186
6146
6146
6186
6146
5946
5906
5946
5946
5946
5946
6146
5946
5946
5946
5946
5104
5104
5946
6188
6188
69CA
6188
6188
61CA
61CA
69CC
69CC
61CA
618A
6188
6188
6188
6188
6188
6988
6988
6988
6988
6986
6986
6986
6988
7188
7188
71C8
6986
6986
6986
71C8
71CA
7A0A
7A0C
824E
8A92
7A0E
7A0E
720C
698A
69CC
720C
618A
5146
4906
4906
4906
4106
38C4
30C2
30C2
30C4
38C4
38C6
3906
38C6
38C6
38C6
3906
38C6
30C4
2882
2082
2042
2082
2082
2082
2042
2082
2882
2884
2882
2882
2884
28C4
28C4
30C4
30C4
30C4
3084
38C4
38C6
40C6
40C6
4106
4106
4106
4106
4106
38C4
38C4
38C4
4106
4908
4948
518A
518C
59CC
5A0E
620E
6A50
6A50
6A50
6A92
72D4
7292
6A50
6A90
7290
6A50
620C
5A0C
59CA
518A
59CA
4948
518A
59CC
620E
61CC
598A
598C
61CC
7210
6A0E
598A
5148
598A
61CC
598A
5188
598A
61CA
618A
618A
61CA
61CA
69CC
720E
8292
8292
724E
720E
7A90
8290
7A50
8290
7A50
8250
8A92
8292
720E
7A50
8292
7A50
7A50
7A92
8292
8AD4
8AD2
8292
7A50
7A50
7A4E
7A4E
720C
720C
8250
8A92
824E
7A0E
7A4E
7A0E
720C
720C
7A4E
7A50
7A4E
6A0C
6A4E
59CA
4946
4104
3880
40C2
4904
4904
5104
5104
5106
5946
6188
6988
6988
6148
698A
71CA
7A0E
8290
8290
7A50
8250
8292
8AD2
8292
82D4
8294
8294
82D6
8AD6
8B18
8AD4
8292
8292
8AD4
82D4
7A92
7A50
7A50
7A50
7A4E
7A4E
7A0C
71CA
6988
6988
71CA
6988
6988
6988
6988
6988
6988
6186
6146
6186
6186
6186
5946
5946
6146
6146
5946
5904
5906
5946
5946
5946
5946
5946
5946
5946
5946
5104
5104
5946
6188
6188
61CA
6188
618A
618A
69CA
69CC
69CC
61CA
618A
5946
5946
6188
6188
6188
6988
6988
6988
6986
6986
6986
6986
6986
6986
69C8
71C8
6986
6986
6986
69C8
71CA
7A0C
824E
8290
9314
7A4E
720E
7A4E
69CC
69CA
69CC
69CC
5988
5106
5148
4948
38C4
38C4
3904
30C2
30C4
38C4
38C4
3906
3906
38C4
38C4
30C4
30C4
2882
2882
2080
2040
2040
2080
2082
2882
2882
2884
2884
2882
2884
28C4
28C4
28C4
28C4
28C2
30C4
30C4
38C4
30C4
30C4
3084
4106
38C6
4106
4106
38C4
38C4
38C2
4106
4946
5188
518A
518A
518A
59CC
620E
620E
7292
7292
6A52
7294
7292
7292
7AD4
7292
6A50
59CC
518A
61CC
6A0E
61CC
598A
598A
598C
61CE
6A0E
61CE
618C
618C
61CC
6A0E
6A0E
69CC
598A
598A
61CC
61CC
598A
5146
5948
5988
5988
598A
61CA
69CC
6A0C
7A50
8292
724E
6A0C
7A50
7A90
724E
7A50
7A50
8292
8292
7A50
7A10
8252
8292
8292
8292
7A50
7A50
7A50
7A50
7A50
7A50
7A50
7A0E
7A4E
8250
824E
824E
824E
8250
824E
824E
8A90
720C
71CA
7A4E
720E
720C
6A0C
6A0C
6A4E
59CC
4106
38C2
38C2
40C4
40C4
5106
5106
5106
5946
5946
6148
6186
6188
6988
69CA
720C
7A4E
7A4E
8250
8250
7A50
8290
8AD4
9316
9316
82D4
8294
8AD6
8294
8294
8292
8292
8294
82D4
8292
7A50
7A4E
7A50
720E
71CC
69CA
69CA
69CA
71CA
71CA
71CA
69CA
69CA
6988
6988
6988
6988
6986
6146
5946
5946
5946
5946
5946
5946
5946
5946
5946
5946
6148
6146
5946
5946
6146
6146
5944
5104
5944
5946
5988
6188
61CA
618A
61CA
61CA
69CC
69CC
69CC
69CC
61CC
5946
5946
5946
6146
6186
6186
6186
6986
6986
6986
6186
6186
6986
6986
69C8
71C8
6986
69C8
69C8
69C8
71CA
7A0C
7A4E
7A4E
8AD2
724E
720E
7A50
69CC
69CC
69CC
618A
5148
4906
5148
5148
40C4
38C4
4106
38C4
38C4
38C4
38C4
38C4
38C4
38C4
38C4
30C4
30C4
30C2
2882
2882
2080
2080
2080
2882
2882
2884
3084
30C4
28C4
28C4
28C4
30C6
28C4
28C4
28C4
30C4
30C4
30C4
38C6
38C6
38C6
4108
40C6
4106
4906
40C4
40C4
4104
4906
5148
598A
59CA
59CC
59CC
620E
6A50
6A10
7A92
7252
6A10
7252
7252
6A50
7292
7292
6A50
620E
59CC
61CC
61CC
61CC
61CE
618C
61CC
69CE
69CE
61CC
598A
618A
61CC
6A0E
6A0E
69CC
598A
598A
61CC
618C
5948
5988
5988
61CA
61CA
61CA
61CA
61CA
69CC
7250
7A92
724E
61CC
6A0C
724E
720E
720E
8252
8292
8292
7A50
7A50
8A94
8292
7A50
8292
7A50
720E
720E
7A50
7A50
720E
720E
71CC
7A0C
7A0E
7A0C
720C
7A0E
7A0E
720C
7A4E
8290
720C
71CC
7A4E
7A4E
720C
720C
6A0C
6A4E
620C
4946
40C4
38C2
40C4
40C4
4906
5106
5106
5106
5946
5946
5946
6146
6188
6188
69CA
720C
7A4E
8290
82D2
82D2
7A4E
8290
8292
9316
8AD6
8AD6
9318
8294
8294
8294
8294
8292
7A92
7A92
7A50
7A50
720E
720E
69CC
69CA
69CA
69CA
69CA
69CA
69CA
69CA
6988
6988
6988
6988
6986
6986
6146
6146
5946
6146
6148
5946
5946
5946
5948
5946
5946
5946
5946
5946
5946
6146
6186
5946
5144
5946
5946
5946
5988
5988
5988
618A
61CA
69CC
69CC
6A0C
6A0C
69CC
5946
5946
5946
5946
5946
6146
6186
6186
6986
6986
6186
6186
6986
6986
69C8
71C8
69C8
71CA
720A
71CA
71CA
7A0C
7A0E
720C
8290
720E
720E
7A50
720E
69CC
618A
5948
5106
4906
5148
5148
4106
4106
4106
3904
4106
3906
38C4
38C4
38C4
38C4
30C4
30C4
30C4
30C4
28C2
2882
2882
2882
2882
2882
3084
30C4
30C4
30C4
30C4
30C4
3106
3106
30C4
3104
3104
30C4
38C4
3906
3906
4106
4108
4948
4106
4906
4906
40C4
4906
5146
5148
5988
61CA
61CC
61CC
61CC
620E
6A4E
6A10
7A92
7252
6A10
7252
6A52
6A10
6A50
7292
7292
6A50
6A0E
61CE
598C
598C
6A0E
69CE
69CE
69CE
69CE
61CC
598A
598A
61CC
69CC
69CE
61CC
598A
598A
618C
618A
5988
61CA
61CA
61CA
61CA
69CC
69CC
69CA
61CA
69CC
720E
720E
61CA
61CA
720E
720E
720C
7A50
8292
7A50
7A10
8292
8A94
7A50
7A10
7A50
7A50
720E
720E
720E
720E
720E
720E
71CC
7A0E
7A4E
7A0C
720C
7A0E
7A0E
71CC
7A0C
8250
720C
720C
7A4E
7A4E
7A4E
724E
724E
6A4E
620C
598A
4946
4104
40C4
40C4
4906
4904
4904
5104
5104
5946
5946
6146
6188
6188
6188
69CA
720C
8290
8292
8AD2
8290
8290
8292
8AD6
8AD4
8294
8AD6
8294
7A94
8292
7A92
7A52
7250
7250
7A50
7A92
720E
69CC
698A
698A
69CA
69CA
698A
6988
698A
6988
6988
6188
6186
6186
6986
6986
6146
6146
5946
6186
6188
5946
5946
5946
5946
5946
5946
5946
5946
5944
5946
5946
6186
5946
5946
5946
5988
5146
5148
5948
5948
598A
61CA
69CC
6A0C
6A0C
6A0C
6A0C
5946
5946
5946
5946
5946
6146
6186
6186
6986
6946
6186
6986
6986
6986
69C8
69C8
6986
71CA
720A
71CA
71CA
7A0C
7A0E
720C
7A50
720E
720E
7A50
720E
61CC
618A
5148
5106
4906
5148
5148
4906
4106
4146
4106
4106
3906
38C4
38C4
38C4
38C4
38C4
38C4
30C4
30C4
28C2
2882
2882
2882
2882
2882
30C4
30C4
30C6
3106
3106
3106
3106
3906
3904
3904
3906
3906
3906
4106
4906
4948
5148
514A
4906
4906
4906
48C4
4906
5148
5948
598A
618A
598A
598A
59CA
61CC
620E
6A10
7252
7252
7252
7292
7292
6210
620E
7292
7292
7252
6A10
61CE
598A
598A
61CE
69CE
69CE
6A0E
6A10
69CE
598A
594A
598A
61CC
61CC
618C
598A
598A
618A
618A
5988
61CA
618A
618A
61CA
69CC
69CC
69CC
69CC
5988
61CA
6A0C
69CC
618A
69CC
720E
69CC
7A50
8292
7A50
7A50
8292
7A50
720E
8292
7A50
7A50
7A50
7A50
720E
720E
7A50
7A50
7A0E
8250
8250
7A0C
720C
7A0E
7A0E
71CC
720C
7A4E
720C
720C
7A4E
7A0E
7A4E
724E
6A4E
6A4E
6A0C
61CA
5188
4906
4104
40C4
4104
4904
4904
4904
5104
5946
6146
6148
6188
6188
6188
6188
69CA
720C
7A4E
8290
8AD2
8292
7A92
8AD4
8294
7A52
8294
8294
7A52
7A92
7A92
7A50
720E
720E
7250
7A50
720E
720C
69CA
69CA
69CA
71CA
69CA
6988
6988
6188
6988
6988
6188
6186
6186
6186
6146
6146
6146
6188
6188
5946
5946
5946
5946
5946
5946
5946
5946
5946
5944
5944
5946
5146
5146
5948
5988
5148
5148
5148
5948
598A
61CA
69CC
69CC
6A0C
6A0C
6A0C
5946
5946
5946
5946
5946
6146
6186
6988
6146
6146
6986
6986
6986
6988
6986
6986
6186
71C8
720A
69C8
69CA
720C
7A0E
720C
7A4E
720E
720E
720E
6A0E
61CC
598A
5948
5108
5148
5148
5148
4948
4946
4146
4106
3906
38C4
38C4
38C4
38C4
38C4
38C4
38C4
30C4
30C4
28C2
2882
2882
2882
2882
2882
30C4
30C4
30C4
3104
30C4
3104
3904
3904
3906
4106
4106
4106
4106
4946
5148
5148
598A
598A
4906
5106
5106
48C4
5106
5948
5948
5988
598A
598A
598A
598A
61CC
6A0E
6A10
7252
6A52
6A50
6A52
6A50
620E
59CC
6A50
7292
6A52
620E
620E
61CE
61CC
61CE
6A0E
69CE
6A0E
7210
6A0E
598A
5148
594A
618A
618A
598A
598A
598A
618A
598A
5988
61CA
5988
5948
618A
61CC
61CC
69CA
69CC
61CA
61CA
69CC
69CC
618A
618A
69CC
720C
7A4E
7A50
7A50
7A50
8290
720E
720E
8AD4
720E
7A50
7A50
7A50
7A4E
7A50
7A50
8290
7A0E
7A4E
7A4E
71CC
69CC
720C
7A0E
720C
720C
7A4E
720C
720C
720E
720E
720E
6A0C
6A0E
6A0C
6A0E
620C
598A
4948
4106
40C4
40C4
4104
4904
4904
5146
5946
6148
6148
6148
6188
69CA
69CA
69CA
69CC
720E
8290
8292
7A50
7A50
8294
8294
7252
8294
82D6
7A52
7A92
8292
7A92
7250
7210
7A50
7A92
7A50
720E
71CC
69CC
71CC
71CC
69CA
6988
6188
6988
6988
6988
6988
6988
6986
6146
6146
6146
6186
6188
6188
5946
5106
5106
5946
5144
5946
5946
5946
5946
5946
5144
5146
5104
5106
5948
5988
598A
5148
598A
5148
5988
618A
61CC
69CC
69CC
6A0C
6A0C
5946
5946
5946
5946
6146
6186
6186
6986
6146
6146
6186
6986
6986
6988
6986
6986
6186
69C8
71CA
69CA
69CA
720C
7A0E
7A4E
7A4E
724E
720E
720E
69CC
618A
598A
5948
5148
5148
514A
5148
4948
4948
4946
4146
3906
3906
38C4
38C4
38C4
38C4
38C4
38C4
30C4
30C4
30C2
28C2
2882
2882
28C2
28C2
30C4
30C4
30C4
30C4
30C4
30C4
3904
3904
4106
4106
4146
4946
5148
5148
5148
5988
5988
618A
5146
5106
5106
4904
5106
5946
5948
5948
5948
598A
598A
61CC
6A0E
7210
7250
6A10
620E
59CC
59CE
620E
59CC
518C
6210
6A52
6A50
620E
6A10
6A50
6A10
620E
6A0E
61CC
61CC
6A0E
6A0E
598A
5148
5148
598A
598A
594A
598A
598A
598A
598A
598A
61CA
5988
5948
618A
61CA
618A
618A
69CA
69CC
69CA
69CC
69CC
6188
618A
720E
8250
7A50
7A50
7A4E
7A50
8292
7A50
7A4E
8AD4
720E
720E
720E
720E
7A50
7A50
7A50
7A50
720C
7A0E
720C
71CC
71CC
720C
7A0E
7A0E
720C
7A4E
720C
720C
720E
720C
720C
69CA
6A0C
6A0C
6A0C
61CC
59CC
518A
4946
4106
38C4
4104
4906
4906
5146
5946
6148
6188
5948
618A
69CC
71CC
69CC
69CC
7A4E
8292
8292
7A50
7A50
8AD6
82D6
7A54
7A94
7A54
7A52
7A92
8294
8294
7A92
7A52
7A52
8292
8252
7A4E
720E
71CC
71CC
71CC
69CA
698A
6988
6988
6988
6988
69C8
6988
6986
6146
6146
6146
6186
6188
5948
5106
5104
4904
5146
5946
5946
5144
5144
5144
5946
5144
5104
4904
5104
5146
5148
5188
598A
598A
5148
5948
618A
61CC
61CC
61CC
69CC
6A0C
5946
5946
5946
5946
6146
6146
6146
6146
6946
6946
6146
6146
6986
6986
69C8
69C8
69C8
71CA
71CA
69CA
69CA
720C
7A4E
8290
7A50
7A50
7A50
720E
69CC
618A
5948
5148
5948
5148
514A
5148
4948
4948
4948
4948
4106
4106
38C4
38C4
38C4
38C4
38C4
3904
30C4
30C4
30C4
30C4
28C2
28C2
28C2
28C2
3104
3104
30C4
30C4
30C4
3104
3904
4104
4106
4106
4946
5146
5148
5988
5988
5988
5946
618A
5946
5106
5106
5106
5946
5946
5948
5948
5948
6188
618A
61CC
69CC
6A0E
6A0E
61CE
598C
518A
598C
59CC
59CE
59CC
6250
6A52
6A50
6A50
6A52
6A52
6A10
6A10
6A0E
598A
514A
59CC
61CC
598A
5148
5188
5148
5148
5148
5188
598A
598A
598A
598A
61CA
5988
5948
618A
69CC
61CA
69CA
69CC
69CC
69CC
71CC
69CC
69CA
71CC
8250
8AD2
7A50
7A50
7A50
8290
8AD2
8292
8292
8AD2
720E
720E
720E
720E
7A50
8290
7A50
720E
7A0E
7A0E
7A0E
7A0E
720E
720E
720E
7A4E
720E
7A4E
720C
720E
720E
720E
720E
61CA
69CC
6A0E
6A0E
61CC
59CC
59CC
518A
4146
3904
3904
4104
4906
5146
5946
6146
6148
5948
618A
69CA
69CC
69CC
720E
7A50
8292
7A50
7A52
7A92
8AD6
82D6
7A54
7A94
7A52
7252
7252
7A92
7A94
8292
7A92
7A52
7A50
7A50
720E
720C
69CC
69CA
69CC
69CA
69CA
69CA
6988
6188
6188
6988
6988
6988
6186
6146
6146
6186
6188
5946
5104
48C4
48C4
5146
5986
5986
5144
5104
5104
5146
5946
5946
5104
4904
5146
5148
5148
518A
598A
598A
598A
61CC
618C
618A
598A
618A
61CC
5946
5946
5946
5946
5946
5946
5944
5944
6988
6986
6146
6146
6146
6986
69C8
71C8
71CA
71CA
71CA
71CA
71CA
720C
7A4E
8A90
8292
8292
7A50
720E
69CC
618A
5948
5106
5148
518A
518A
5148
4948
4948
4948
4948
4148
4106
3906
38C4
30C4
30C4
38C4
3904
30C4
30C4
30C4
30C4
30C4
30C4
30C4
30C2
3104
3104
30C4
30C4
30C2
38C4
3904
4146
4106
4906
4946
5148
5988
5988
5988
5948
5106
618A
5946
5106
5946
5946
6148
5946
5948
5948
6188
618A
618A
618A
618A
618C
61CC
598A
598A
518A
59CC
620E
620E
5A0E
6A52
6A92
6A52
7292
7292
6A50
6210
6A50
6A10
518A
4906
5148
598A
518A
5148
518A
5148
5148
5148
5188
598A
598A
598A
598A
598A
5948
5988
61CC
6A0C
69CC
69CC
720E
71CC
720E
7A4E
720E
71CC
7A0E
8250
8290
7A50
7A50
8290
8292
8AD4
8AD4
8AD4
8292
720C
720E
7A4E
7A4E
7A50
7A50
7A50
720E
7A4E
7A0E
7A4E
7A50
7A4E
720C
71CC
720E
720E
7A4E
720C
720E
724E
724E
720E
618A
69CC
720E
6A0E
61CC
61CC
61CC
51CA
4948
4106
4106
4106
4106
4906
5146
5946
6148
5948
5948
5948
618A
69CC
720E
7250
7A50
720E
7A50
8294
8AD6
8294
7A54
82D8
82D6
7210
7210
7250
7A52
7A92
7A92
7A50
7210
7250
720E
69CC
69CA
698A
698A
69CA
69CA
71CA
6988
6146
6146
6988
6988
6988
6986
6146
6146
6186
6188
5946
4904
40C2
40C2
5146
5988
5988
5104
4904
5104
5946
5988
5988
5146
4906
4906
4946
4948
5148
518A
61CC
61CC
61CC
618C
598A
5948
5948
598A
5146
5946
5946
5946
5944
6146
6144
5944
6988
6946
6146
6146
6146
6986
69C8
71C8
71C8
720A
71CA
71CA
7A0C
7A0E
7A0E
824E
7A50
7A50
7A50
720E
69CC
69CC
61CA
5948
5148
5148
5148
5148
5148
4948
4948
4948
4106
4106
4106
38C4
3082
30C4
38C4
38C4
30C4
30C4
30C4
30C4
28C4
30C4
30C4
3104
3104
3104
3904
3904
3904
4104
4104
4104
4906
4946
5146
5948
5948
5948
5988
5988
5988
5946
6188
6188
6188
5946
5948
618A
5948
5948
5948
5948
5948
5906
5948
618A
598A
59CC
598C
59CC
620E
620E
6A4E
6A50
7292
7292
7292
7292
6A52
6A50
6210
620E
620E
620E
620C
59CC
5188
4948
4948
5188
4946
5188
5188
4946
4946
598A
598A
5148
598A
598A
598A
618A
69CC
720E
69CC
618A
69CA
720C
720C
71CC
7A0E
7A4E
8250
8290
7A50
720E
7A50
8290
7A50
7A50
8292
8292
7A4E
7A50
7A50
7A4E
7A4E
720E
69CC
720C
7A50
7A50
7A0E
720E
720E
720C
69CC
69CC
720E
69CC
69CC
6A0C
7250
7250
69CC
69CC
720E
69CC
69CE
6A0E
69CE
620E
59CC
518A
4148
3906
3904
4104
4906
5106
5106
5906
5948
5948
618A
69CC
69CC
61CC
69CC
720E
6A0E
7250
7A52
8294
8B18
8AD8
82D8
9B5C
7A94
7A94
7252
7252
7252
7250
7250
7250
8292
720E
69CC
69CC
71CC
69CA
618A
69CA
69CA
6988
6146
6146
6146
6988
6986
6186
5946
6146
6188
5946
5104
48C4
48C4
4904
5146
5148
5148
5146
4904
5106
5146
5106
5146
5146
4904
4906
5148
5148
4948
4948
5188
61CC
61CC
61CC
598A
598A
69CC
598A
5146
5946
5946
5946
5946
6146
6144
5944
6988
6986
6146
6146
6186
6986
6986
6988
6186
69C8
69CA
720C
7A4E
824E
7A4E
8250
7A50
7A50
7A50
720E
69CC
598A
598A
5148
598A
5148
5148
5148
5148
5148
4948
4948
4948
4948
4106
38C4
38C4
38C4
3904
3904
30C4
30C4
30C4
30C4
28C4
30C4
30C4
3104
3104
3104
3904
3946
4146
4146
4946
4946
4946
4946
5146
5146
5948
5948
5988
6188
5946
5946
6188
69CA
618A
5946
5946
5988
5948
5948
5948
6148
5948
5946
5948
618A
618A
61CA
598A
598A
61CC
620E
620E
6A50
7292
7292
6A92
6A92
6A52
6A50
6A10
620E
6A10
6A50
6A4E
620E
59CC
518A
518A
518A
4948
5188
5188
4948
4946
5188
5188
4946
598A
598A
598A
598A
61CC
69CC
69CC
618A
6188
69CC
71CC
71CC
7A0C
7A4E
824E
8290
720E
720C
720E
7A4E
720E
720E
7A50
7A50
7A50
7A50
7A50
7A4E
7A4E
720E
720C
720E
7A0E
7A50
720E
720E
720E
720C
69CC
6A0C
720E
6A0C
720E
720E
724E
720E
61CA
69CC
69CC
69CC
69CE
69CE
61CC
61CC
61CC
59CC
4146
3906
38C4
4106
4906
5106
5106
5906
5106
5948
618A
69CC
69CC
69CC
69CC
720E
720E
7250
7A52
8296
9318
8AD8
82D8
931A
82D6
7A94
7252
7250
7250
7252
7A52
7A92
8292
720E
69CC
720C
69CC
618A
6188
6188
6988
6988
6146
6146
6986
6988
6986
6146
5946
6146
6146
5946
5104
4904
4904
5106
5148
5148
5148
5146
4906
5106
5146
5146
5106
4904
4904
4946
5146
5148
4948
4946
4946
598A
598A
61CC
61CC
61CC
720E
61CC
5146
5946
5946
5946
5946
6146
6146
5944
6146
6146
6146
6988
6986
6986
6186
6186
6988
71CA
71CA
720C
824E
8250
7A4E
7A50
7A0E
720E
720E
720E
618A
598A
598A
598A
598A
518A
5148
5148
5148
5188
5148
4948
4948
4948
4948
4106
3906
3906
3906
3906
30C4
30C4
30C4
30C4
30C4
30C4
3104
3904
3104
3904
3946
4146
4146
4946
4946
4946
5146
5146
5146
5146
5946
5988
5988
6188
5946
5946
6188
69CA
618A
5946
5146
5948
5948
5948
5948
6188
5948
5946
5948
618A
618A
618A
5988
5988
61CC
620C
620C
6A4E
7290
6A50
6A50
6A50
7250
6A50
6A10
620E
620E
6A4E
6A4E
620E
59CC
59CA
518A
5188
5188
5188
5188
5188
4946
4946
4946
4946
5988
598A
5148
5148
598A
61CA
61CA
618A
6188
69CA
69CA
698A
71CC
7A0C
7A0E
8250
69CC
69CC
720E
720E
69CC
69CC
720E
7A50
8290
8290
8290
7A50
7A4E
7A4E
7A4E
7A4E
720E
7A4E
720E
6A0C
720E
720C
6A0C
6A0E
6A0C
6A0C
724E
724E
7250
720E
61CA
69CC
69CC
69CC
69CE
69CE
618C
61CC
61CE
59CC
4108
3906
30C4
3904
4106
4906
5106
5106
5106
5948
618A
61CA
69CC
6A0C
6A0E
69CC
7A50
7A92
7A52
8296
8B18
8AD8
7A96
8AD8
82D6
7A94
7252
7252
7250
7250
7A92
7A92
7A52
720E
69CC
69CC
69CC
618A
618A
6188
6988
6146
6146
6948
6988
6988
6986
6146
5946
6146
5946
5944
5104
4904
5106
5148
5148
5148
5148
5148
5106
4906
5106
5146
4904
4904
4906
4906
4906
4946
4946
5148
4906
518A
518A
61CC
6A0E
6A0E
6A0E
69CE
5146
5946
5946
5946
5946
6146
6146
6144
5904
6106
6146
6986
6988
6986
6186
6186
71CA
71CA
71CA
720A
7A4E
824E
7A4E
8250
720E
720E
720E
71CE
618A
598A
598A
59CA
59CC
598A
5148
5148
5148
518A
5148
4948
4948
4948
4948
4106
4106
3906
3906
3906
30C4
3906
3906
3104
30C4
30C4
30C4
3904
3946
3946
4146
4146
4146
4946
4946
4946
5146
5146
5146
5146
5146
5988
5988
6188
6188
6188
6188
6188
5988
5146
5146
5948
5148
5948
5988
5948
5948
5946
5948
6188
6188
6188
5948
5988
61CA
6A0C
6A0C
6A4E
6A50
6A50
6A4E
6A50
6A50
6A50
6A10
620E
620E
620E
6A0E
620E
59CC
518A
5188
5188
518A
518A
5188
518A
5188
4946
4946
5188
518A
518A
5148
5148
5988
598A
618A
618A
69CC
69CC
69CA
6188
69CA
71CA
71CC
7A0E
720C
720E
7A4E
7A4E
720C
69CC
720E
8290
8AD2
8292
8292
8290
7A4E
7A4E
7A50
7A4E
720E
720E
720E
6A0C
6A0C
720E
720E
720E
6A0C
6A0E
724E
724E
7A50
724E
61CC
69CC
6A0E
61CC
69CC
69CC
618C
61CE
61CE
59CC
4948
3906
3904
38C4
3904
4906
5106
5106
5104
5948
6188
618A
69CC
720C
6A0E
69CC
7210
7A50
7A52
7A94
8AD6
82D6
8AD8
935A
7A94
7A94
7A92
7A94
7A92
7250
7250
720E
720E
69CE
69CC
69CC
69CC
618A
618A
698A
6988
6948
6948
6988
6988
6988
6986
6986
6146
6146
5946
5946
5104
5146
5146
5988
598A
5148
5148
5148
5106
4906
5106
5148
4904
4906
4906
4906
4904
4906
4948
5148
5148
598A
518A
61CC
6A0E
61CC
61CC
618C
5146
5146
5946
5946
5946
5946
6144
6146
5904
6146
6146
6146
6146
6146
6186
6186
6988
69C8
69CA
71CA
7A4E
8250
8250
8290
7A0E
7A50
7A50
69CC
5948
5988
598A
5188
61CC
598A
518A
5148
5148
5148
5148
4948
4948
4948
4148
4106
4106
3906
3906
4106
3906
3906
3906
3904
30C4
30C4
30C4
3104
3946
3946
4146
4146
4146
4946
4946
4946
5146
5146
5146
5146
5146
5148
5988
5988
6188
5988
5988
5988
5948
5148
5148
5148
5106
5148
5948
5948
5146
5946
5946
5948
5946
6188
5988
6188
69CA
6A0C
6A0C
6A4E
6A0E
6A0E
620E
6A0E
6A0E
6A50
6A50
6A0E
7250
6A50
6A0E
620E
61CC
59CA
598A
598A
59CA
59CA
59CA
59CA
5988
4946
5146
598A
518A
518A
5148
5188
598A
598A
618A
618A
69CC
69CC
69CA
618A
69CA
69CA
69CA
720C
720E
7A4E
7A50
7A50
7A4E
720C
7A4E
8290
8AD2
8290
8290
8290
7A4E
7A4E
7A4E
7A4E
720E
720E
720E
720E
6A0C
720E
720E
720E
6A0E
69CC
6A0E
6A0C
7250
7250
61CC
61CC
7210
61CE
618C
618C
618C
69CE
61CE
598C
518A
498A
4146
3904
38C4
4104
4906
5106
4906
5946
5948
5988
618A
69CC
6A0C
69CC
6A0E
7250
7A52
7A94
8294
8296
82D8
935A
7252
7A94
7252
7A94
7A94
7250
7250
6A0E
69CC
69CC
69CC
69CC
69CC
618A
618A
69CA
6988
6988
6988
6988
6988
6988
6988
6988
6146
6186
6186
5946
5146
5146
5988
598A
598A
5148
5108
5148
5148
5106
5106
5148
5106
5106
4906
4906
40C4
4906
4948
518A
5148
598A
5148
598A
61CC
598A
598A
598A
5104
5104
5904
5946
5946
5946
5944
6146
6146
6146
6988
6148
6146
6146
6144
6146
6186
69C8
71CA
720C
7A4E
7A4E
7A0E
7A4E
720E
7A0E
7A10
69CC
5948
598A
61CA
5188
59CC
598A
518A
518A
5148
5148
5148
4948
4948
4106
4106
4106
3906
3906
3906
4106
3906
3906
3906
3906
30C4
30C4
3104
3104
3904
3904
3946
4146
4146
4948
4946
4946
4946
5146
5146
5146
5146
5146
5148
5988
5946
5948
5948
598A
5948
5148
5148
4946
4906
5146
5148
5146
5146
5146
5946
5946
6146
6188
6188
61CA
69CA
6A0C
620A
6A0C
6A0E
6A0E
6A0E
6A4E
6A50
6A50
7250
7250
7250
7250
6A0E
620C
61CA
598A
598A
598A
61CA
59CA
61CA
61CA
59CA
5988
5988
59CA
518A
5148
5148
598A
598A
59CA
598A
618A
618A
61CA
69CA
69CA
720C
71CC
69CA
71CA
7A4E
7A4E
7A4E
7A4E
7A4E
720C
720E
8290
8292
8290
7A50
7A50
7A50
7A50
7A4E
720E
720E
720E
7A50
720E
6A0C
720E
724E
6A0E
69CC
61CC
61CC
618A
6A0E
7250
61CC
61CC
6A10
61CC
618C
618C
698C
69CE
61CE
518C
59CC
51CC
498A
4146
3904
3904
4906
4906
5106
5106
5946
5948
5988
61CA
69CC
6A0C
6A0E
7A50
8294
82D4
7A94
7A94
7A94
8296
6A10
7252
7250
7252
7252
7210
7A52
7250
69CE
69CE
6A0E
69CC
69CC
618A
618A
618A
6988
6988
6988
6988
6988
6988
6988
6988
6186
6186
6188
5986
5988
5988
5988
598A
5148
5148
5108
5148
5148
5148
5146
5946
5148
5106
48C6
48C4
4906
4908
514A
518A
4948
518A
5148
518A
598A
598A
61CC
618C
5104
5104
5104
5946
5946
5944
5944
6146
6146
6948
6988
6988
6146
6144
5944
5946
6186
69CA
720C
720C
7A0E
7A0C
720C
7A0E
69CC
71CC
71CC
618A
5948
618A
61CC
598A
598A
598A
598A
518A
5148
5148
4948
4948
4948
4106
4106
4106
3906
3906
3906
4148
3906
3906
3906
3906
3104
3104
3106
3906
3906
3946
4146
4146
4946
4948
4948
5148
4904
5146
5148
5148
5146
4946
5146
5146
5146
5148
5948
5948
5148
5148
5148
4948
4906
4946
5148
5146
5146
5146
5946
5946
5946
6188
6188
6188
69CA
61CA
620A
6A4E
724E
724E
7250
7250
7250
7290
7A92
82D4
7A92
7250
6A0E
6A0E
61CC
61CA
598A
598A
61CC
61CA
61CA
61CA
59CA
5988
5988
598A
5188
4948
5148
598A
61CC
61CA
598A
5988
5988
618A
6188
69CA
720C
720C
69CA
720A
7A4E
7A4E
720C
720C
7A4E
720E
720C
7A4E
7A4E
7A4E
7A4E
7A4E
8290
8290
7A4E
720C
720E
7250
7A50
7250
6A0E
720E
724E
6A0C
61CC
61CC
61CC
61CA
6A0C
6A0E
61CC
61CC
61CE
61CC
618C
618C
618C
618C
618C
598C
59CE
5A0E
51CC
4988
4106
3904
4106
4904
5106
5106
5146
5948
5948
5988
61CA
6A0C
6A0E
7210
7A52
7A94
7A94
7A94
7A94
7A54
6A10
7294
7250
7252
7252
6A10
7A52
7250
69CE
6A0E
720E
720E
69CC
618A
6188
6188
6988
6988
6988
6988
6988
6988
6986
6986
6146
6186
6188
6188
5988
5988
5988
5988
5146
5146
5146
5146
5948
5948
5948
5146
5148
4906
40C4
48C6
4908
514A
598C
514A
4948
598A
518A
5148
5148
5148
61CC
61CC
5104
5104
5104
5946
5946
5944
5944
6146
6146
6146
6988
6988
6146
6146
5946
6146
6146
6988
71CA
71CA
720C
720C
720E
8250
71CC
69CC
69CC
618A
5948
598A
598A
598A
598A
598A
598A
598A
5148
4948
4948
4948
4948
4106
4106
4106
4106
3906
4106
4948
3906
3906
3906
3906
3906
3906
3906
3946
3946
4146
4146
4948
4948
4948
4948
5148
4104
4946
5188
5188
5146
4946
4906
5146
5148
5148
5148
5148
5148
5148
5148
5148
4106
5146
5148
5146
5146
5146
5946
5946
5946
6188
6188
6188
61CA
61CA
6A0C
724E
7250
7A90
7A92
7A92
7A92
7A92
82D4
8B16
82D4
8292
7A52
7250
6A0E
69CC
61CC
61CC
69CC
69CC
61CC
61CA
618A
5988
5988
5988
5148
4946
4948
598A
61CC
61CC
598A
5988
61CA
6188
5988
6188
69CA
69CA
69CA
720C
7A4E
7A4E
720C
720C
7A4E
720E
720C
720E
720E
720E
720C
724E
8292
8292
724E
720E
720E
724E
7A92
7A50
6A0E
720E
724E
69CC
61CC
6A0C
6A0E
61CC
6A0E
6A0E
61CC
61CC
598A
598C
61CC
618C
594A
594A
618C
598C
59CC
5A0E
5A0E
51CA
4146
4106
4106
4106
4906
5106
5146
5948
5948
5948
618A
6A0C
724E
724E
7250
7292
7A92
7A94
7A52
7212
7252
7A94
7252
7A94
7A52
6A0E
7250
6A0E
69CE
720E
720E
720E
69CC
618A
6188
6188
6148
6948
6988
6988
6988
6986
6146
6146
6146
6186
6188
6188
6188
5986
5146
5146
5104
5106
5146
5106
5948
6188
5948
5106
5106
48C6
40C4
48C6
514A
598C
598C
514A
518A
61CC
59CC
518A
4906
4908
61CC
598A
4904
4904
5104
5104
5104
5944
5944
5946
5904
6106
6146
6148
6146
6146
6146
6146
6186
6988
6988
6988
71CC
720C
7A0E
8250
69CC
69CC
618A
5988
618A
61CC
61CA
5948
5988
598A
598A
598A
5148
4946
4946
4946
4946
4906
4106
4106
4106
3904
4106
4948
4146
4146
4146
3906
3906
3906
3946
4146
4148
4148
4148
4948
5148
5148
5148
5146
5148
5148
5148
5148
5148
4906
5106
5106
5146
4948
4946
4906
4906
4906
4906
4906
4946
4906
5146
5146
5146
5146
5946
5988
5948
618A
69CA
69CA
6A0C
724E
7A4E
724E
7A90
7A92
82D2
82D4
8B14
8B14
9356
9B98
8B16
9318
8B16
8294
7A50
720E
6A0E
6A0E
720E
6A0C
69CC
69CA
69CA
6188
5988
5988
5148
5188
59CA
61CC
69CC
61CA
6188
5988
6188
61CA
61CA
61CA
69CA
69CC
6A0E
720E
720E
71CC
71CC
69CC
69CC
720E
7A50
720E
720E
7A50
720E
720E
8292
82D4
7A50
69CC
6A0C
720E
7A50
7A50
720E
724E
7250
6A0C
61CC
6A0C
724E
724E
6A0C
620C
6A0C
724E
598A
598A
61CC
61CC
598A
598C
61CE
59CC
59CC
59CC
61CC
61CC
518A
4948
4906
4106
5148
5108
5108
5948
598A
618A
618A
5988
620C
6A4E
6A4E
6A4E
7250
82D4
7A92
61CE
6A0E
7A92
8AD6
82D4
7A50
720E
6A0E
6A0E
69CC
61CA
61CA
61CA
61CA
5988
5988
6188
6188
6988
6948
6148
6148
6146
6146
6146
6146
6146
5946
6186
6186
6186
5986
5946
6148
5906
5906
5946
5948
5946
5946
5948
5948
4906
48C4
4906
5148
514A
514A
518A
5148
59CC
59CA
5188
4106
4906
598A
61CC
5104
5104
5104
5104
5144
5944
5944
5946
5904
6146
6146
6146
6146
6146
6186
6186
69C8
69C8
6188
6988
720C
7A0C
720C
720C
69CC
61CA
5988
5988
618A
618A
618A
5988
5988
598A
598A
5188
4948
4946
4146
4948
4948
4906
4106
4106
4106
3906
4106
4146
4146
4146
4148
3946
3946
3946
4146
4146
4148
4148
4948
4948
5148
5148
5148
5146
5148
5148
5148
5148
5148
5146
5106
5146
4946
4946
4946
4906
4906
4906
4906
4906
5106
5106
5146
5946
5988
5946
5988
6188
6188
69CC
720E
720E
7A4E
7A90
8290
7A90
8292
82D2
8B14
8B14
8B14
8B14
9316
9356
9B5A
9B5A
9B58
8B16
8294
8292
7A92
7A50
724E
720E
6A0C
720C
720C
69CA
61C8
61CA
5988
598A
61CA
61CA
69CA
69CA
61CA
6188
61CA
61CA
61CA
61CA
61CA
61CA
69CC
69CC
71CC
71CC
71CC
71CC
71CC
7A0E
7A50
720E
720E
7A50
7250
7250
7A92
8294
7A50
720E
724E
724E
724E
724E
720C
720E
724E
6A0C
6A0C
724E
724E
724E
6A0C
61CA
61CA
620C
598A
598A
61CC
61CC
598A
598A
61CC
598A
59CC
59CC
59CC
61CC
598A
518A
4948
40C6
4908
4908
4908
5148
598A
618A
618A
5988
59C8
620A
620C
620C
6A0E
7250
7250
7250
6A0E
7A52
8294
7A92
7210
69CE
69CC
69CC
69CC
618A
618A
61CA
61CA
5988
59C8
61CA
69CA
698A
6988
6148
6148
6148
6146
6146
6988
6188
6186
6186
6186
6186
5986
5946
6148
6106
5906
5946
5948
5946
5906
5946
5948
5106
4906
4906
5148
514A
514A
518A
5148
59CA
59CA
518A
4948
4948
518A
618C
5144
5144
5104
5144
5144
5944
5944
5946
5904
5906
6146
5946
5946
6146
6186
6988
71CA
71CA
6988
6988
720C
720C
69CA
69CA
69CA
5988
5948
5988
598A
5988
5988
5988
5148
5988
598A
5188
4948
4946
4146
4948
4948
4946
4106
4106
4106
4146
4146
4146
4148
4148
4148
4148
4146
4146
4148
4148
4146
4146
4948
4988
5188
5148
5146
4906
5146
5146
5146
5146
4946
4906
5106
5106
4906
4906
4906
5146
5146
5146
5146
5146
5146
5146
5946
6188
6188
6188
69CA
69CA
71CC
7A0E
7A4E
8250
8290
8292
8A92
8A92
8AD2
9314
9B56
9316
9316
9316
9316
9316
A35A
9B5A
9B58
9316
8AD4
8AD4
8AD4
8292
7A4E
7A4E
720E
720E
7A4E
724E
69CA
6A0C
61CA
61CA
69CA
69CC
720C
6A0C
69CA
69CA
6A0C
6A0A
61CA
61CA
61CA
618A
618A
698A
698A
69CA
71CC
720E
71CC
7A0E
7A50
720E
7A50
7A50
7A50
7A50
7A92
7A52
7250
7250
7250
724E
724E
724E
6A0C
69CC
720C
720E
720E
724E
724E
724E
6A0C
61CA
59CA
598A
598A
61CC
6A0E
61CC
598A
598A
59CC
518A
59CC
59CC
59CC
59CC
59CA
59CA
5188
40C6
4908
4906
4908
5148
594A
618A
618A
5988
61CA
620C
6A0C
620C
61CC
620C
6A0E
7250
6A0E
7250
7A52
7250
6A0E
69CE
720E
720E
69CC
618A
5988
61CA
61CA
5988
59CA
6A0C
698A
6988
6188
6148
6148
6188
6988
69CA
6988
6988
6188
6188
6188
6188
6188
6188
6148
6148
6148
6146
5946
5946
5106
5104
5948
5948
5148
5148
5148
514A
598A
598A
5148
518A
518A
498A
518A
518A
518A
61CE
5104
5104
5104
5104
5104
5944
5944
5946
5946
5946
5946
5946
5944
6146
6186
6986
6988
71CA
71CA
71CA
71CC
69CA
698A
69CA
61CA
5948
5146
5988
5988
5948
5148
5988
5148
5188
5188
5188
4948
4946
4946
4948
4106
4946
4106
4106
4106
4948
4148
4146
4146
4148
4148
4148
4148
4146
4148
4148
4148
4188
4988
5188
518A
5188
5146
4906
4946
5146
5146
5146
4946
4944
5104
5146
5106
5106
5106
5146
5146
5146
5946
5946
5948
6148
6188
69CA
71CA
71CA
720C
824E
8250
8250
8250
8250
8A50
8A92
92D4
92D4
92D4
9B16
A358
9B16
9316
9B58
9316
9316
9B58
9B58
9B58
9B18
9316
9316
9316
8A92
8250
8290
7A50
7A4E
8290
7A4E
720C
720C
720C
720E
71CC
69CC
720C
720C
71CA
69CA
720C
69CA
69CA
69CA
69CC
69CC
69CC
69CC
698A
698A
71CC
720C
69CC
720E
7A50
720E
720E
724E
7250
7250
7250
6A0E
6A0E
7250
7A90
6A0E
720E
724E
6A0C
69CC
6A0C
720E
6A0C
724E
724E
724E
620C
59CA
5988
598A
598A
61CC
6A0E
61CC
598A
598A
598A
518A
598A
59CC
61CC
59CC
518A
59CC
598A
4906
4106
4106
4906
4908
5948
598A
618A
598A
6A0C
6A0C
6A0E
6A0E
6A0E
6A0E
7210
7210
7250
7250
7250
6A0E
69CE
69CE
720E
7A50
69CC
6188
5988
69CA
69CA
5988
5988
61CA
6188
6188
6188
6188
6988
6988
69C8
69CA
6188
6188
6186
6186
6188
69C8
69C8
6988
6188
6148
6148
6148
6148
5946
5946
5106
5948
5988
5988
5146
5148
514A
598A
598A
5148
4948
4988
4948
518A
59CC
518A
6A10
4904
4904
4904
5104
5104
5104
5144
5944
5946
5946
5946
5946
5946
5946
6146
6146
6146
71CA
720C
71CC
71CC
698A
698A
69CC
618A
5146
5146
5988
5988
5146
5146
5988
5148
5148
5148
5148
4948
4946
4946
4948
4106
4146
4146
4106
4146
4148
4148
4146
4146
4146
4148
4148
4146
4146
4948
4948
4988
4988
5188
59CA
59CA
5988
5148
5146
5146
5186
5186
5186
5146
5146
5146
5146
5146
5146
5946
5946
5948
6148
6188
6188
698A
6988
71CA
79CC
7A0C
820C
824E
8A90
9292
9292
9292
8A92
8A92
9292
92D4
9B16
92D6
9B16
A35A
9B16
9B16
A35A
9B58
9B58
A39A
A35A
A39A
A39A
9B5A
9B58
9B58
8AD4
8292
8AD2
8290
7A50
7A50
7A4E
720E
720E
7A50
7A50
7A0C
71CC
7A0C
7A0C
71CA
720C
720C
720A
6A0A
720C
720C
720C
71CC
69CA
69CA
69CA
69CC
69CC
69CA
69CC
720E
720E
6A0C
69CC
6A0E
720E
6A0C
61CC
6A0C
7250
724E
6A0C
6A0E
724E
6A0C
69CC
6A0C
720E
69CC
724E
7A50
724E
61CC
598A
598A
59CA
598A
61CE
6A0E
61CC
59CC
59CC
598A
518A
518A
59CC
620E
59CC
5188
598A
59CC
518A
4908
4106
4106
4906
5148
598A
598A
5988
61CA
620C
620C
6A0C
7250
7A92
7A52
720E
7A52
7250
7250
7210
6A0E
69CC
69CC
69CC
618A
6188
618A
69CC
6A0C
59C8
5988
5988
6188
6188
6188
618A
6988
6188
6188
6188
6188
6146
6146
6188
6188
6988
6988
6188
6188
6988
6988
6188
6188
6148
5946
5946
5946
5988
5988
5146
5148
5148
598A
598A
518A
4948
4948
4148
518C
59CC
494A
6210
4904
4904
4904
4904
5104
5104
5104
5104
5946
5946
6146
6146
6146
5946
6146
6146
6146
6988
71CA
71CC
71CC
71CC
69CA
71CC
618A
5988
5948
5988
5988
5146
5146
5988
5148
5148
5148
4948
4948
4948
4948
4948
4148
4148
4148
4146
4146
4146
3946
3906
4146
4146
4146
4146
4146
4948
4948
4988
5188
5188
59CA
59CA
61CA
59CA
5988
5146
5146
5146
5146
5146
5146
5144
5146
5946
5946
5946
6148
6148
6188
6988
698A
71CA
71CA
79CA
79CC
820E
8A4E
8A4E
9290
9AD2
9A92
9A92
9AD4
9AD4
9AD4
9292
9294
92D4
92D4
92D6
A358
9B16
9316
A35A
A35A
A39A
A39C
A39A
ABDC
ABDC
A39A
A39A
A39A
9316
9316
9316
8AD4
8292
7A90
7A90
8290
8290
8290
8290
7A0C
71CC
820E
820E
7A0C
7A0C
720C
720C
720C
720C
720A
71CA
69CA
698A
69CA
69CA
69CA
698A
618A
69CC
720E
6A0C
61CC
61CA
69CC
6A0E
61CC
61CC
6A0C
6A0E
6A0E
6A0C
720E
724E
720E
6A0C
6A0E
6A0C
6A0C
724E
7A50
724E
61CC
5988
5988
598A
598A
61CC
61CE
61CC
61CC
61CC
598A
598A
518A
59CC
61CC
59CC
5148
518A
59CC
59CC
494A
4948
4106
4106
4948
5188
598A
598A
61CA
61CA
61CC
6A0C
7250
8292
7A52
6A0E
6A0E
6A0E
720E
7250
720E
69CE
618A
618A
69CA
618A
618A
69CA
69CA
61CA
5988
5946
5146
5946
6188
6188
698A
69CA
698A
6188
6988
6988
6188
6188
6988
6188
6186
6146
6188
6988
698A
6188
6188
6188
6188
6188
5946
5946
5948
5148
5148
5148
598A
598A
5148
4948
518A
4948
51CC
59CC
494A
598C
4904
4904
4904
4904
5104
5104
5104
5104
5946
5946
5946
6146
6146
6146
6146
6146
6146
6988
698A
69CA
720C
71CE
71CC
720C
618A
5988
5988
59CA
5988
5148
5148
5988
5148
5148
4946
4946
4948
4948
4948
4948
4148
4146
4148
4148
4146
3906
3904
3904
4146
4146
4146
4946
4948
4948
5188
518A
59CA
59CA
59CA
61CA
61CA
61CA
5988
5988
5146
5146
5146
5146
5146
5144
5946
5946
6188
6188
6988
6988
6988
71CA
79CC
7A0C
820C
820C
820C
8A4E
8A4E
924E
9A90
9AD2
9A92
9A92
9A92
9A92
9292
8A52
8A52
8A92
9294
8A94
9B18
92D6
9316
A35A
9B58
A39C
9B9A
9B5A
A39C
A3DC
9B9C
A3DC
ABDE
9B9A
9B9A
9B5A
9B58
8B16
7A92
8292
8B16
8B14
8290
8A90
7A0E
7A0C
824E
824E
7A0C
824E
7A4E
7A4C
7A4C
720A
71CA
69CA
69CA
69CA
69CA
698A
618A
6188
6188
69CA
720C
69CC
61CA
618A
69CC
6A0E
61CC
61CC
6A0C
6A0C
6A0C
6A0C
724E
724E
6A0E
720E
720E
69CC
724E
724E
724E
6A0E
61CC
59CA
5988
598A
598A
598A
598A
61CC
61CC
61CC
598A
59CC
518A
598A
59CC
59CC
518A
518A
59CC
59CC
518C
494A
4108
4106
4106
4948
5188
5988
61CA
61CC
6A0E
6A0E
7210
7250
7A52
7A52
6A10
6A0E
6A0E
7210
720E
69CE
61CC
618A
69CC
69CC
61CA
618A
61CA
61CA
61CA
5988
5946
5946
5948
6188
6188
618A
69CA
69CA
69CA
69CA
69CA
69CA
69CA
6988
6188
6146
6988
69CA
698A
6188
6186
6188
6188
6188
5946
5946
5946
5948
5948
5948
598A
598A
5148
5148
518A
498A
518C
59CE
518A
518A
4904
4904
4904
5104
5104
5104
5104
5144
5946
5946
5946
5946
6146
6146
6186
6186
6146
6988
698A
69CA
720E
720E
71CE
720E
618A
59CA
61CA
61CA
5988
5948
5148
5988
5148
5148
4946
4946
4948
4948
4948
4948
4146
3946
4146
4148
4146
3906
3904
4146
4146
4146
4946
4946
4948
5148
598A
59CA
61CA
61CA
61CA
69CC
69CC
69CA
618A
6188
6188
61C8
61C8
6188
6188
6188
6188
69C8
6988
6988
6988
6988
7188
79CA
7A0C
820C
820C
820C
8A0C
8A4E
924E
9250
9A90
A2D2
9A92
9252
9250
9250
8A50
820E
8210
8A52
8A92
8A52
92D6
92D6
92D6
9B5A
9318
A39C
935A
931A
9B9C
A3DE
9B9C
AC20
BC62
AC20
A3DE
A39C
A39C
9358
8294
8AD6
9B9A
9B58
8290
8290
7A0E
7A0C
8A50
8A50
824E
8290
8290
828E
7A4E
720C
71CA
71CA
71CA
720C
698A
6188
6188
6188
6188
69CA
720C
69CA
61CA
61CA
6A0C
6A0E
6A0C
6A0E
6A0E
620C
6A0C
6A0E
7250
724E
6A0C
720E
720E
61CC
724E
724E
6A0E
6A0C
6A0C
61CC
59CA
598A
5148
594A
514A
598A
61CC
59CC
598A
61CC
598A
5148
518A
59CC
598A
59CA
59CC
59CC
59CC
498A
4148
4106
4106
4948
5188
5188
598A
61CC
6A0E
7250
720E
720E
8292
9318
82D4
7A92
7210
6A0E
6A0E
61CC
618A
618A
720E
720C
69CA
6188
6188
69CA
69CA
61CA
69CC
69CA
6188
5988
5948
6188
6188
6188
69CA
71CA
71CA
71CA
71CA
71CA
6988
6188
6988
69CA
69CA
6188
5946
5986
6188
5986
5946
5146
5946
5988
598A
598A
598A
61CC
5148
5148
518A
4948
518A
61CE
59CC
59CC
4904
4904
4904
4904
5144
5144
5104
5104
5104
5944
5946
5946
6146
6146
6146
6146
6146
6148
6188
698A
69CC
720E
71CE
69CC
5988
61CA
59CA
5988
5988
5988
5146
5146
5146
4946
4906
4946
4948
4948
4146
4146
3904
4146
4988
4988
4146
3906
3906
4146
4946
4948
5188
5188
5148
5988
618A
61CC
6A0C
720C
720C
720C
720C
720C
71CC
69CA
6188
6188
6188
6188
6188
6988
6988
6988
7188
6988
7188
79CA
79CA
79CA
820C
8A50
820C
8A0E
8A0E
8A0E
9250
9A92
9A92
8A4E
9A92
9292
8A50
8210
820E
8210
8A52
8A94
8A94
8A94
8A94
92D6
9B18
9B5A
9B5A
9B5A
8B18
9B5A
9B9C
9B5C
A39C
AC20
B462
B462
AC20
B420
B462
A3DE
8B18
935A
ABDE
ABDE
9316
9314
8290
8250
8A92
8A90
8250
8250
8290
7A4E
720C
720C
7A4C
7A4E
7A0C
720A
69CA
71CC
69CA
698A
6188
69CA
69CA
69CA
6188
61CA
69CC
61CA
61CA
61CA
61CA
61CC
6A0C
7250
7A50
7250
720E
724E
720E
6A0C
7A50
724E
69CC
61CC
6A0E
620C
598A
598A
598A
594A
5148
598A
61CC
598A
518A
59CC
598A
598A
598A
59CC
59CC
59CA
598A
59CC
59CC
51CC
498A
4106
38C4
4106
5188
59CC
598A
61CC
6A0E
6A0E
6A0E
7A50
8AD4
7A92
7252
7250
7250
7250
7250
61CC
618A
69CC
69CC
69CC
6188
5946
5988
5988
5988
61CA
69CA
69CC
618A
61CA
69CA
69CA
69CC
6188
69CA
69CA
69CA
698A
69C8
69CA
6988
6146
6988
69CA
6188
6188
6186
5946
6188
5986
6188
5946
5948
618A
598A
5988
598A
598A
5948
5148
5148
4106
5188
6A4E
61CE
598A
4904
4904
4904
4904
5104
5104
5104
4902
5104
5944
5946
5946
6146
6146
6146
6146
6146
6188
698A
698A
69CC
71CE
69CE
61CC
5988
61CA
59CA
5988
5988
5988
5148
5148
5148
4946
4906
4106
4146
4146
4146
4146
3906
4148
4988
4188
4146
3906
4106
4146
4988
5188
5188
5188
5948
5988
618A
69CC
720C
720C
7A0C
720C
71CC
79CC
71CC
69CA
6988
6188
6188
6188
6188
6988
6988
7188
718A
7188
718A
79CA
820C
820C
820C
8A0E
820C
8A0E
8A50
8A0E
8A50
9250
9250
8A4E
8A50
8A50
8A52
8A50
8210
8210
8210
8252
8A94
8A94
8A94
8AD6
92D6
9318
9318
8AD8
9318
9B5A
9B5C
9B5C
9B5C
ABDE
ABE0
ABE0
AC20
B420
B422
ABE0
9B5C
A39E
B462
B462
A39A
9B58
9316
8AD4
92D4
8AD2
8290
8290
8292
7A4E
720C
720C
7A0C
7A4E
824E
7A0C
720A
720C
71CC
69CA
6188
61CA
69CA
69CA
6188
61CA
69CA
61CA
61CA
61CA
61CA
61CA
6A0E
7250
7A50
724E
6A0E
720E
6A0E
69CC
720E
720E
6A0C
6A0E
724E
6A0C
598A
5188
598A
594A
5148
598A
61CE
61CC
598A
61CC
59CC
598A
518A
59CC
59CC
59CC
59CC
59CC
59CC
518C
494A
4106
3906
4106
4948
518A
598A
61CC
69CC
6A0E
69CE
7250
8294
7A50
7250
7250
6A10
7250
7250
61CC
618A
69CC
69CC
69CC
618A
6188
6188
6188
5988
61CA
61CA
69CA
618A
61CA
69CC
720C
7A4E
720C
69CA
698A
6188
6188
6188
6188
6146
5946
5946
6188
6188
6188
6188
6188
61C8
6188
5988
5988
5988
5988
598A
5988
598A
598A
5988
5148
4946
40C4
4948
620E
61CC
598C
4904
4904
4904
4904
4904
5104
5104
4902
5104
5104
5946
6146
6146
6146
6146
6148
6188
698A
69CA
69CC
71CE
720E
69CE
61CC
5988
61CA
59CA
5988
5988
5988
5188
5188
5146
4946
4906
4946
4146
4146
4146
4146
4146
4148
4948
4148
4146
4146
4146
4948
5188
5188
5988
5988
5988
6188
69CA
69CA
71CC
7A0C
7A0C
79CC
79CC
79CC
79CC
71CA
69CA
698A
6188
6148
6148
6988
718A
718A
718A
7188
718A
79CC
820E
820E
820C
79CC
81CC
8A0E
8A50
8A0E
8A0E
8A50
8A50
8A0E
820E
8250
8A52
8250
7A0E
7A0E
7A10
7A50
8AD6
8A94
8294
8294
8AD6
8AD6
82D6
8296
8AD8
931A
931A
92DA
9B1A
A35C
A35C
9B5C
A35E
A35C
AB9E
A39E
9B5C
AB9E
BC22
B420
ABDC
A3DA
9B58
9316
9316
92D4
8A94
8AD4
8AD2
7A50
720C
720C
720C
7A4E
824E
824E
7A0C
7A0C
720C
71CA
69C8
69C8
69CA
69CA
61CA
61CA
61CA
69CA
61CA
61CA
61CA
61CA
6A0C
7250
7A50
720E
6A0E
6A0C
69CC
61CC
6A0E
6A0E
6A0E
6A0E
7250
6A0E
598A
5188
598A
598A
5148
598A
61CC
61CC
59CC
61CC
61CC
598A
518A
598A
61CC
61CC
59CC
59CC
51CC
518A
494A
4148
4106
4106
4148
4948
518A
61CC
61CC
69CE
69CC
720E
7A92
7250
6A50
6A50
6A0E
6A0E
720E
69CC
618A
69CC
69CA
69CA
618A
69CA
69CA
6188
6188
61CA
618A
69CA
6188
61CA
69CC
720C
7A4E
720C
69CA
618A
6188
6188
6188
5946
5946
5946
5146
61CA
6188
5988
61C8
6188
6188
6188
5946
5988
5988
5988
598A
598A
598A
598A
598A
5146
4906
40C4
4906
61CC
61CC
61CC
4104
4104
4904
4904
4904
4904
5104
5104
5102
5104
5944
6146
6146
6146
6148
6988
69CA
71CA
720C
720E
720E
6A0E
69CE
61CC
598A
59CA
61CA
59CA
598A
5988
5988
5988
4906
4906
4946
4948
4948
4146
4106
4146
4148
4948
4948
4948
4148
4948
4988
5188
5188
598A
5988
5988
5948
6188
69CA
71CA
71CA
79CC
79CC
79CC
79CC
79CC
79CC
71CA
71CA
698A
6988
6948
6948
6948
718A
718A
718A
718A
718A
79CC
79CC
79CC
79CC
79CC
81CE
820E
8210
820E
820E
8210
8210
820E
8210
8252
8A52
8250
71CE
71CE
71CE
7A10
8A94
8294
8294
8294
8294
8294
8294
8254
8296
8A96
8A96
8A96
8A98
92D8
92DA
92D8
92D8
92D8
92DA
9B1A
9B1A
A35C
AB9E
A35C
9B5A
9358
9358
9318
9318
9316
92D6
92D6
8AD4
8292
7A4E
720C
720C
7A0E
7A0E
7A0E
824C
7A4C
7A0C
720C
71CA
69CA
69CA
61CA
69CA
6188
61CA
61CA
61CA
61CA
69CA
61CA
6A0C
724E
7250
720E
6A0E
6A0E
6A0C
69CC
6A0E
6A0E
6A0E
6A0E
6A4E
6A0C
59CA
598A
598C
598A
514A
598A
61CC
61CC
61CC
61CC
61CC
598A
518A
59CA
61CC
61CC
59CC
59CC
518C
51CC
518A
494A
4106
3906
4106
4106
5148
598A
618A
69CC
69CC
6A0E
7A92
7250
6A0E
6A0E
6A0E
6A0E
6A0E
69CC
61CC
69CC
618A
618A
618A
69CC
69CA
6188
6188
69CA
61CA
69CA
6188
61CA
69CA
69CA
720C
69CA
720C
69CA
6188
61CA
6188
6188
5946
5946
5946
6A0C
61CA
5988
61CA
5988
5986
5146
5146
5988
598A
5188
598A
598A
514A
5148
598A
4946
4906
40C4
4106
59CC
61CC
61CC
4104
4104
4904
4904
4904
4904
4904
5104
5102
5904
5944
6146
6146
6146
6948
6988
69CA
69CA
71CC
720E
69CE
61CC
598C
598A
59CA
59CA
61CA
61CA
598A
5988
5988
5188
4946
4946
4946
4948
4946
4106
4106
4146
4148
4948
4948
4948
4948
5188
518A
598A
598A
598A
5988
5988
5946
6148
6988
69CA
718A
79CA
79CA
718A
718A
71CA
71CA
718A
698A
698A
698A
698A
698A
698A
718A
718A
718A
718A
718C
718A
718A
71CC
79CC
7A0E
7A0E
7A0E
79CE
79CE
79CE
8210
8210
7A10
7A10
8252
8252
7A50
71CE
69CE
69CE
71CE
8252
7A52
7210
7210
7A52
7A52
7210
7210
7A10
7A12
7A12
7A12
8254
8A94
8A96
8254
8254
8254
8A96
9298
92D8
9B1A
9B1A
8AD6
8294
82D4
8AD6
9316
92D8
92D8
9318
9318
92D6
8AD4
8292
8250
7A4E
7A0E
820E
7A0C
824E
824E
824E
7A4C
7A0C
71CA
69CA
6988
69CA
6188
69CA
69CA
6188
69CA
69CA
61CA
61CC
6A0E
720E
720E
720E
720E
720E
6A0E
720E
6A0E
6A0E
6A0E
6A0E
61CC
61CC
61CC
61CC
598A
598A
598A
598A
598C
61CC
61CC
598A
598A
59CA
59CC
59CC
59CA
59CA
59CC
518C
59CC
59CC
518A
4148
3906
4106
4948
5148
594A
598A
61CC
69CC
6A0E
7A92
7250
6A0E
620E
6A0E
620E
6A0E
6A0E
69CC
61CC
618A
618A
618A
69CA
69CA
618A
61CA
69CA
69CA
69CC
618A
69CC
69CA
618A
69CA
618A
69CC
69CA
618A
69CA
69CA
6188
5946
5946
6188
724E
61CA
5988
61CA
5988
5146
4904
5146
59CA
5988
5148
5148
518A
518A
598A
598A
4906
4906
4106
4948
59CC
61CC
61CC
40C2
4104
4904
4904
4902
4904
4904
5104
5104
5904
5944
6146
6146
6146
6948
6988
698A
698A
698A
61CC
618A
518A
514A
518A
59CA
59CA
61CA
620C
59CA
5988
5188
5148
5148
4948
4946
4946
4106
3904
4146
4988
4948
4948
4948
4948
518A
518A
598A
598A
5988
5988
5988
5946
5946
5946
6188
6988
6988
7188
7188
7188
6948
7188
6988
6988
6148
6188
698A
698A
698A
694A
694A
694A
718C
71CC
79CC
718C
718A
718C
79CE
7A0E
79CE
79CE
71CE
71CE
71CE
79CE
7A10
7A10
7210
7A10
8252
8252
7A10
71CE
618C
618C
7210
69CE
69CC
618C
69CE
69CE
69CE
618C
698E
698E
718E
71CE
71D0
7A10
7A10
7A10
79D0
7210
7A12
7A52
8254
8294
8254
7A12
7A52
7252
7A94
8296
8296
8A96
8AD6
8AD6
92D8
92D6
8A94
8A94
8A52
8250
820E
820E
820E
7A0C
824E
824E
7A0C
71CA
69CA
69CA
71CA
6188
69CA
69CA
6188
61CA
6A0C
69CA
61CC
61CC
6A0E
6A0E
7210
7210
720E
6A0E
7210
6A0E
6A0E
6A0E
620C
61CC
620C
620E
61CC
598A
598A
598A
598A
598A
61CC
61CC
518A
598A
59CC
620C
59CC
518A
59CA
61CC
598C
59CE
5A0E
51CC
4148
3906
4106
4108
5148
598A
598A
69CC
69CC
6A0E
7250
6A50
6A50
6A0E
6A0E
620E
61CC
6A0E
6A0E
61CC
618A
618A
6188
618A
6188
69CA
69CC
69CA
698A
69CA
618A
69CC
69CC
618A
69CA
618A
69CA
6188
6188
61CA
69CA
6188
5946
5146
5988
6A4E
61CA
5988
59C8
5188
5146
4102
59CA
61CC
598A
4948
5148
518A
598A
620E
598A
4106
4948
4948
4988
59CC
61CE
61CC
40C2
4104
4904
4904
4902
4902
4904
5104
5104
5904
5904
6146
6146
6146
6948
6988
718A
698A
618A
598A
514A
5148
4948
518A
59CA
5988
61CA
620C
59CA
5188
5148
5146
5148
4948
4948
4988
4146
3904
4146
4988
4948
5148
514A
518A
598A
598A
598A
5188
5988
5988
5948
5106
5104
5904
6146
6948
6946
6986
6946
6946
6146
6146
6148
6146
5946
5948
6148
614A
694A
694A
694A
690A
694A
718A
718A
718A
718C
71CC
71CC
71CE
71CC
71CE
71CE
71CE
69CE
698C
71CE
7210
69CE
71D0
7A10
7A52
7A10
71CE
618C
594A
618C
614A
594A
594A
614A
618C
618C
614A
614C
618C
698C
698C
698C
698C
698C
698C
618C
618C
698C
698E
71D0
71D0
71D0
69CE
7212
6A10
7210
7212
7212
7A52
8294
8254
8A94
8A94
8A94
8A94
8A52
8A50
8A10
820E
820C
7A0C
820C
824C
7A0C
720A
71CA
720A
71CA
6188
69CA
69C8
5946
6188
720C
6A0C
6A0E
61CC
69CC
6A0E
720E
720E
6A0E
61CC
720E
6A0E
720E
7250
620E
61CC
61CC
61CC
618C
598A
61CC
598C
514A
598A
620E
6A0E
598A
59CC
61CC
620E
59CC
598A
59CC
620E
598C
59CC
59CE
59CC
498A
4148
3906
38C6
4948
514A
598A
61CC
61CC
61CE
7250
6A4E
7250
6A50
6A0E
620E
61CC
6A0E
720E
61CC
69CA
618A
6188
6188
6188
720C
720C
69CA
618A
618A
618A
69CC
69CC
618A
69CA
69CA
6188
6188
6188
6188
61CA
61CA
5988
5146
5146
61CA
59CA
5188
5988
5188
5188
4104
59CA
620C
59CA
518A
59CC
598A
598C
6A0E
59CC
4106
4948
498A
4988
51CC
59CC
59CC
40C4
4104
4104
4904
4102
4902
4904
5104
5104
5904
6146
6146
6146
6146
6948
6988
71CC
69CA
618A
598A
514A
4948
4948
518A
59CA
598A
61CC
6A0C
61CA
5188
5148
4946
4946
4946
5188
51CA
4988
4106
4106
4948
518A
518A
518A
598A
59CC
598A
5988
5148
5148
5948
5946
5104
5104
5104
5946
6146
6146
6946
6146
6146
6106
6146
6106
5906
5906
5906
5948
5948
6148
614A
6108
6108
6108
6148
6948
694A
698A
71CC
698C
614A
698C
71CE
7A10
7A10
698E
618C
698E
71D0
69CE
69CE
71CE
7210
7210
69CE
618C
594A
594A
5948
5108
5148
594A
618A
618C
618C
618A
618C
618C
618C
618A
594A
594A
594A
594A
594A
594A
594A
618C
618C
698E
69CE
6A10
61CE
61CE
69CE
698E
71D0
7A12
7A12
7A12
7A12
8252
8252
8250
8210
8A10
820E
820E
7A0C
7A0C
820C
7A0C
7A0C
7A0C
7A0C
71CA
6988
69CA
69CA
5946
6188
720C
6A0C
720E
6A0E
61CC
69CE
720E
6A0E
61CC
598A
720E
69CE
7210
7250
6A0E
61CC
61CC
61CC
59CA
598A
61CC
61CC
514A
598A
6A0E
6A50
61CC
61CC
61CC
620C
61CC
59CC
61CC
620E
598C
59CC
59CC
59CC
51CC
494A
3906
3084
4908
4948
514A
61CC
61CC
61CE
7250
6A50
7292
6A50
6A50
620E
61CC
6A0E
720E
61CC
69CA
618A
618A
6188
618A
720C
7A4E
69CA
6188
618A
5948
618A
618A
6188
618A
61CA
618A
61CA
618A
6188
61CA
61CA
61C8
5188
4946
598A
5188
5148
5188
5188
5188
4104
598A
620C
620C
620E
6A50
59CC
518C
620E
59CC
4106
4948
498A
494A
51CC
51CC
598C
4104
4104
4104
4104
4104
4904
4904
5104
5104
5904
5906
6146
6146
6146
6948
6988
698A
69CC
69CC
59CC
514A
4948
5148
518A
598A
598A
598A
598A
5148
5146
4948
4948
5188
4946
4948
51CA
518A
4106
4106
518A
518A
518A
598A
598A
598A
5188
5148
5148
5146
5148
5146
5104
4904
48C2
5104
5946
6146
6146
6148
6146
6146
5946
5906
5906
5906
5106
5908
5948
5948
5908
5908
5908
5906
6106
6148
6948
698A
698A
698A
614A
614A
720E
7A10
71CE
698E
614A
614C
69CE
69CE
618C
618C
69CE
69CE
618C
598A
618A
5148
5148
5108
4908
514A
598A
5988
59CA
598A
598A
598C
598C
598A
514A
514A
598A
514A
5148
5148
5148
594A
598A
598A
598A
618C
598C
598C
598C
594C
618E
69D0
69D0
6A10
7210
7210
7A10
7A10
8210
8A52
8A52
8250
824E
824E
7A0C
79CC
79CC
7A0C
7A0E
7A0C
71CA
6188
6188
6188
6188
6A0C
69CC
6A0E
61CC
61CC
6A0E
6A0E
69CE
69CC
69CE
7210
720E
6A0E
6A0E
61CC
61CC
61CC
61CC
59CA
61CC
620E
61CC
59CA
620E
6A4E
620E
61CC
59CC
61CC
620C
620E
61CC
61CC
61CC
518A
514A
518C
59CC
6250
59CC
38C4
30C4
38C4
4108
494A
494A
61CE
7252
6A10
7250
7292
7292
6A50
620C
61CC
6A0E
6A0E
61CC
61CA
69CA
618A
618A
69CA
720C
720C
69CC
6148
69CA
6188
6188
618A
598A
69CC
720E
618A
69CC
720E
69CA
61CA
6A0C
61CA
4904
4946
620C
598A
61CC
61CC
518A
59CA
4106
5188
59CC
6A50
620E
61CE
59CC
494A
518A
518A
4146
51CC
51CC
4106
4148
518A
518A
4104
4104
4104
4104
4104
4104
4904
4904
5104
5906
5946
6146
6146
6146
6148
6188
69CC
69CE
6A0E
61CC
514A
4948
4948
518A
5148
5948
5948
5148
5148
5148
4906
4946
4948
4146
4148
4988
4948
4106
4106
5188
5148
518A
518A
518A
5148
5148
5148
5148
5146
5146
5146
5106
4904
48C2
5104
5946
5906
5906
5906
5906
5906
5106
5106
5106
5108
5106
5108
5948
5908
5908
5908
5908
6108
6146
6148
6148
6948
6188
614A
618A
698C
71CE
71CE
69CE
698E
618C
614C
698C
69CE
618C
618E
69CE
69CE
618C
598A
598A
5148
5148
4948
4906
4948
5188
5188
598A
518A
518A
518A
598C
518A
514A
514A
598A
5148
5148
5108
5148
5148
5148
5148
5148
598A
594A
594A
594A
594C
594C
598E
618E
61CE
61CE
69CC
69CC
71CE
79CE
81D0
8210
820E
7A4E
7A0E
7A0C
79CC
79CC
7A0C
7A0E
7A0C
71CA
6988
698A
6188
618A
720C
6A0C
61CA
598A
61CC
69CE
6A0E
69CE
69CC
69CC
7210
720E
720E
6A0E
61CC
620C
620C
61CC
620C
620E
6A0E
620E
61CC
6A0E
6A4E
61CC
61CC
61CC
61CC
61CC
61CC
59CC
59CA
59CC
514A
518C
61CE
61CC
620E
59CC
4106
3904
30C4
3908
414A
4108
518C
6A10
6A10
7250
7250
7250
6A50
620E
620C
6A0C
69CC
69CC
6A0C
69CC
69CA
618A
69CA
71CC
71CC
69CA
6188
69CA
69CA
61CA
69CC
61CA
61CC
69CC
69CC
69CC
6A0C
69CC
618A
61CA
5988
4104
598A
6A0E
59CA
620E
6A0E
59CC
59CC
4106
59CA
620E
6A50
620E
59CC
59CC
518A
59CC
51CA
4148
51CC
59CC
4948
4948
518A
51CC
40C2
40C4
4104
4104
4904
4904
4904
4904
5104
5906
6146
6148
6146
6146
6148
6188
69CC
6A0E
6A0E
61CE
514A
4948
5148
518A
5148
5148
5148
5148
5148
5148
4906
4106
4948
4146
4146
4146
4106
4106
4946
5188
5148
5148
5148
5148
5148
4946
4906
4906
4906
5146
5146
4904
4904
48C2
4904
5146
5906
5906
5906
5906
5106
5106
5106
5106
5108
5106
5106
5108
5908
5108
5908
5908
6148
6148
6148
6148
6148
6148
614A
618A
698C
698C
618C
618C
69CE
69CE
698E
618C
69CE
69CE
69D0
69D0
61CE
618C
598A
594A
5148
5148
4908
4106
4908
4908
4906
4946
4948
4948
5148
514A
514A
4908
5108
514A
5108
4908
4908
4908
4908
5148
5148
5108
5148
5148
5148
510A
510A
514A
594A
514A
598A
598A
598A
618A
614A
698C
718E
718E
71CC
71CC
79CC
79CC
79CC
79CC
7A0C
7A0E
7A0C
71CC
698A
69CA
698A
69CA
720E
6A0C
61CA
61CA
69CC
6A0E
6A0E
69CE
69CE
6A0E
69CE
6A0E
7210
6A0E
61CC
6A0E
6A0E
61CC
6A0E
6A0E
6A0E
6A0E
6A0E
6A0E
6A0E
598A
61CC
620C
6A0E
620E
61CC
598A
598A
598A
518A
59CC
620E
59CC
59CC
59CC
4948
4106
30C4
3906
4148
3906
494A
61CE
6A10
7250
7250
7292
7250
6A0E
6A0E
61CC
61CA
69CC
720E
6A0C
69CA
618A
69CA
720C
71CC
69CA
69CA
720C
69CA
69CC
6A0C
61CC
69CC
61CC
61CC
61CA
61CA
61CA
5988
5988
5988
4946
61CA
6A4E
61CC
620C
6A0E
598A
518A
4106
620E
6A0E
6A4E
59CC
598C
59CC
59CC
620E
51CC
518A
5A0E
620E
51CC
518A
51CC
59CC
40C2
40C4
4104
4104
4104
40C4
4104
4904
5104
5106
5946
6148
6188
6148
6148
6148
69CC
6A0E
6A0E
59CC
514A
4908
4948
514A
598A
598A
5948
5948
5148
5148
4946
4106
4146
4146
4146
4146
4106
4106
4948
5148
4948
5148
5148
5148
4946
4906
4906
4906
4906
4906
5106
4904
48C2
48C2
4904
5104
5906
5906
5906
5106
5106
5106
5106
5106
5108
5108
5108
5108
5108
5108
5908
5908
6148
6148
5948
5948
5948
5948
5948
594A
618A
594A
594A
618C
69CE
7210
69CE
618C
6A10
6A10
6A10
61D0
618E
618E
598C
514A
4908
4908
4908
40C8
4908
4908
40C6
4906
5108
4908
4908
5148
5108
4906
48C6
4906
4906
4906
4906
4908
5108
4908
5108
5108
5148
5148
4908
4908
510A
514A
514A
5148
5148
5148
5948
5948
614A
614A
694C
698C
698C
718A
71CC
71CC
79CC
79CC
7A0E
820E
820E
7A0C
71CC
71CC
71CC
71CC
7A4E
720C
720E
6A0C
69CC
69CC
69CC
69CC
6A0E
7250
69CE
69CE
6A10
6A0E
620C
6A4E
6A50
59CA
6A0E
61CC
620C
6A0E
6A0E
6A0E
61CC
598A
61CC
6A0E
6A0E
6A0E
61CC
598A
598A
61CC
598C
598C
59CE
59CC
61CC
620E
518A
4988
38C6
30C6
4108
4108
4948
598C
61CE
7250
7A92
7AD4
7250
6A0E
724E
6A0C
598A
61CA
6A0C
69CC
618A
618A
69CA
720C
71CC
69CA
720C
720C
61CA
61CA
69CC
61CC
6A0E
69CC
61CC
598A
598A
618A
5988
5988
61CA
59CA
61CA
724E
620C
620C
620C
5148
5148
5148
6A0E
6A0E
620E
518A
518A
518A
518A
620E
59CC
59CC
620E
6250
620E
59CC
59CC
620E
40C4
40C4
4904
4904
48C4
40C4
40C4
40C2
4904
5146
5946
6188
6188
6188
6188
6188
61CC
61CC
61CC
598A
5148
4948
5148
5148
59CA
598A
598A
598A
598A
518A
5148
4106
4146
4146
4146
4146
4146
4946
4948
4948
4946
5146
5148
5146
4906
4906
4904
4906
4904
4904
4904
4904
48C2
48C2
4904
5104
5946
5906
5106
5106
5106
5106
5106
5106
5148
5148
5148
5106
5108
5908
5908
5908
5948
5948
5948
5948
5948
5948
5948
5948
594A
594A
594A
618C
69CE
6A10
69CE
61CE
6A10
6A12
6A12
598E
594E
598C
514A
4908
4908
514A
514A
514C
618E
598C
594A
594A
618C
594A
594A
594A
594A
5108
48C6
4908
5108
5108
5108
5108
5108
4908
4908
4906
5108
4906
4906
4908
4908
5108
4908
4906
5148
5148
5148
5148
5908
5908
614A
614A
614A
698A
698A
718C
71CC
79CC
7A0E
820E
8210
820E
7A0C
820E
7A0C
7A0C
824E
7A0C
7A4E
720E
69CC
69CC
618A
618A
61CC
6A0E
61CC
6A0E
6A0E
620E
620E
6A50
6A50
61CC
6A0E
61CC
61CC
6A0E
6A0E
6A0E
61CC
598A
6A0E
6A0E
6A0E
6A0E
61CC
61CC
61CC
61CC
598C
518A
59CC
59CC
59CC
59CC
51CC
59CC
3906
30C4
3906
4108
494A
518A
61CC
7250
7A92
82D4
7290
6A0E
7250
7250
61CC
598A
61CC
61CC
618A
618A
69CC
69CC
69CC
618A
720C
69CC
61CA
61CA
69CC
61CC
6A0E
69CC
69CC
598A
5988
618A
618A
59CA
620C
6A4E
6A0C
7250
6A0E
61CC
6A0C
598A
5148
598A
7250
6A0E
620E
598A
598A
59CC
598A
620C
620E
620E
620E
620E
620E
59CC
59CC
620E
40C4
40C4
4904
40C4
48C4
40C4
40C4
48C4
4904
5146
5946
5988
6188
6188
6188
618A
61CC
598A
514A
4948
4908
4948
5148
5148
598A
5188
5148
598A
598A
598A
5148
4946
4146
4146
4146
4146
4946
4946
4948
4946
4906
4946
4946
4946
4906
4904
4906
4906
4904
4904
4904
4904
48C2
40C2
48C2
4904
5146
5106
5106
5106
5106
4906
5106
5106
5146
5148
5948
5148
5148
5948
5948
5106
5106
5146
5148
5948
5948
5948
5148
5148
598A
598C
61CC
69CE
61CE
61CE
61CE
61CE
6210
6210
61D0
598E
514C
514C
514C
514A
598C
61CE
69D0
7212
7A54
8254
7A52
7A52
7A52
7A10
71D0
71D0
69CE
618C
618C
618C
618C
618C
618C
594A
594A
5108
5108
4908
5148
4908
5106
4908
4908
4908
4906
4906
4946
4946
4946
4906
4906
5108
5908
5908
5948
6148
614A
698A
698A
71CC
79CE
7A0E
820E
820E
7A0C
820E
820E
820E
8A50
7A0E
824E
7A4E
720E
720C
69CC
61CC
61CC
620E
61CC
6A0E
620E
61CC
6A0E
6A50
6A0E
61CC
6A0E
61CC
61CC
6A0E
6A0E
6A0E
6A0E
61CC
6A0E
6A0E
61CC
61CC
6A0E
7250
6A0E
61CC
598C
518A
61CE
61CE
59CC
59CC
59CC
6250
4148
2884
38C6
4148
494A
514A
598C
7250
7A92
82D4
7A92
6A4E
7250
7A92
6A0E
618A
61CC
61CC
61CA
618A
69CA
69CC
69CA
6188
69CC
69CA
61CA
6A0C
6A0C
61CC
6A0E
61CC
69CC
618A
618A
69CC
61CA
61CA
6A0C
6A4E
6A0C
724E
69CC
598A
6A0C
61CC
5988
598A
7250
6A0E
620E
61CC
620E
620E
59CC
61CC
7252
6A0E
59CC
61CE
61CE
518A
598C
61CC
40C4
40C4
40C4
40C4
48C4
48C4
48C4
4904
4904
5146
5946
5946
5988
6188
618A
61CA
598C
5148
40C6
40C6
4908
5148
514A
5148
518A
518A
514A
598A
598A
518A
5148
4948
4948
4146
4146
4148
4948
4146
4906
4906
4906
4906
4906
4906
4904
4904
4904
4906
4906
4906
4904
4904
40C2
40C2
40C2
40C2
5106
4906
4904
48C4
48C4
48C4
4904
4906
5106
5148
5148
5146
5146
5948
5148
5106
5106
5146
5148
5148
5148
5148
5148
5148
594A
594C
61CE
6A10
6A0E
6A0E
6A10
61CE
59CE
59CE
59D0
598E
598E
61D0
6A10
7210
7A54
8296
8296
8A98
92DA
9ADA
92D8
9AD8
92D6
9294
8A54
8A54
8252
8252
7A12
7A12
7A12
7A12
7A10
71D0
698E
618C
614C
594A
594A
594A
594A
5148
5108
4908
4908
4948
4948
4948
4946
4906
4906
4906
5108
5108
5108
5908
5908
6148
614A
698A
71CC
79CC
7A0E
7A0E
79CC
820E
820E
824E
8A90
824E
824E
7A4E
7A0E
7A4E
724E
6A0E
6A0C
6A0E
61CC
620E
61CC
59CC
6A10
6A10
61CE
61CE
61CC
618A
6A0E
7250
6A0E
61CC
61CC
69CE
6A0E
6A0E
69CC
69CC
720E
7250
7250
6A0E
598C
598C
6A10
620E
59CA
59CC
620E
6250
4948
2882
30C4
4108
4948
514A
59CC
7250
7252
7A92
7A92
7250
7250
7250
6A0E
61CC
618A
61CC
69CC
618A
618A
69CC
69CA
618A
720C
6A0C
69CC
6A0E
6A0C
61CC
6A0E
61CC
69CC
618A
69CC
6A0C
61CC
61CA
620C
6A0C
61CA
720E
69CC
5988
6A0C
6A0C
5988
598A
7250
6A0C
61CC
61CC
6A4E
724E
61CC
61CC
82D4
6A10
598A
61CC
598C
514A
598C
59CC
40C4
40C4
40C4
40C4
48C4
4904
4906
5106
4904
5146
5146
5946
5988
6188
618A
61CC
598C
4908
3884
3884
4106
514A
514A
4948
598A
598A
598A
598A
598A
518A
4948
4948
4948
4146
4106
4146
4146
4106
4106
4906
4104
4904
4904
4904
4904
4904
4904
4906
4906
4906
4904
4904
40C4
40C2
40C2
40C2
4904
4904
40C4
40C4
40C4
40C4
40C4
48C4
4906
5106
5148
5146
5146
5148
5106
4906
4906
4946
5148
5148
5148
5148
514A
514A
514A
514A
61CE
6A10
6A10
6A50
6A50
620E
598C
59CC
59CE
61D0
6A12
7254
8296
9318
9318
9B1A
9ADA
9ADA
A31C
A31A
9AD8
A318
A318
9AD6
9296
9296
9296
9294
8A94
9296
8A96
8A96
8A94
8254
7A12
79D0
71D0
71CE
69CC
69CC
698C
618A
594A
514A
514A
514A
494A
494A
4948
4148
4906
4906
4908
5108
5106
5106
5108
5908
5948
614A
698C
71CC
71CC
71CC
71CC
820E
820E
824E
8A90
824E
820E
7A0C
720C
720C
720E
6A0C
6A0C
6A0E
620C
620E
59CC
59CC
6A10
6A0E
61CC
6A0E
598A
598A
69CE
7250
6A0E
618A
618A
61CC
61CC
6A0E
6A0E
6A0E
6A0E
720E
7250
7210
61CC
59CC
6A10
620E
59CA
620E
620E
620E
498A
3084
30C4
3906
4106
514A
61CC
7250
7250
7A92
7A92
7A92
7250
6A0E
69CC
69CC
618A
61CC
69CC
618A
618A
69CC
69CC
69CC
7A4E
720E
69CC
6A0C
61CC
61CC
6A0E
61CC
61CC
618A
69CC
720E
6A0C
61CC
69CC
61CA
61CA
724E
720E
61CA
724E
724E
61CA
6A0C
6A0E
61CA
598A
61CA
6A4E
7250
61CC
61CC
8B16
7210
598A
598C
598A
5148
598C
598C
40C4
40C4
40C4
40C2
40C4
4906
4906
4906
4904
4944
5146
5986
5988
618A
69CC
6A0E
598C
4908
38C6
38C4
4106
514A
4948
5148
5188
518A
598A
59CC
518A
4948
4948
4948
4948
4146
4106
4146
4146
4106
4106
4106
4104
4904
4904
4904
4904
4104
4104
40C4
4906
4904
4104
40C4
40C4
40C2
40C2
40C2
4104
4906
4104
40C4
4906
4104
40C4
40C4
4906
4906
4906
4906
5106
5148
5106
48C4
4906
5148
5148
5148
5148
514A
514A
594C
514A
598C
61CE
61CE
620E
620E
620E
620E
620E
6A52
7A94
82D6
931A
9B5A
9B5A
AB9C
AB9E
AB9C
AB5C
B39E
B35E
AB5C
B35C
AB18
A2D8
AB18
AB1A
A2D8
A2D8
9AD8
9296
9B18
9B18
9AD8
9AD8
9AD6
9296
8A54
8A54
8A54
8250
7A50
7A0E
71CE
698C
618C
594C
514A
494A
518C
494A
3906
4106
4106
4106
4906
48C6
4906
5108
5108
5108
5948
5948
5948
618A
698A
71CC
7A0C
7A0E
7A0C
820E
8A50
820E
7A0E
7A0E
7A0E
720E
720E
6A0C
620C
620C
6A4E
620E
61CC
61CC
61CE
61CC
61CC
618A
594A
61CC
7250
6A0E
61CC
61CC
61CC
618A
61CC
69CE
6A0E
7250
7250
7210
6A10
61CC
6A0E
620E
59CC
61CC
6A0E
59CC
4148
30C4
3906
30C4
30C4
4106
4948
598A
6A0E
7250
7A52
7A50
7250
7250
6A0E
61CC
69CC
69CC
618C
61CC
61CC
618A
69CC
720E
6A0C
6A0C
69CC
6A0C
61CC
5188
5188
598A
598A
59CC
61CC
69CC
720E
720E
61CA
5988
69CC
61CA
61CA
720C
6A0C
6A0C
724E
6A0C
6A0C
6A0E
69CC
598A
598A
6A0E
6A0E
61CC
598A
8294
7250
618C
514A
594A
61CE
6A0E
59CC
38C4
40C4
40C4
40C2
40C4
4904
4906
4904
4906
5146
5146
5946
5988
61CA
61CC
61CC
518A
4908
4108
4108
494A
518A
5148
4948
5148
518A
598A
598A
518A
4948
4948
4988
4948
4146
4146
4146
4146
4106
4106
4106
40C4
40C4
4104
4104
4104
4104
40C4
40C4
4104
4104
4106
4104
40C4
40C4
38C4
38C2
4104
4106
4104
38C4
4106
40C4
38C4
40C4
4906
4906
4906
40C4
48C4
4906
4906
4906
4106
4906
4948
4948
5108
5148
514A
594A
598C
598C
598C
598C
59CC
620C
624E
6A50
7AD4
8316
8B18
935A
A3DE
ABDE
ABDE
B41E
BC20
B3DE
B39E
BBE0
BB9E
B35E
B35C
AAD8
AAD8
AAD8
AAD8
9A96
A2D8
AB5A
A318
AB5A
A318
A318
A318
9AD8
9AD8
A2D8
A2D8
9AD6
9292
8A50
8250
7A0E
71CE
698C
618E
598E
518C
59D0
59CE
494A
3906
4106
4106
4106
40C6
48C6
4906
5108
5106
5106
5108
5148
594A
618A
698A
71CC
71CC
720C
824E
8A90
8250
824E
7A4E
7A4E
7A4E
720C
6A0C
61CA
61CC
6A0E
6A0E
61CC
620E
69CE
61CE
61CC
61CC
598A
618A
69CC
61CC
618C
61CC
69CC
61CC
61CC
69CE
6A0E
6A0E
6A0E
69CE
61CC
61CC
61CE
61CE
59CC
59CC
620C
59CC
4948
4148
3906
30C6
30C4
3906
4948
598A
6A0E
7250
7250
7250
7A52
7A92
7210
69CC
69CE
61CC
618A
61CC
61CC
618A
618A
61CC
61CA
69CC
6A0C
724E
6A0E
5148
4906
4948
518A
59CC
61CC
61CC
6A0E
6A0E
61CA
598A
61CA
618A
61CA
6A0C
69CC
6A0C
720E
6A0C
6A0C
6A0E
720E
61CC
5148
61CA
6A0E
61CC
598A
7250
6A0E
61CC
598A
598A
61CE
620E
518A
38C4
40C4
40C4
40C4
40C4
40C4
4904
4904
4904
5146
5988
5946
5988
61CA
61CC
598A
4908
4108
494A
518C
518C
51CC
4948
4948
4948
498A
518A
518A
518A
4948
4948
518A
4948
4148
4146
4148
4148
4106
40C6
40C4
40C4
40C4
40C4
40C4
40C4
40C4
40C4
40C4
40C4
4104
4106
4106
4104
38C4
38C4
3882
38C4
3906
38C4
38C4
38C4
38C4
3882
38C4
40C6
4106
40C6
40C4
40C4
4906
4908
4948
4906
4946
4906
4906
4908
5108
514A
514A
598C
598C
598C
598C
620E
6A50
7AD4
8316
9398
9BDA
9BDC
A3DC
AC20
B420
B41E
BC20
BC20
BBDE
BBDE
C422
C3E0
C3E0
C39E
B35A
AB18
AB18
AAD6
9A94
AB18
B39C
AB58
A318
A318
AB5A
AB5A
AB1A
AB1A
B35A
AB1A
A2D8
9AD6
9A94
9292
8210
7A0E
71CE
7210
7252
7AD6
7294
6A94
6250
518A
4948
4948
4106
4906
40C6
48C6
4906
4906
4906
4906
5148
5948
5948
618A
618A
69CC
71CC
7A0E
8250
8250
824E
824E
7A4E
7A4E
720C
69CC
61CA
69CC
720E
6A0E
6A0C
6A0E
6A0E
69CC
69CE
61CC
598A
598A
61CC
61CC
61CC
6A0E
6A0E
61CC
61CC
61CC
61CC
61CC
61CC
61CC
618C
61CC
6A0E
6A0E
61CE
61CC
620C
620C
59CC
51CA
4148
30C4
30C4
3906
4146
5188
61CC
7250
7252
7252
7A52
7A92
7250
6A0E
69CE
618A
618A
61CC
69CC
618A
618A
618A
618A
61CA
6A0C
7A90
7250
518A
38C4
4106
5188
59CC
61CC
61CC
61CC
69CC
61CC
618A
618A
618A
61CA
720E
6A0C
6A0C
720E
69CC
6A0E
6A0E
7250
61CC
5148
598A
6A0E
6A0E
598A
6A0E
6A0E
61CE
598A
514A
61CE
61CE
5148
38C4
38C4
40C4
38C4
40C4
40C4
4104
4904
4904
5146
5988
5946
5988
61CA
59CA
4948
4106
3908
498A
518C
518C
498A
4106
4146
4948
4948
518A
518A
514A
4948
4948
518A
4148
4146
4106
4148
4148
4106
40C6
40C4
40C4
40C4
40C4
40C4
40C4
40C4
40C4
40C4
40C4
40C6
40C6
38C4
38C4
38C4
38C4
3084
30C4
38C6
30C4
3084
3084
3082
3082
3882
3884
40C4
40C6
40C4
40C4
4106
4906
4906
4946
4946
4948
5148
594A
598C
618C
618E
69CE
69CE
6A10
7252
7AD4
8B56
939A
9BDA
A45C
AC5E
AC60
B460
BCA2
BCA2
BC5E
BC5E
C460
C460
CC62
D464
CC22
C3E0
C39E
B35A
B318
B318
B358
AB16
B358
B35A
A316
9AD6
A316
AB5A
B39C
B35C
B35C
B35C
B35A
AB18
AB18
A2D6
9A94
8A52
8250
8250
8294
8AD6
AC20
8B18
8318
8358
6A92
59CC
518A
4906
4908
4906
4906
4906
4906
40C6
4906
5148
5148
5148
5948
598A
618A
698A
69CC
720E
7A0E
7A0E
7A4E
7A4E
7A4E
720C
720C
69CA
6A0C
7A4E
724E
6A0E
6A0E
6A0E
61CC
69CE
598A
598A
598A
61CC
6A0E
6A0E
6A0E
6A0E
598A
598A
598A
598A
598A
598A
61CC
61CC
618C
61CE
6A0E
6A0E
6A0E
620C
620C
620E
51CC
4148
30C4
30C4
3906
4106
4948
598A
7250
7A92
7A52
7210
7250
7A52
7210
69CE
598A
598A
618C
69CC
61CC
61CA
69CC
6A0E
5988
61CC
7250
7250
598A
4104
4106
5188
59CC
61CE
61CC
598A
61CC
69CC
61CA
618A
618A
69CC
7250
720E
6A0E
720E
6A0C
6A0C
61CC
7250
6A0E
598A
598A
6A10
6A0E
598A
6A0E
6A0E
61CE
514A
4908
61CC
620E
514A
38C4
38C4
38C4
38C4
40C4
40C4
4104
4904
4904
5146
5988
5988
5988
61CC
598A
4948
4108
3908
498C
498C
498A
4948
4106
4948
498A
4948
518A
518A
514A
4948
4948
498A
4148
4146
4106
4148
4148
4106
40C6
40C6
40C4
40C4
4104
4104
4104
4104
40C6
38C4
38C4
38C6
38C4
30C4
30C4
30C4
30C4
30C4
30C4
30C4
30C4
3084
2842
2882
3084
3084
38C4
40C4
40C6
4106
4106
4106
4106
4906
4906
4906
5148
598A
61CC
7210
7A52
8254
8294
8294
8AD6
8B18
9B9A
A3DC
AC5C
AC5E
BCE2
C522
C524
C524
CD26
CD24
C4A0
C4A0
C4A0
CCA2
D4A4
D4A4
CC22
C3DE
C39E
BB9C
B358
B358
B39A
B39A
B39A
B39A
A316
AB5A
AB9A
AB5A
AB5A
B39C
BB9E
BB9C
B35C
B31A
B35A
AB18
A2D6
9A92
9292
92D2
9B16
9B98
BCA2
9BDC
9BDC
9BDE
8316
6A50
6A0E
618C
514A
5148
4906
4906
4106
40C4
4106
4906
4908
5148
5148
5948
594A
618A
698C
698C
720E
7A0E
7A0E
7A0E
7A0E
720C
71CC
71CA
720E
7A50
7A4E
720E
720E
6A0C
61CC
61CC
61CC
61CC
61CC
61CC
620C
620C
61CC
61CC
598A
598A
598A
5148
5148
598A
59CC
61CC
598A
618C
6A0E
6A0E
6A0C
61CC
59CC
59CC
498A
3946
30C4
30C4
3906
4146
4948
5148
7250
8294
7A52
69CE
6A0E
7A52
7250
69CE
618A
618A
618A
618C
618C
618C
69CE
7250
618A
61CC
6A0E
6A4E
59CC
4106
4106
4948
59CC
620E
61CC
598A
61CC
69CC
69CC
61CC
618A
69CC
7250
724E
6A0E
720E
61CC
61CC
598A
6A0E
6A10
61CE
61CE
7250
6A50
59CC
61CC
61CC
61CC
514A
4948
61CE
6A50
598C
38C4
38C4
38C4
38C4
40C4
40C4
4104
4906
4904
5146
5988
5988
598A
598A
518A
4948
4148
3908
498C
498C
498A
4148
4106
4988
518A
498A
498A
518A
518A
4948
4948
4948
4948
4146
4106
4106
4106
4106
40C6
4106
4104
4104
4104
4104
4106
40C6
38C4
38C6
38C4
38C4
30C4
3084
3084
3084
3084
30C4
30C4
2884
2884
2884
2882
3082
38C4
38C6
38C4
38C4
40C6
4906
4948
5148
518A
59CC
5188
5988
61CA
6A0E
7250
8292
8AD6
92D8
9318
9318
9B58
A3DC
AC1E
B4A0
BCE2
C522
C564
CDA6
CDA8
D5A8
D5A8
D566
CCE4
CCE2
C4A2
CCA2
DCE6
D4A6
CC22
C3E0
C3DE
C3DE
B358
B398
BBDA
BBDC
BC1C
BC1C
B3DC
CC60
D4E4
C420
B3DC
BBDE
C3E0
BB9E
B35A
B35A
BB9C
B35A
AB16
A314
A314
A356
AB98
ABDA
AC1C
AC1C
AC60
A41E
8B16
8294
8294
7A52
618C
598C
514A
4908
4906
4106
4106
4906
4906
4908
5148
5148
5948
594A
618A
618A
71CE
71CE
7A0E
7A0E
720C
71CC
71CA
718A
7A0E
8250
7A4E
720E
720E
720E
69CC
61CC
6A0E
6A4E
6A0E
59CC
598A
598A
598A
598A
598A
598A
598A
598A
5148
518A
598A
61CC
61CC
69CE
6A0E
7250
6A0E
61CC
59CA
51CA
498A
4146
3906
3904
3906
4146
4948
5148
6A0E
7A92
7A52
61CC
61CC
7210
7210
69CE
61CC
61CC
598A
598A
618A
598A
61CC
720E
69CC
6A0C
6A0E
620E
59CC
4948
4106
4146
518A
61CC
61CC
618C
69CC
69CC
69CC
69CC
618A
61CC
720E
6A0E
69CC
6A0E
598A
598A
598A
61CC
6A0E
6A0E
6A0E
6A10
6A50
61CE
518A
514A
598C
518A
514A
6A0E
7292
59CC
38C4
38C4
38C4
38C4
4104
4104
4106
4946
5104
5946
5988
5988
598A
5988
4948
4148
3908
3908
418C
498C
498A
4148
4146
518A
51CC
518A
498A
518A
518A
498A
4948
4148
4948
4148
4106
4106
4106
4106
40C6
4106
40C6
40C6
4106
40C6
38C6
38C4
38C4
38C4
30C4
30C4
3084
3084
2884
2884
2884
2884
28C6
28C4
30C6
30C6
2884
3084
4108
4108
40C6
40C6
4108
514A
59CC
620E
6A10
7250
724E
7250
7A92
8294
8AD4
92D6
9318
9B5A
9B5A
A35A
A3DC
B45E
C4E2
CD24
CD66
D5A6
CDA6
D5E8
D5E8
D5E8
D5AA
D568
CD24
D524
D526
D4E4
DD28
DCE6
CC64
CC62
C420
C41E
B39A
BBDA
C41C
C45E
CCA0
CCE2
CCA2
DD26
EDEA
D4E6
CC62
CC62
CC62
BB9C
B35A
BB9C
C3DE
BB9C
B358
AB56
AB56
B3D6
B418
B418
A3D8
B41C
B45E
A3DC
9B58
9318
8AD6
8294
7250
7250
69CE
598A
4948
5148
5148
4948
4948
5148
5108
4908
5108
5948
594A
594A
698C
69CC
71CC
71CC
71CC
71CA
71CA
71CA
7A0C
820E
7A0E
7A0E
7A50
720E
69CC
618A
6A0E
7250
6A0E
59CA
598A
598A
598A
59CA
598A
59CA
61CC
59CC
598A
598A
598A
61CC
61CE
6A0E
7250
7250
6A4E
6A0E
620C
59CC
51CA
498A
4148
3906
30C4
4106
5188
5148
598A
7210
7A52
69CE
69CE
6A0E
6A0E
6A0E
6A0E
69CC
618C
61CC
61CC
618A
618A
6A0E
720E
720E
6A0C
61CC
59CC
518A
4146
4146
4948
59CC
61CC
61CC
69CC
69CC
69CC
6A0E
618A
618A
61CC
61CC
61CC
61CC
61CC
61CC
598A
61CC
6A0E
620E
59CC
620E
6A10
620E
514A
4948
518A
59CC
518A
620E
7292
59CC
38C4
38C4
38C4
4104
4104
4104
4106
4946
5146
5946
5988
618A
5988
5148
4948
4148
38C6
30C6
414A
498C
498A
4188
4146
518A
51CC
518A
498A
518A
51CC
498A
4148
4106
4988
4148
3906
4106
4106
4106
40C6
4106
40C6
40C6
38C4
38C4
38C4
38C4
30C4
30C4
3084
3084
3084
3084
2884
2884
2884
2884
30C6
28C6
30C6
30C6
3084
38C6
4908
490A
4908
4908
514A
61CE
6A50
6A50
6A50
6A50
82D2
8AD4
9316
9358
9B58
A35A
A39C
AB9C
A39C
ABDC
B420
C4E2
CD66
D5A6
D5A6
CDA6
D5E8
DE2A
DE2A
DDEA
DDEA
D5A8
D5A8
DDA8
D568
D526
DD28
D4E6
D4A4
D4A4
CC62
C460
BBDC
C45E
CCA0
CCE2
D524
DD66
D524
DD66
E5A8
DD26
DCE6
DCE6
D462
BBDE
BB9C
C3DE
CC20
BBDE
B39A
AB98
B3D6
B418
B418
B418
B45A
B45A
ABDA
A398
ABDC
A39C
92D8
8A94
8294
8AD4
7A52
61CC
598A
598C
598C
598A
514A
514A
5148
4906
4906
5108
5148
5148
594A
618A
618C
69CC
69CA
71CA
71CA
71CA
71CA
7A0E
7A0E
7A0E
8250
7A50
69CC
598A
61CC
7250
6A50
61CC
59CC
61CC
61CC
61CC
5188
598A
61CC
620C
61CC
59CC
59CC
61CC
61CC
61CE
6A0E
6A0E
6A0E
6A4E
620E
59CC
5A0C
51CC
498A
3906
3082
4106
5188
5148
5148
69CE
7250
7210
6A0E
69CE
69CE
6A0E
6A0E
6A0E
61CC
69CE
6A0E
61CC
618C
6A0E
720E
7210
6A0E
59CC
59CC
518A
4948
4948
4948
598A
61CC
61CC
61CC
618A
61CC
720E
61CC
618C
61CC
598A
61CC
6A0E
61CC
620E
59CC
61CC
620E
59CC
514A
59CC
6A50
620E
518A
4948
518A
518A
518A
620E
6A50
59CC
30C4
38C4
38C4
38C4
40C4
4104
4906
4904
4904
5146
598A
59CA
59CA
59CC
518C
4108
30C4
30C6
4148
498A
498A
4148
4146
4988
51CA
518A
59CC
5A0E
51CA
4148
4146
3906
4146
4146
4106
3904
3904
40C4
4104
4106
4106
38C4
38C4
38C6
38C6
38C4
3084
30C4
2884
2884
2884
2884
2884
2884
30C4
30C6
414A
414A
3908
4108
40C6
40C6
5148
594A
594A
61CC
7250
7A92
7A92
7A92
7AD2
7AD2
9356
9B98
A39A
AB9A
AB9A
B39C
B39C
AB9C
B3DE
B41E
BC62
CD26
D5A8
D5A8
D5E8
DDEA
DE2A
DE2A
DE2A
DE2A
DDEA
DDA8
D5A8
D568
D568
BCA2
C4E6
A3DE
B420
C4A2
D4E4
CCE2
C4A0
CCE2
D564
DD66
DDA8
DDA8
DDA8
D566
CD24
DD68
E568
CC62
C420
C3E0
B35C
D462
C420
B39A
BBDA
BC1A
BC1A
C49C
C49A
BC58
BC58
B418
A396
A398
BC1E
BC20
A35A
92D6
8A94
9294
7A10
614A
69CE
7212
61CE
61CE
618E
618C
594A
5108
48C6
4906
4908
4948
5148
5148
598A
618A
618A
720A
7A0C
71CA
71CA
71CA
71CA
720C
7A4E
7A50
720E
61CA
61CC
6A4E
6A4E
61CC
59CA
61CC
61CC
59CA
5188
5188
61CC
61CC
61CC
59CC
61CC
59CA
59CC
59CC
61CC
61CC
61CE
6A10
6210
518C
59CE
51CC
51CC
4948
3084
4106
514A
4906
40C6
514A
6A10
8294
7A92
7250
7210
7250
6A10
61CC
620E
6A10
6A10
6A0E
61CC
69CE
69CE
69CE
61CC
618C
6A0E
620E
4948
4106
4106
494A
59CC
61CE
61CC
61CC
6A0E
7A50
618C
69CE
6A0E
61CE
61CC
61CC
6A0E
620E
59CC
620E
620E
59CC
518C
6210
6210
59CE
4948
4948
518A
4948
518A
4948
59CC
598C
30C4
38C4
38C4
38C4
38C4
4104
4904
4906
5146
5948
598A
59CA
59CC
5A0E
59CC
4148
30C4
3906
4148
49CA
4988
4146
4146
4988
518A
518A
51CC
5A0C
498A
4148
4148
4146
4146
4146
4106
3904
3904
3904
4104
4106
40C6
38C4
38C4
38C4
38C6
38C4
30C4
30C4
3084
3084
3084
2884
2884
2884
30C4
30C6
498C
498C
494A
494A
4948
4908
598A
618C
6A0E
720E
7A50
7A92
8314
8B56
93D8
9C1A
A41C
AC1C
B41E
B3DC
B39A
B39C
B39C
AB9A
AB9C
B420
C4A4
D568
D5A8
DDEA
DE2A
E62A
DE2C
E62C
E62C
E62C
E5EA
DDEA
D5A8
D568
CD68
C526
DDAC
C4E6
BCA2
BC60
C4A2
C4A2
CCE2
D524
D5A6
DDA8
D5A8
D5E8
D5A8
D5A6
CD22
D566
D524
C460
D4A4
CC62
C3E0
ED2A
C460
B3DA
C41C
C49E
C49C
C4DC
CCDC
CCDC
BC58
C45A
B3D8
AB98
BC1E
BBDE
A35A
9B18
9294
9294
8210
718E
7A12
7A54
69D0
6A10
7252
7212
71D0
614C
5108
4908
4108
4148
4908
4908
514A
598A
61CA
720C
7A4C
720A
720C
720C
69CC
69CC
720E
7A4E
724E
6A0C
61CC
620C
620C
61CC
61CC
61CC
61CC
598A
598A
598A
61CC
61CC
598A
598A
61CC
598A
518A
518A
59CC
59CC
598C
59CE
61CE
59CC
518C
498C
498A
4148
30C4
40C6
5148
4908
5148
598A
6A0E
7A92
8AD6
8294
7250
6A10
620E
620E
6210
5A0E
61CE
6A10
6A0E
6A10
61CE
69CE
69CC
61CC
6A0E
61CC
4948
494A
4108
414A
51CC
5A0E
620E
61CC
69CC
7210
69CE
69D0
6A10
6A0E
61CE
61CC
620E
620E
598A
59CC
620E
59CC
518C
5A0E
6252
59CE
518A
4948
518A
4948
5188
4948
598C
518A
38C4
38C4
38C4
38C4
38C4
40C4
4906
5146
5948
5988
61CA
61CA
598A
59CC
51CC
4148
30C6
3906
494A
498A
4948
4106
4146
518A
518A
498A
51CA
51CC
4988
4148
4988
4988
4146
4146
4106
3904
3904
3904
40C4
4104
40C6
38C4
38C4
38C4
38C4
38C4
30C4
38C4
30C6
30C6
30C4
3084
2884
2884
30C4
30C6
518C
518C
494A
518A
514A
514A
618C
69CE
7A50
7A50
7A90
82D4
9398
A41C
AC9E
B4E0
BCE2
C4A2
BC60
B41E
B3DC
B3DC
B39C
AB9C
B3DE
BC62
CD26
D5A8
DDEA
DE2C
E62C
E66C
DE2C
E66E
EE6E
EE6E
E62C
DDEA
D5AA
D5AA
C4E6
D56A
FEB4
FEB4
FE30
DD26
C4A0
BC5E
D524
D5A6
DDE8
DDEA
DDEA
D5EA
D5A8
D5A6
CD24
D524
CCA2
C460
D4E4
D4A4
CC62
FDEE
C460
BC1C
CCA0
D4E0
CCDE
CCDE
CD1E
D51E
C49A
CCDE
C45C
B3DA
BBDC
B3DC
AB5A
AB5C
9AD6
8A52
7A10
7A0E
8A94
8A94
7210
7A52
8294
8294
8254
69CE
594A
4908
4908
4148
4108
4908
5148
518A
5988
69CA
720C
720C
720E
720E
69CC
69CC
6A0C
720E
720E
6A0E
620C
61CC
61CC
61CC
620C
620C
59CC
598A
598A
59CA
61CC
598A
518A
59CA
61CC
598A
518A
514A
598C
598C
514A
598C
59CE
59CE
518C
4148
4148
4108
38C4
40C6
5148
5148
518A
598A
61CC
7250
8AD6
82D4
6A10
61CE
59CC
620E
6210
518C
598C
6A10
6A10
7250
61CC
69CE
69CE
61CC
6A0E
61CC
4948
518A
494A
414A
498A
59CE
61CE
61CC
69CC
720E
69CE
6A0E
6A10
6A10
6A0E
61CC
61CC
620E
518A
518A
59CE
59CC
498A
59CE
6250
51CC
598C
5148
518A
5148
5148
5148
59CC
598A
38C4
38C4
38C4
38C4
38C4
40C4
4906
5146
5946
5988
61CA
59CA
518A
518A
4948
4106
38C6
3906
4988
4988
4146
4104
4946
51CA
4988
4988
51CA
51CA
4988
4148
4988
4148
4146
3906
4106
3904
3904
38C4
38C4
40C4
38C6
38C4
38C4
38C4
38C4
38C4
38C6
38C6
38C6
38C6
30C6
30C4
2884
2884
30C6
3908
494A
518C
494A
514A
598C
598A
69CE
7A50
7A92
8292
82D4
9398
A45C
B4E0
BD22
BD22
CD64
CD24
C4E2
BC60
BC1E
B3DC
B3DC
B3DC
B41E
CCE6
DDAA
DDAA
DDEC
DE2C
E66C
E66E
DE2E
E66E
EEB0
EE70
E62E
DDEC
D5AA
D5AA
D56A
D528
DD28
DCE6
E528
D4A4
CCA2
CCE2
D566
D5A8
DDEA
DE2A
DDEA
D5EA
D5A8
D5A6
D566
CD24
C4A0
C45E
CCA2
CC62
CC62
ED6A
C460
C460
D4E2
D564
CD20
C4DE
CD1E
D51E
CCDC
D51E
CC9E
BC1A
BBDC
B39C
AB5A
B39C
A318
8A52
79CE
8210
92D4
9316
8292
8AD6
8AD6
8AD6
8A96
7A12
698E
598C
598C
59CE
494A
498A
518A
5148
5148
5988
61CA
69CA
720C
6A0E
69CE
69CC
69CE
6A0E
6A0E
6A0E
61CC
61CC
61CC
620C
6A0C
61CC
598A
598A
598A
59CC
61CC
598A
598A
61CC
6A0E
61CC
59CC
518A
59CC
59CC
598C
59CE
59CE
59CE
518C
4108
4108
4108
38C6
40C6
4948
514A
5148
59CC
61CC
6A0E
82D4
7A92
6A10
6A0E
61CC
620E
61CE
498A
598C
6A10
6A10
7252
69CE
69CC
69CE
61CC
6A0E
620C
518A
51CC
498A
4148
4148
518C
59CC
59CC
61CC
6A0E
6A0E
61CE
61CE
6A10
6A0E
59CC
59CC
6A0E
59CC
518A
51CC
51CC
494A
518C
6210
518C
59CC
518A
59CC
518A
5148
4948
59CC
59CC
30C4
38C4
38C4
38C4
38C4
40C4
4906
5146
5146
5988
61CA
61CA
598A
5188
4948
3906
3906
4108
4948
4988
4146
4146
4988
59CA
4988
4988
518A
518A
4148
4148
4148
4146
3906
3906
3906
3904
38C4
38C4
38C4
38C4
38C4
38C4
38C4
38C4
38C4
38C6
38C6
38C6
30C6
38C6
30C6
30C4
2884
30C4
3906
4108
494A
598C
514A
598C
61CC
61CC
7210
8292
82D2
82D4
9358
A45C
BD22
C566
C5A6
C564
D5A6
CD66
CCE4
C4A0
BC5E
B41C
ABDC
ABDC
B420
CD28
DDAC
DDAC
DDEC
DE2C
E62C
E66E
DE6E
E670
EEB0
EEB0
E66E
DDEC
D5EA
DDAA
DD68
D4E6
CC62
D464
DCA4
D4A2
CCA2
D524
D566
D5A8
DDEA
DE2C
DE2C
D5EA
D5A8
D5A8
D5A6
CD22
C4A0
BC1E
C41E
C41E
C420
CCA2
C460
CCA2
D524
DDA6
D562
C51E
CD1E
CD1E
CD1E
D51E
CC9E
BC1C
BBDA
B39A
B35A
AB5A
A318
8250
820E
8A92
9B56
9B56
9314
9B58
9318
9318
92D8
8256
7212
69D0
6A12
6A52
5A0E
6210
5A0E
518A
4948
5146
5188
598A
61CC
61CC
69CE
61CE
61CC
61CC
61CC
61CC
61CC
61CC
69CC
6A0E
620E
59CC
59CA
61CC
59CA
59CC
61CC
59CC
59CC
6A0E
7250
61CC
61CC
518A
61CE
61CE
59CC
61CE
59CE
59CE
51CC
4148
4108
4148
4106
40C6
4908
518A
598A
620E
6A0E
7210
8294
7A92
7250
7292
6A10
620E
598C
494A
59CC
6A10
6A0E
7250
69CE
69CC
69CC
61CC
6A0E
6A0E
598C
51CC
494A
3908
3908
518C
59CE
598C
598A
61CC
61CE
61CC
59CC
620E
620E
518A
518A
620E
59CC
518A
518C
518C
4148
518C
6210
59CE
598C
518A
620E
59CC
5148
5148
620E
620E
30C4
30C4
38C4
38C4
38C4
4104
4906
5146
5146
5946
69CC
6A0C
59CA
518A
518A
4148
4108
4148
4948
4988
4948
4946
5188
51CA
4948
4988
518A
498A
4146
4146
4148
4146
3906
3906
3904
3904
38C4
38C4
38C4
38C4
38C6
38C4
38C4
3084
38C4
38C6
38C6
38C6
30C4
30C6
30C4
30C4
2884
30C4
3908
494A
494A
61CC
598C
61CC
69CE
61CC
720E
8292
82D2
8B14
9B98
B4A0
C564
CDE8
CDE8
CDA6
D5E8
D5A8
CD64
CD24
C4A0
B45E
ABDC
A39C
BC62
D568
D5AC
D5AC
DE2C
DE2E
DE2C
E66E
DE70
E670
EEB2
EEB2
E670
DE2C
D5EC
D5AA
D568
DD26
C3E0
CBE0
C3DE
C3DC
CC60
D524
D5A8
D5AA
DDEA
DE2C
DE2C
D5EA
D5A8
D5A8
DD66
CD22
C4A0
BC1C
BC1C
C41E
C41E
BC1E
C4A2
D524
DD66
DDA6
D564
CD60
CD60
CD60
D51E
D51E
CC9C
C41A
BBDA
B39A
B35A
AB18
9AD6
8A92
92D2
A356
ABD8
ABD8
9B56
A398
9B16
9316
92D8
8A96
7A14
7212
7254
7294
72D4
7B14
72D2
624E
59CC
59CA
5188
518A
598A
598A
61CC
61CE
61CC
59CC
59CC
61CC
61CC
61CC
69CC
6A0E
61CC
59CA
59CC
620E
61CC
61CC
620E
61CC
61CC
6A0E
720E
61CC
598C
598A
6A10
620E
598C
59CE
598C
59CE
59CE
498A
414A
414A
4108
38C6
4106
518A
598A
620E
6A0E
6A0E
7A92
7A92
7250
7252
7250
620E
518A
518A
6210
6A50
61CE
6A10
720E
69CC
69CC
61CC
69CE
6A0E
59CC
51CC
4148
38C6
3908
59CE
6210
59CC
518A
598A
61CE
61CC
598C
61CC
620E
518A
4948
620E
59CC
518A
518C
51CC
498A
51CC
6252
6250
59CC
598A
6A0E
61CC
5148
5148
620E
61CE
30C4
30C4
38C4
38C4
40C4
4104
4906
5146
5946
6188
6A0C
6A0E
61CC
598A
518A
4948
4948
4948
4948
4948
4988
4988
5188
5188
4948
4948
4988
4948
3906
4146
4148
4146
3906
3906
3904
3904
38C4
38C4
38C4
38C4
38C6
38C6
38C4
3084
30C4
38C6
38C6
30C4
30C4
30C6
30C6
30C4
2884
30C4
3908
498A
4948
61CE
61CE
6A0E
7210
69CC
7250
82D4
82D2
8B56
A41C
BD22
CDA6
D62A
D628
CDE8
D5EA
D5A8
D5A6
D566
CD24
BC60
AC1C
A3DA
C4E4
D56A
D5AC
D5AC
DE2E
DE6E
DE2E
E66E
DE70
E672
EE72
EE72
E670
DE2E
D5EC
D5AA
D528
DCE6
BB9C
C39C
B35A
BBDC
CCA0
DD66
DDA8
DDEA
DDEC
E62E
DE2C
D5EA
D5A8
DDA8
D566
CD22
C4A0
BC5E
BC1E
C460
C460
BC60
CCE4
D568
DDA8
D5A6
CD64
CDA2
D5A2
CD60
CD1E
CD1E
CC9C
BC1A
B398
B398
B35A
AB58
9AD6
9B14
AB98
B3DA
BC5A
B45A
ABD8
ABD8
9B56
9B16
9AD8
9296
8A96
7A54
7A94
7AD6
93DC
8BDA
8356
7314
7AD2
7292
620C
598A
598A
598A
598C
598C
598C
598A
59CC
61CC
69CE
61CC
61CC
61CC
59CC
59CC
61CC
620E
620E
59CC
620C
620E
61CC
6A0E
6A0E
61CE
598C
598C
7250
620E
59CC
6210
59CE
59CE
5A0E
51CC
498A
494A
4148
3906
4106
518A
598A
61CC
6A0E
6A0E
7250
7250
7250
6A0E
6A50
620E
59CC
59CC
6A50
6A50
61CC
6A10
69CE
69CC
69CC
69CC
69CC
620E
59CC
51CC
494A
38C6
3908
51CE
6210
59CE
518A
61CC
61CE
620E
59CC
620E
620E
518A
4948
59CC
59CE
518C
51CC
59CE
51CC
59CE
6252
6A52
61CE
598A
61CC
59CC
5148
5148
61CC
518A
30C4
30C4
30C4
38C4
40C4
4104
4906
4906
6188
61CA
720E
724E
61CC
518A
4948
4148
518A
498A
4948
4948
4988
5188
4988
4948
4948
4948
4948
4146
3904
3906
4148
4148
3906
3904
3904
3904
38C4
38C4
38C4
38C4
38C6
38C6
38C4
3084
30C4
38C6
38C6
30C4
30C6
30C6
30C6
30C4
2884
30C4
3908
498A
494A
6A0E
6A50
7252
7A92
7250
7A92
9358
8B14
9B98
B4A0
CDA6
DE2A
DE6C
D62A
D62A
D5EA
D5E8
D5E8
DDA8
D566
C4E2
AC1E
A3DC
CD26
D5AA
D5EC
D5EC
DE2E
DE2E
D62C
DE2E
DE70
E672
E672
E672
E670
DE2E
D5EC
D5AA
D526
D4E4
B35A
BB9A
B358
C41E
D524
DDA8
DDEA
DDEC
DE2C
E62E
E62E
D5EA
D5A8
D5A8
D566
D524
C4A0
C45E
C4A0
CCA2
CCA2
C4A2
CD26
DDAA
D5A8
CD64
C562
CD62
CDA2
C51E
CD20
CD1E
CC9E
BC1A
B398
B398
B358
AB58
A316
A398
BC1C
BC5A
BC5A
BC9A
B458
B418
A396
A358
A318
A31A
9B1A
8AD8
8B18
8B58
A45E
9C5C
8B98
8396
93D8
8B58
7290
61CC
598C
598A
514A
598C
598A
598A
59CC
620E
69CE
61CC
598C
598A
598C
59CC
620E
620E
620E
59CC
59CC
620C
61CE
6A0E
6A10
6A0E
61CC
59CC
6A50
61CE
61CE
7252
6210
59CE
59CE
51CC
498A
498A
4148
3906
4106
518A
59CC
6A0E
7250
7252
7A52
7250
7250
6A0E
6A0E
620E
59CE
59CE
6A50
6A50
61CE
6A50
69CC
69CC
720E
69CC
61CC
61CC
598C
59CC
51CC
3908
3908
518C
5A10
51CC
59CC
6A10
620E
6A10
620E
6A10
6A50
518A
4948
59CC
620E
59CC
59CE
620E
5A0E
5A0E
6250
6A52
6A0E
514A
598C
598A
5148
5148
59CC
4908
38C4
38C4
38C4
38C4
40C4
4104
4906
5146
5988
69CA
69CC
61CC
61CC
5188
3906
38C4
4148
4148
4146
4148
518A
59CA
5188
4146
4988
4948
4146
4106
4148
4988
4148
4146
3906
30C4
38C4
4106
38C4
38C4
40C4
40C4
38C6
38C4
30C4
3084
3084
30C4
30C4
38C6
30C6
30C4
30C6
30C4
2082
28C4
3948
4148
4948
620E
6A50
6A0E
7250
7AD4
8B16
9358
8B56
AC1E
C524
D5A8
DE2A
DE6C
DE6C
D62A
D62A
DE2C
DE2A
D5A8
D5A8
C522
AC1C
AC5E
D5AA
D5AA
D5EC
D62E
DE2E
D62E
D62E
DE6E
DE30
DE70
E672
EE72
E672
DE70
D5EC
D5AA
D568
D526
A316
A2D4
A2D6
C460
D566
DDEA
D5EA
DE2E
E670
E670
E62E
DDEC
D5EA
D5A8
D566
CD22
BC9E
B45C
B45E
BCA0
C4E4
CD26
CD66
D5AA
DDEA
D5E8
D5A6
CDA4
CD62
CD60
C51E
CCDE
C45C
B3DA
B398
AB58
AB58
B39A
AB9A
B41C
C49E
CCDE
C4DC
BC9A
BC9A
BC9A
B418
A356
92D4
9AD8
A35A
9B5A
935A
9C1E
ACA0
AC9E
9C5C
9C1A
93D8
8B96
8314
7290
6A0E
598C
598A
598C
598C
598A
59CC
61CC
61CC
598C
598C
598C
59CE
59CC
598C
518A
518A
514A
518A
59CC
61CC
61CC
69CE
61CC
620E
61CE
6A10
620E
6A10
6A10
59CE
59CE
59CE
51CC
4148
3908
4148
4148
4148
498A
61CC
6A50
7A52
7A92
7A52
7250
7210
620E
620E
620E
59CE
59CC
6A50
6A50
59CC
6A0E
61CC
61CC
6A0E
61CC
6A0E
61CC
518A
498A
494A
4108
414C
414A
51CC
59CE
59CE
6210
59CC
620C
61CE
6A0E
61CE
494A
518A
518C
61CE
59CC
518C
59CC
59CE
59CE
59CE
620E
59CC
598A
618C
61CC
5148
4948
59CC
4948
30C4
30C4
38C4
38C4
40C4
4104
4946
5146
6188
69CA
6A0C
61CC
59CC
4948
4106
4106
4148
4148
4148
4988
518A
51CA
4988
4146
4988
4988
4948
4146
4146
4988
4148
4146
3904
30C4
3904
3904
38C4
38C4
40C4
38C4
38C6
38C4
30C4
3084
3084
30C4
30C4
30C4
30C4
30C4
30C4
28C4
2082
28C4
3948
498A
498A
620E
6A4E
6A50
7AD4
8B58
8B56
8314
9398
AC5E
C566
D5E8
DE2A
E66C
DE2C
D5EA
D62C
DE2C
DE2C
D5E8
D5A8
C522
AC5E
B4A0
D5AA
D5AA
D5EC
DE2E
D62E
D62E
DE2E
DE70
DE30
DE30
DE30
E670
E670
DE70
D62E
D5EC
DDAA
D4E6
8A92
81CE
8A92
BC60
D568
D5EA
DE2E
E670
EEB2
E672
DE2E
D5EC
D5AA
CD68
D5A8
CD64
BCE0
B49E
B4A0
C524
CD66
CD66
CDA8
D5AA
D5EA
D5A8
CDA6
CDA4
CD62
CD60
CD20
C4DE
BC1A
B3D8
AB98
AB98
B39A
AB98
BC5E
C4A0
CD20
D560
CD1E
C4DC
C4DA
C4DC
BC5A
AB98
9B16
A358
AB9C
A39C
A3DC
AC60
BD22
B522
AC9E
A45C
A45C
9BD8
9398
82D4
6A50
61CE
61CE
61CE
598C
518A
598A
59CC
598C
598C
598C
59CE
61CE
59CE
59CC
598C
518C
518A
598C
59CC
598A
59CC
61CC
61CC
59CC
598C
61CE
59CC
61CE
61CE
518C
518C
51CE
498C
3948
3906
4148
3906
4106
4948
620E
7250
7A52
7A52
7A52
7250
7250
6A10
620E
59CC
59CC
59CC
6A50
6A10
598C
61CC
69CC
61CC
6A0E
61CC
6A0E
61CC
518A
518C
414A
414A
498E
414A
518C
518C
59CE
6A50
518A
59CC
620E
6A50
620E
514A
598C
620E
6210
61CE
59CC
59CE
61CE
59CE
59CE
59CC
61CC
598A
598A
61CC
5148
5148
59CC
4948
30C4
30C4
38C4
38C4
40C4
4906
5146
5148
5988
69CC
724E
6A0E
598A
4948
4148
4148
3908
3948
4148
498A
498A
4988
4988
4948
4988
518A
498A
4146
4146
4988
4988
4146
3904
3904
3904
3904
30C2
38C4
40C4
38C4
38C6
38C4
30C4
3084
3084
3084
30C4
30C4
30C4
2884
30C4
28C4
2082
28C4
414A
51CE
5A0E
624E
624E
7292
939A
A41C
9398
8314
9BDA
B4A0
CDA8
DDEA
DE2C
DE2C
DE2C
D5EA
DE2C
DE2C
DE2C
D5EA
D5A8
BD22
AC5E
BCE2
D5AA
CDAA
D5EC
D5EC
D62C
D62C
DE2C
DE2E
E670
E670
DE30
E670
E670
DE70
DE2E
D5EA
DDEC
CCE4
71CC
5906
7A50
BCA2
D5AA
D5EC
DE2E
E6B2
EEF4
E672
DE2E
D62E
D5EC
CDA8
CDA8
C564
BCE2
ACA0
B4E2
C566
C5A8
C5A8
D62C
D5EC
D5EA
CDA8
C566
C564
C562
CD22
CD20
C4E0
BC5C
B3DA
AB98
AB98
B3DC
ABDC
C4E2
CD22
D564
D5A2
D560
CD5E
C51C
C51E
BC9C
B41A
A358
A35A
ABDC
AC1E
AC60
BCE2
C566
C564
B4E0
B4E0
B49E
AC5C
A3DA
8B56
7250
6A0E
6A50
6A10
59CC
51CC
51CC
59CC
518C
518C
518E
59CE
6210
6210
620E
59CC
59CC
59CC
59CC
59CC
598A
598A
61CC
61CC
61CC
59CC
61CE
61CE
61CE
61CE
59CC
51CC
51CC
498A
3908
3906
3948
3906
3904
4106
620E
6A50
7250
7250
7250
7250
7250
6A50
620E
59CC
59CC
59CE
6A50
620E
514A
598C
6A0E
61CC
6A0E
61CC
7250
620E
598C
51CC
518C
498C
51CE
494C
51CE
51CC
51CC
620E
518A
620C
6A0E
6A50
59CC
4948
59CE
6A52
6A52
6210
61CE
620E
6A10
620E
61CE
59CC
61CC
514A
598A
61CE
598A
5148
59CC
514A
30C4
30C4
38C4
38C4
40C4
4906
5146
5148
5988
61CC
7250
6A4E
518A
4148
4148
4148
3948
3908
4148
498A
498A
4988
4948
4988
4988
51CA
518A
4148
4146
4148
4988
4146
3904
3906
4106
38C4
30C2
38C4
40C4
38C4
38C6
38C4
30C4
3084
3084
3084
30C4
30C4
30C4
2884
28C4
28C4
2082
2884
414A
5A50
7B16
72D4
6A92
7B14
9C1E
B4A2
A41E
8B98
A41E
BCE2
D5A8
DDEA
DE2C
DE2C
DE2C
D62A
D62C
DE2E
DE2C
DDEA
D5A8
BD22
B4A0
C526
CDA8
CDAA
CDEA
CDEC
CDEC
D5EC
D5EC
DE2E
DE2E
DE2E
DE2E
DE30
DE70
DE2E
D5EC
D5AA
DDEA
C4A2
6148
4082
7210
C4E4
D5EC
D62E
D670
E6B2
E6F4
DE70
D62E
D62E
D62C
CDEA
CDA8
C566
BD24
B4E0
BD24
C5A8
C5A8
CDEA
E670
DE2E
D5EC
CDA8
C566
C564
C522
C520
C4E0
CCE0
B41C
A398
9B56
A358
BC5E
C4A2
CD64
CD64
D5A4
D5A4
CD62
CD60
C51E
C51E
BC9C
B41A
A398
A398
ABDC
AC1E
B4A0
C524
C5A6
C5A6
BD22
BD20
B4E0
AC9E
AC5C
9B98
7250
620E
6A50
6A50
5A0E
5A10
6210
5A10
51CE
51CC
518C
51CC
6210
6A52
6A10
61CE
59CE
59CE
59CC
59CC
598A
59CC
61CC
620E
620E
61CC
61CE
61CE
61CE
61CE
59CE
59CE
51CC
418A
3906
3106
3948
3906
3906
4106
61CC
6A0E
7210
6A10
720E
6A10
6A10
6A0E
620E
59CC
59CC
59CE
620E
598C
4948
598C
6A0E
598C
61CE
61CC
7250
620E
598C
59CE
51CE
494C
498C
498C
6210
6210
59CC
61CE
620E
6A0E
6A0E
6A0E
518A
4908
59CE
6A50
6A52
6210
61CE
6210
6A52
6A10
620E
61CC
598C
5148
598A
620E
59CC
518A
59CC
4948
30C4
30C4
38C4
38C4
38C4
4104
4946
5148
5988
61CC
7250
620E
4948
4106
4148
414A
414A
3948
3908
414A
498A
4188
4148
4988
4988
518A
518A
4148
4146
4148
4988
4148
3906
4146
4106
38C4
38C4
38C4
40C4
3904
38C6
38C4
30C4
30C4
30C4
30C4
30C4
30C4
30C4
2884
28C4
28C4
2082
2082
418A
6AD4
8B9A
8358
7B16
8B98
ACA0
B524
ACA0
9C1C
ACA0
BD24
CDAA
D5EA
D5EC
D62A
D62C
D62C
D62E
DE70
DE2C
DDEC
D5A8
BD24
BCE2
CD66
CDA8
CDAA
CDEA
CDEA
CDEC
D5EC
D62C
DE2C
DE2E
DDEE
D5EC
D62E
DE2E
DE2E
D5EA
CD68
DDEC
B460
48C4
3840
7250
CD28
DE2E
D62E
DEB2
E6F4
E6B4
D630
CDEE
D5EE
D5EC
CDAA
C568
C526
BD24
B4E2
C566
CDAA
C5AA
CDEC
E6B2
DE2E
D5EC
CDAA
CDA8
CD66
CD22
C4E2
C4E0
C4A0
A398
9B56
A39A
AC1C
BCA2
CD26
CD66
CD66
CDA4
CDA4
CDA2
C562
C520
C520
BC9E
B41A
A398
A398
ABDC
AC5E
B4E2
C566
C566
C5A6
BD22
BD22
BD22
B4E0
B49E
A41A
7290
59CC
6210
6252
6252
6AD6
72D6
6AD4
6A94
5A52
49CE
498C
59CE
6210
6210
59CC
61CE
61CC
598A
518A
598A
59CC
59CC
61CC
61CE
598A
598C
61CE
59CE
598C
59CE
51CC
498C
414A
3106
3908
4148
3948
3906
4948
59CC
6A0E
7210
7250
7210
7210
6A10
620E
620E
59CC
620E
5A0E
59CC
514A
5148
620E
61CE
598C
61CC
598C
6A10
61CE
598C
59CE
518C
410A
410A
498C
7294
6A52
59CE
620E
7250
6A0E
620E
6A0E
518A
4908
598C
61CE
61CE
61CE
598C
61CE
6A10
6210
61CE
59CC
514A
5148
598A
620E
61CC
598A
59CC
4948
38C4
38C4
38C4
38C4
38C4
4104
4906
5148
598A
6A0E
6A0E
598A
4106
38C6
4148
418A
418A
3948
3948
3948
414A
4148
4148
4148
4988
498A
4988
4148
4146
4146
4148
4148
4146
4146
3906
38C4
38C4
38C4
38C4
3904
38C6
38C4
38C4
30C4
30C4
30C4
30C4
30C4
30C4
30C4
28C4
30C4
2882
2082
418A
7B16
8BDA
8B9A
8398
941C
ACE2
B4E4
A460
9C1C
B4E2
BD24
C5A8
CDEA
CDEA
D5EA
D62C
D62C
D62E
E670
DE2E
DDEC
D5AA
C524
BD24
CD66
CDAA
D5EA
D5EC
CDEC
D5EC
D5EC
DE2E
DE2E
E66E
DE2E
D5EC
DE2E
DE70
E670
DE2E
D5AA
E5EC
ABDC
4082
3882
7A92
CD6A
DE30
DE70
DE72
DE72
D670
D62E
CDEE
D5EE
D5EE
D5EC
C526
C526
CD68
C526
CDA8
D5EC
C5AA
CDAC
DE70
D62C
CDAA
CDAA
D5A8
D5A6
CD24
CCE2
CCE2
C4A0
A398
B41C
D526
CD66
C526
BD24
CD66
CDA6
CDA6
CDA6
CDA4
CD64
C562
C562
C4E0
B45C
A398
A398
AC1E
B4A0
BD24
C5A8
C5A6
CDA8
C566
C564
C564
BD20
B4E0
AC9E
7AD2
51CC
5A0E
6252
6A96
7B5A
7B5A
7B5A
7B5A
6B18
5A52
49CE
498C
59CE
59CE
518C
61CE
598C
514A
4948
518A
59CA
51CA
59CC
61CC
518A
598C
61CE
59CC
518C
59CE
518C
498C
414A
3908
3948
4188
3948
4148
51CA
59CC
6A0E
7250
7250
7250
7250
7250
6A0E
620E
61CE
6A10
5A0E
518A
4908
514A
6A10
59CE
598C
59CE
514A
61CE
61CE
598C
59CC
518E
494A
414A
498C
6A92
6250
59CC
620E
6A4E
61CC
59CC
620E
598C
514A
598C
598C
598C
598C
514A
61CE
6A10
61CC
61CE
598A
5148
5148
518A
61CC
59CC
518A
51CC
4148
38C4
38C4
38C4
38C4
38C4
4104
4946
5148
59CA
6A0E
6A0E
518A
4106
3906
3908
414A
394A
414A
414A
3948
3948
4148
4148
4148
4988
4948
4148
4148
4146
4146
4146
4148
4148
4146
38C4
30C2
38C4
38C4
38C2
38C4
38C6
38C4
38C4
30C4
30C4
30C4
30C4
30C4
30C4
30C4
28C4
30C6
2884
2082
498C
839A
941C
93DC
8BDA
9C1E
ACE2
ACE2
A45E
9C1E
B4E2
B524
C566
C5A8
CDEA
CDEC
D62C
D62C
D62E
E6B2
DE2E
D5EC
D5AA
C566
C564
C566
CDA8
CDEA
D5EC
CDEA
CDEA
D5EC
DE2C
DE2C
DE2C
D5EA
D5EA
DE2C
E670
E670
DDEC
D568
BCA2
8AD4
3882
48C6
82D4
CD28
DDEE
E672
D670
D62E
CDEE
CDEE
D5EE
D5EE
D5EE
D5AC
CD28
D56A
D568
B4A2
C4E6
DDEC
D5AC
DE30
DE70
CDEC
C5A8
CDA8
D5A8
D566
CD24
CCE2
C4A0
BC5E
A398
C4A0
E5EC
D5AA
CD68
BD26
C5A8
C5A8
CDA8
CDA8
CDA6
C566
C564
C564
C522
B45E
A398
A398
B45E
BCE2
BD26
C5A8
C5A8
CDEA
CDA8
CDA6
C564
BD22
BD22
ACA0
7B14
51CC
5A10
6AD4
6AD8
7B9C
7B9C
7B9C
839E
7B9C
6AD6
5210
498C
518C
518C
518C
61CE
61CE
598A
514A
518A
518A
518A
59CC
61CE
598A
598C
6A10
61CE
598C
59CE
518C
51CC
418A
3948
3948
4188
3946
4148
51CC
61CC
6A0E
7250
7252
7A52
7250
7250
6A10
6A0E
620E
6A50
59CE
4948
4908
514A
6A0E
59CE
59CC
59CE
494A
598C
59CE
598C
59CC
518E
518E
518C
494A
6210
620E
598C
620E
6A0E
59CC
598A
61CC
598C
514A
61CE
598C
598C
598C
514A
61CE
6A10
598C
61CE
594A
4948
518A
518A
598A
518A
518A
51CC
4148
30C4
30C4
30C4
38C4
38C4
4104
4946
5148
598A
6A0E
6A0E
518A
4948
3908
3908
3948
3908
418A
418C
414A
3948
3948
4148
4148
4988
4146
4146
4148
4146
3906
4146
4148
4148
3906
30C2
3082
38C4
30C2
3082
38C4
38C4
38C4
38C4
38C4
30C4
30C4
30C6
30C6
30C4
2884
28C4
30C6
2884
2082
49CC
8BDC
9C1E
9C1C
93DC
9C5E
ACE2
ACE2
A460
9C5E
ACE2
B4E4
BD66
C5A8
CDEA
D5EC
D62C
D62C
D62C
E6B2
DE2E
D5EA
D5AA
CD66
CD66
C566
CD68
CDA8
CDAA
CDA8
CDA8
D5AA
D5EA
D5EA
DE2C
DDEC
D5EC
DDEC
DDEE
D5AA
BCA4
A3DE
8B16
69CC
3040
4908
7A94
BCA4
CD6C
E672
DE72
D62E
CDEE
D5EE
D5EE
D5AC
CD6A
D56A
D568
D568
BCA2
82D6
8B58
C4E6
D5AC
E670
E670
CDEC
C568
C568
CDA8
CD66
C4E2
C4A0
BC60
B41C
9B56
B41E
CD26
BCE4
C528
C568
C568
C5A8
CDAA
CDAA
C5A8
C566
C564
C564
C522
B45E
A398
9B98
AC5E
BCE4
BD26
C5A8
C5A8
CDEA
CDEA
C5A8
BD64
B522
B522
ACA0
7B56
520C
5A50
6B16
7318
7B9C
7B9E
7BDE
7B9C
7BDC
735A
5A92
49CE
498C
518C
59CE
61CE
6210
59CE
518C
518A
518A
518A
59CC
61CC
598A
598C
6A10
61CE
518C
59CE
498C
51CC
498A
3948
4148
4148
3906
4148
59CC
59CC
6A0E
7250
7250
7250
7250
7250
6A10
6A10
620E
6A50
59CC
4948
4908
494A
59CE
59CE
59CE
59CE
4948
518C
59CE
59CE
59CE
494A
518C
498C
4108
5A0E
6A10
620E
6A50
7250
59CC
518A
59CC
514A
514A
61CE
61CE
61CE
61CE
598C
6A10
7210
61CC
61CE
598A
4948
518A
518A
518A
4948
518A
51CC
4148
30C4
30C4
30C4
30C4
3904
4106
5146
5148
5988
620C
7292
59CC
51CC
498A
3948
3948
394A
394A
418A
414A
3906
3906
4948
4988
4148
4148
4146
4146
4146
4146
3906
3906
3906
30C4
30C2
30C4
30C4
30C4
30C4
38C4
30C4
38C4
38C4
38C4
30C4
30C4
30C4
30C6
3106
2884
28C4
30C6
2882
2884
6250
9C1E
ACA2
93DC
9C1E
A4A2
ACE4
ACE4
A4A0
A460
B4E4
BD24
CD66
CDA8
CDA8
CDAA
D5EA
D5EC
CDEC
DE6E
DE2C
D5EC
DDEA
C524
BCE2
DDAA
DDAA
DDEC
E5EC
DDAA
DDAA
DDAA
DDAA
DDAA
E5EE
DDAC
D56A
C4E6
A3DE
8B18
7A94
69CE
594A
4908
4906
514A
6A10
7AD6
9BDE
C568
CD6A
D5EE
DDEE
D5EE
D5AC
D5AC
D5AA
CD68
DDAC
DDAC
A39C
5148
5148
8B18
C4E6
E62E
D5EE
CDEC
CDAA
C568
CDA8
CD66
C4E2
C4E2
B45E
A398
A3DA
B4A2
BCE4
C528
CDAA
CDAC
CDAC
D5EE
CDEC
C5AA
C5AA
C5AA
C568
BD24
BD24
BCE0
9BD8
9BD8
B4A0
BD26
BD68
BD68
C5EC
CDEC
CE2C
C5EA
BDA6
B524
ACE2
ACE0
8396
5A90
5A90
6B16
739A
7B9C
739C
7BE0
739C
739A
7B9C
7358
5A50
498C
498C
51CC
51CE
518E
59CE
59CE
59CC
518A
518A
51CA
518A
59CA
59CC
61CE
59CC
518C
51CE
498C
498C
414A
414A
498A
498A
4148
4948
518A
59CA
620E
620E
6A0E
7250
7A92
7252
7292
7250
6A0E
620E
59CA
518A
4948
4108
59CE
59CE
59CE
6210
498A
494A
59CE
59CE
5A0E
498A
59CE
59CE
494A
6210
7292
6A50
6A50
6210
518C
494A
59CE
518A
518C
620E
6210
598C
61CE
61CE
6A50
7292
620E
59CC
518A
4948
518A
4948
4988
518A
4948
4988
4948
30C4
30C4
3104
3104
3904
4106
5146
5148
5988
61CC
7290
6A4E
6250
49CC
3908
3108
3108
3108
3948
4148
3906
4106
4148
4948
4948
4148
4148
4148
4146
3906
3906
3104
3904
30C4
30C2
30C4
30C4
30C4
30C4
30C4
30C2
30C2
30C4
30C4
30C4
30C4
30C4
30C4
3106
28C4
2884
30C4
2882
30C4
6A94
A420
A460
93DA
9C1E
ACA2
ACE4
ACE4
A460
A460
BD24
C524
CD66
CD66
CD68
CDA8
CDAA
D5EC
D62C
E66E
D5EC
D5AA
D5AA
B460
A3DC
C4E4
CCE4
CD26
D568
D528
CD26
CCE6
CCE4
C4A4
BCA4
B420
A39C
8AD8
6A10
618C
594C
514A
514A
4908
4908
494A
59CC
620E
6A50
8358
A460
BCE6
CD6A
D5AC
D5AC
DDAC
DDAC
D56A
C4E4
AC20
7A52
4908
5108
7250
A3DE
D5AA
CDAC
CDAC
CDAA
C566
CD66
CD64
BC9E
B49E
AC1C
A3DA
A41C
B4A2
BCE6
C568
CDAC
CDAC
D5F0
DE32
D5F0
C5AC
C5AC
C5AA
BD68
BD26
BD24
B4E0
9BD8
9BDA
B4E2
BD24
BD68
BDAA
C62C
CE2E
CE2C
C5EA
BD66
B524
ACE2
A4A0
8BDA
6290
6B16
739A
739C
7BE0
73DE
7BE0
7BDE
7BDC
7B9C
6B58
5250
49CC
49CC
51CE
51CE
518C
518C
51CC
518A
4988
4948
4988
518A
518A
518A
59CC
51CC
498A
51CC
498A
498C
498A
498A
518C
498A
4108
4106
4948
598A
620E
6A50
7250
7A92
7A94
7252
7250
7250
620E
620C
59CA
518A
4988
494A
5A0E
59CE
518E
59CE
518C
518C
59CE
518C
59CE
4948
59CE
620E
494A
6A50
7A94
7252
6210
59CC
494A
4948
620E
518C
518C
59CE
59CC
518C
620E
61CE
6A50
7252
620E
598A
5148
4948
4988
4146
4146
4948
4146
4948
4988
30C4
30C4
30C4
30C4
38C4
4106
4906
5148
598A
61CC
7250
6A50
6250
498A
3106
3908
3948
3108
3908
3948
3908
4148
4948
4148
4948
4948
4948
4148
4146
3906
3904
3104
30C4
30C4
30C2
30C4
30C4
30C2
3082
30C4
3082
3082
30C4
30C4
2884
2884
2884
28C4
30C6
30C6
28C4
30C4
2882
3906
7B16
A460
9C1E
93DA
9C1E
ACA2
ACA4
A4A2
A460
A460
BCE4
C524
C526
CD66
CD68
CD68
CDA8
CDAA
D5EC
E62E
DDEC
DDEC
D528
9358
7210
9318
9318
9358
9B9A
9B9A
9B9A
9316
82D4
7A92
7A52
7252
69D0
594C
4908
5108
514A
510A
510A
514A
514A
514A
518A
518A
518A
5A0E
7AD6
8B5A
A41E
AC62
B4A2
BCA4
B462
B420
8B18
7210
5108
4906
594A
618C
8AD6
BCA4
C4E6
C528
CD68
C526
C524
C522
B45E
AC1C
A3DA
A3DC
AC60
B4A4
BD26
CDAA
CDAC
CDAC
DE72
E672
D630
C5AC
C5AC
C5AC
BDA8
BD66
BD24
B4A0
9BDA
A41C
B524
BD66
BD68
C5EC
CE70
CE2E
C5EC
BDAA
BDA8
B566
AD24
A4A0
8C1C
62D4
739A
841E
7C20
8462
7C22
7C20
8462
83DE
7BDC
735A
5A92
49CE
49CC
51CC
498C
498C
498C
518C
498A
4948
4148
4948
518A
518A
518A
59CC
51CC
498C
51CC
498A
498C
498A
498A
518C
494A
4106
4106
4948
61CC
6A4E
7250
7292
7A94
7A92
7252
7250
7250
6A0E
620E
59CA
51CA
518A
498A
6210
51CC
494A
518C
59CE
59CE
51CE
498A
518C
4148
518C
59CC
4948
6A10
7AD4
7252
59CC
518C
4148
4948
6250
61CE
598C
59CC
59CE
514A
61CE
61CE
6A10
6A50
61CC
598A
4948
4948
4948
4106
4106
4146
4106
4146
518A
30C4
30C4
30C4
30C4
38C4
4104
4906
5148
598A
61CC
7250
620E
59CE
4148
28C6
414A
418A
3908
3908
3948
4148
414A
494A
4948
4148
4948
4948
4948
4146
3906
3906
3904
30C4
30C4
30C4
30C4
30C4
30C2
3082
30C4
3082
3084
30C4
3084
2884
2884
28C4
28C4
30C6
3106
28C4
30C4
2882
4148
8358
A420
9C1E
93DC
9C20
A4A2
A4A2
A460
A4A2
ACA2
BCE4
C524
CD26
CD66
CD66
CD68
CDA8
D5AA
DDAA
E62C
E5EC
DDAA
C4A2
8292
5948
69CE
69CE
6A10
7252
7252
7250
61CE
598A
514A
598C
598C
594C
510A
510A
594A
514A
4908
514A
514A
518C
514A
518A
518C
518A
5A0E
59CC
61CE
6A10
7252
7A94
82D6
7A94
7210
618C
514A
5106
5148
618A
618C
7210
9358
A3DE
B462
C4E6
C4E4
C4E4
C4E2
AC1C
A3DA
9BDA
A41E
B4A2
BCE6
BD28
C56A
CDAC
CDEC
DE70
E672
D630
C5AC
C5AC
C5EC
C5AA
C5A8
BD26
ACA0
9C1C
AC60
BD66
BD68
BD68
C5EC
DEB2
C62E
BDAA
B5AA
BDAA
BDA8
AD24
A4E2
8C1E
6316
6B5A
7C20
8464
7C22
7C24
8464
8C64
8420
7BDE
7B9C
6AD6
5210
49CC
498C
494A
494A
498A
498A
498A
498A
498A
498A
59CC
59CC
51CC
5A0E
51CC
51CC
51CE
498A
414A
414A
498A
498A
4948
4908
4948
518A
6A0E
6A0E
6A0E
6A0E
7252
7252
7250
7250
7250
6A50
6A0E
59CC
59CC
518A
498A
6210
51CC
494A
498C
5A10
6210
51CC
494A
498A
4948
4948
4948
4948
6210
7292
7250
59CC
518A
4108
4948
6A50
620E
59CC
59CE
620E
4948
61CE
61CE
620E
6A0E
61CC
598A
4948
5188
4948
4146
4948
4948
4106
4106
51CA
30C6
30C4
30C4
30C4
30C4
3904
4906
5148
61CC
6A0E
6A50
59CC
518C
4148
30C6
418A
498C
3948
3908
3948
4148
4148
494A
4948
4148
4148
4948
4148
4148
3906
3906
3906
3104
30C4
30C4
3904
38C4
30C4
3082
30C4
3084
3084
3084
3084
2884
2884
28C4
30C6
28C4
3106
30C4
30C4
2882
4148
8358
9C1E
941E
93DC
9C60
A4A2
A4A2
A460
ACA2
B4A2
BCE4
C524
C524
CD24
CD66
D568
CD68
CD68
D568
CD26
C4E4
BC60
9B5A
7210
618C
69CE
61CC
6A0E
6A10
6A10
59CC
514A
514A
514C
594C
514C
510A
490A
514A
594C
514A
4908
514A
514A
518C
494A
494A
518A
498A
59CC
598C
59CC
59CE
61CE
6A10
7212
6A10
69CE
594A
594A
614A
594A
618A
618C
618C
69CE
8294
9B18
B41E
BC60
BC60
B45E
9B98
9358
A3DC
AC60
B4A4
BCE6
B4E6
B4A4
B4E6
BD28
D5EE
DE30
D5EE
C5AC
C5AC
C5EC
C5AA
C568
BD26
AC60
9BDC
ACA0
C568
C56A
BD6A
CE2E
E6F6
C62E
B56A
B56A
BDEC
BDAA
AD26
9CA2
8C1E
6B5A
6318
8422
9D2A
7C24
7C24
8CA8
8C66
8422
7BDE
7B9C
6B18
5A50
49CC
51CC
498A
498A
498A
498A
498C
49CC
49CC
518C
51CC
59CC
518C
59CE
59CE
51CC
51CE
498A
4148
4148
494A
494A
4948
4948
518A
61CC
620C
59CA
598A
61CC
6A10
7252
7250
6A0E
7250
6A50
6A4E
59CC
59CC
59CC
518C
6210
59CE
498C
494A
6210
6250
51CC
498A
498A
4148
4106
4948
59CC
6A50
6210
6A10
61CE
4948
4108
4948
6A52
620E
59CC
61CE
61CE
598C
6A0E
620E
61CC
620E
61CC
59CC
518A
518A
518A
518A
51CA
518A
4146
4106
51CA
3106
3106
30C4
30C4
30C4
3904
4906
5148
61CC
6A50
6A10
59CC
51CC
498C
3908
414A
498C
394A
3908
394A
3908
4108
414A
494A
4148
4148
4148
4148
4146
3906
3906
3906
3906
3104
3904
3904
38C4
30C4
30C4
38C4
3084
30C4
3084
3084
2884
2884
28C4
30C6
28C4
30C6
30C4
28C4
2082
4188
8358
93DC
8BDC
93DC
9C60
ACE4
ACA2
A462
ACA2
AC60
B4E2
BCE2
C4E2
CD24
CD24
C4E4
BCA0
B45E
ABDE
9B5A
8AD6
8252
7210
69CE
69CE
698E
598C
61CE
61CE
598C
494A
494A
494A
514C
514A
514A
490A
490A
598C
598C
514A
514A
4948
514A
518A
494A
494A
498A
4948
518C
518A
598C
618C
61CE
618C
618C
594A
594A
594A
614A
614A
594A
594A
618A
618A
614A
71CC
8210
92D6
9316
9B18
9316
8AD4
8B18
A3DE
AC62
B4A4
B4A4
AC62
9C20
9C1E
A420
BD28
CDAC
CDAC
CDAC
C5AC
C5AA
C568
BD68
BD26
A460
93DC
A420
BD28
C56A
C5AC
DE74
E6F6
CDF0
B56A
B56A
BDAC
B56A
A4E6
9462
8C20
7B9E
6B5C
9CE8
C676
94AA
8426
8CA8
94A6
8422
7B9E
735A
6AD6
5210
49CC
51CC
498C
518C
498C
498C
498C
49CC
49CC
49CC
518C
518C
518A
51CC
51CC
51CC
51CE
418A
414A
414A
4948
4948
4948
5148
598A
61CC
598A
5148
5988
61CC
6A10
7250
7250
6A0E
6A0E
6A0E
6A0E
5A0C
5A0E
5A0E
51CC
6210
59CE
518C
494A
59CE
6210
51CC
518C
498C
4108
4108
59CC
6A52
7292
61CE
6A10
6A10
4948
494A
59CC
7AD4
7252
620E
6A0E
620C
620E
6A50
620E
61CC
620E
61CC
61CC
59CA
59CC
518A
518A
59CC
59CC
4948
4106
518A
3906
3106
30C4
30C4
30C4
4106
4946
5148
598A
6A0E
61CE
51CC
59CE
51CE
3908
418C
418C
3908
3908
414A
414A
4148
414A
494A
494A
4948
4148
4148
4148
4108
3906
3906
3906
3906
3906
3906
38C4
30C4
30C4
38C6
3084
3084
3084
2884
2884
2884
28C6
28C6
28C4
2884
28C4
2884
2040
418A
8358
93DC
8BDC
8BDC
941E
ACA4
ACA4
A4A2
ACA2
A460
AC60
B4A0
BCA0
B460
AC1C
9B98
8B16
8AD4
8292
7210
69CE
618C
614A
614A
614C
594C
618E
61D0
61CE
514C
494A
514C
514C
494A
514C
514C
514C
598C
598E
514C
490A
514A
494A
494A
518A
494A
518A
518C
498A
59CE
598C
618C
618C
618C
618C
594A
590A
5908
5908
5908
5908
5948
614A
618A
618A
698C
698C
718C
79CE
79CE
720E
720E
7210
82D6
A3DE
AC62
AC62
A422
A422
9BE0
8B9C
831A
A420
C4E6
CD6A
CD6A
CD6A
CD6A
C528
C526
BCE4
A420
8B5A
8318
939C
93DE
A464
CDEE
D5F0
CDAE
BD6C
BD6A
BD6A
B528
A4A6
9462
8C22
735C
6B1C
9CA8
CE76
9CEA
8C68
8C68
9466
83E2
735C
6B1A
6294
49CE
418A
498A
498C
498C
498C
498A
498C
51CC
51CC
49CC
51CC
518C
518C
51CE
51CE
498C
49CC
414A
4148
414A
4948
4948
4948
518A
61CA
61CC
5988
5988
61CC
7250
7210
6A0E
6A10
6A0E
620E
620E
6A0E
5A0C
620E
5A0E
51CC
5A0E
5A0E
59CE
494A
51CC
59CE
518C
51CE
498C
3906
494A
6210
7294
7252
6210
7252
620E
494A
518A
61CE
7AD4
7250
6A50
6A50
620C
61CC
620C
598A
598A
61CC
59CA
59CA
59CC
59CC
518A
518A
518A
518A
4948
4106
518A
3906
3106
3104
30C4
30C4
3906
4948
5148
5148
61CE
59CE
518C
518C
518C
3908
49CC
414A
390A
414A
498C
498A
414A
494A
518C
498A
494A
4148
4108
4108
3906
3906
3906
3906
3906
38C6
38C6
30C4
3084
30C4
38C6
3084
3084
2884
2884
2884
2884
2884
28C6
28C6
2082
2884
2082
1840
418A
8358
941E
8BDC
8BDC
941E
A4A2
A4A2
A460
ACA2
A460
A45E
AC60
AC5E
9398
7A90
69CC
6A0C
7250
7210
720E
69CE
618C
594A
590A
594A
618C
61CE
6A10
59CE
494C
494C
598E
518E
490A
514C
598C
598E
59CE
598E
490A
4908
598C
514A
514A
518A
494A
494A
498A
494A
61CE
618C
614C
614A
614C
618C
614C
614C
614A
590A
5908
6108
614A
614A
614A
618A
694A
694A
694A
718C
718C
698C
618A
618C
7A52
A3DE
B462
AC22
A3E0
AC22
AC22
935C
82D6
935A
B462
CCE8
D56A
D56A
CD6A
C528
C528
BCE4
A3DE
7AD8
6210
51CE
51D0
6254
9422
BD2A
C56C
CDAC
BD2A
BD28
B4E8
ACA6
9C64
8BE2
6298
5256
7BA0
AD2C
8C26
8C68
8C68
8C26
83E2
735C
6B18
6294
49CC
3908
4148
498A
498A
498A
414A
498C
51CE
51CE
49CC
5A10
5A0E
51CE
5A0E
51CE
498C
49CC
3948
4148
4148
4948
4948
5188
598A
61CC
6A0C
61CA
61CA
724E
7A50
6A0E
69CE
6A0E
6A0E
6A0E
6A0E
6A0E
5A0C
620E
5A0E
518C
59CE
5A0E
5A0E
494A
498C
518C
518C
5A0E
498C
4108
498A
6210
6250
6210
6A50
7A94
59CC
4948
514A
598C
6A50
61CC
620C
620E
59CC
518A
5188
4906
5148
59CA
598A
598A
59CA
59CA
4948
4948
4906
4948
4948
4106
518A
3906
30C4
30C4
30C4
3904
4106
4948
518A
4908
514A
59CE
518C
494A
3908
3908
49CC
3908
3948
394A
418C
498C
414A
414A
518C
518C
498A
4148
4148
4148
3906
3906
3906
3906
4148
4148
3906
38C6
30C4
30C4
30C4
3084
3084
3086
2884
2884
2884
2884
2884
28C6
2082
2082
2040
2882
5A50
7B16
941C
8BDC
83DC
93DE
9C60
A4A2
ACA2
B4E4
BCE4
BCE4
AC60
9BDA
7AD2
6A0E
6A0E
7A50
7250
7A52
8294
71D0
594A
510A
594A
614C
618E
61D0
61D0
598E
514C
514C
514C
514C
598E
598E
598E
598E
598C
518C
514C
514A
514A
494A
494A
514A
518A
518A
518C
518C
518C
594A
594A
594A
594A
614A
614A
6108
5908
5908
6108
614A
614A
614A
614A
614A
614A
718A
718A
698A
698A
698A
618C
618C
61CE
935A
AC22
B464
AC22
AC22
9B9E
82D8
7A94
8A96
9318
AB9E
C4A4
CCE8
C4E6
B4A4
B4A4
A420
8B5A
7296
6212
498E
390A
394A
498E
7AD8
A422
BCE8
B4A6
A464
A464
9C22
839E
6AD8
394E
314C
5A56
7B60
8C26
9468
83E4
7BA0
5A98
5254
5212
49CE
49CC
49CC
414A
51CC
498C
498C
498C
498C
49CC
51CE
51CE
5A10
5A0E
51CE
51CE
5A10
498C
3908
4148
4148
4148
498A
518A
598A
61CA
61CC
69CC
720E
724E
7A50
7A92
7250
6A0E
6A0E
7210
6A0E
6A0E
6A0E
59CC
620E
6210
59CE
5A0E
6A92
5A0E
494A
51CC
5A0E
51CE
51CE
518C
4148
51CC
59CE
51CC
6250
6210
6210
59CE
59CC
518A
518A
59CC
518A
620C
6A0E
518A
5148
4948
5148
620C
59CA
5148
5188
5188
598A
518A
518A
518A
4948
4948
4948
4948
3906
30C6
28C4
3104
3906
3906
4906
5148
5148
518A
61CE
518C
4148
3908
3908
51CC
3108
3908
394A
418C
498C
414A
3908
494A
518A
498A
4948
4148
4148
4108
3906
3906
3906
3948
4108
3906
38C4
30C4
38C4
38C6
30C4
3084
2884
2884
2884
2884
2884
2886
28C4
2082
2084
2082
28C4
6292
7B58
941E
941E
8BDC
8BDC
941E
A460
AC62
ACA2
ACA2
AC60
939C
8316
7292
7250
7292
7A92
7A92
7A92
7A94
69CE
594A
594A
618C
618E
61CE
6A10
61D0
518E
514C
598E
598E
5990
61D0
598E
598E
598E
598C
518C
514C
514C
514C
494A
494A
514A
514A
514A
514A
518C
598C
618C
614A
614A
590A
610A
610A
610A
610A
5908
6108
614A
614A
614A
614A
614A
614A
698A
698A
698A
698A
698A
618C
618C
61CE
7A94
9B5C
A39E
9B5C
931A
8296
7212
7A12
71D0
7A10
8A94
9B5A
9B9C
935A
8B1A
8B5A
939C
831A
7AD8
7296
6A54
5212
498E
498E
59D0
6A54
7296
6A94
6254
6254
5212
418E
314C
1886
1046
290A
41D2
5A98
62DA
5A98
41D2
290C
290A
314A
394A
49CC
5A0E
520E
51CC
51CC
498C
498C
498C
498C
49CC
49CE
5210
51CE
51CE
51CE
51CE
418C
3948
414A
4148
4148
498A
518A
59CA
61CA
69CA
6A0C
724E
724E
7A50
7A90
7250
6A0E
6A0E
6A10
61CC
620E
6A4E
620E
6210
6250
59CE
51CE
6A92
6210
518C
51CC
5A0E
51CC
51CC
498C
4148
51CC
59CE
59CE
6A50
6210
6210
598C
59CC
59CC
59CC
6A10
620E
6A50
6A50
59CA
5188
4948
5188
61CC
598A
5188
598A
518A
598A
518A
518A
518A
4948
4948
5148
4948
3906
30C4
28C4
3104
3906
3906
4106
4946
4948
518A
6210
59CC
494A
4148
4148
498C
3908
414A
418A
49CC
51CE
498C
414A
498A
498A
498A
498A
494A
4148
4148
3948
3908
3908
3908
3906
3906
38C6
38C6
38C6
4106
30C4
30C4
2884
2884
2084
2884
2884
28C6
2884
2084
28C4
2884
3106
6AD4
839A
941E
9C60
941E
8BDC
93DC
9C1E
A420
9C1E
9BDC
8B5A
7294
6A52
7292
7AD4
82D6
82D4
7A94
7A94
7A94
69CE
594C
594C
618E
61CE
61CE
61D0
59CE
514C
514C
598E
61D0
6190
61D0
618E
618E
598E
598E
514C
514C
514C
518C
514A
514A
494A
494A
494A
514A
598C
598C
618C
614C
614A
614A
614A
614A
614A
610A
6108
6108
6108
6148
614A
614A
614A
618A
698C
698A
698A
698A
698A
618C
618C
618C
69CE
8296
8A96
7A54
71D2
698E
614C
698E
614A
614A
698E
7210
7210
6A0E
6210
6A12
7AD8
8318
835C
835C
835C
7318
6296
5A52
59D0
498C
410A
3908
390A
3108
2086
1844
1844
1044
1044
1046
18C8
290C
294C
210A
1886
1844
20C8
394A
418C
49CC
5A0E
51CC
498C
498A
498C
498C
498C
49CC
49CE
51CE
51D0
49CE
498C
498C
498C
414A
3948
414A
3948
4148
4988
518A
59CA
61CA
69CA
6A0C
724E
7A4E
7A50
7A50
7A50
7210
720E
7210
61CE
6A0E
6A4E
620E
6A50
6A52
5A10
5A10
6210
59CC
518C
51CC
51CC
498A
51CC
51CC
414A
51CC
6210
6210
6210
5A0E
6210
518C
59CC
59CC
59CC
6A50
6A50
6250
59CC
5148
4948
4948
4948
5188
5148
5148
518A
5148
598A
518A
518A
518A
5188
518A
5188
4948
3906
30C4
28C4
30C4
3906
3906
4146
4948
4106
514A
6210
620E
518C
498A
4148
414A
4148
418A
498A
51CE
51CE
51CC
498C
51CC
498A
518C
518C
494A
4148
4148
3948
3908
3948
3908
3906
3906
38C6
38C6
3906
4108
38C6
30C6
2884
2884
2884
2884
28C6
28C6
2884
2084
28C6
28C4
3948
7316
8B9A
93DC
9420
9C20
941E
93DE
9C1E
93DC
8358
7B16
6A92
6252
6A52
72D6
8318
8318
7AD6
7AD4
82D6
7292
61CE
598C
598C
598E
598E
598E
598E
598E
518C
598C
61D0
69D0
618E
618E
61D0
61D0
618E
598C
514C
494A
514A
518C
514A
514A
494A
4908
4908
514A
598C
61CE
698E
698C
694C
614A
614A
614A
614A
610A
6108
6108
6108
6108
6148
614A
614A
698A
698A
698A
698C
698A
618A
698A
618C
618C
618C
69D0
69D0
618E
614C
614C
614A
614C
614A
614C
698C
69CC
61CC
598C
598C
61CE
6252
7AD8
8B9E
8B9E
839E
7B1A
6A96
5A12
6212
494C
30C8
38C8
394A
394A
310A
290A
2108
318C
318E
294C
294C
294A
20C8
1886
1886
20C6
394A
49CE
51CE
51CC
51CC
414A
498A
498C
498C
498C
498C
49CE
51CE
51CE
49CE
498C
418C
418C
418C
414A
394A
414A
3948
4148
4988
518A
61CA
61CA
6A0C
720C
724E
724E
7A4E
7A50
7A50
7A50
7250
7250
6A0E
6A0E
6A0E
5A0E
6210
6A52
5A10
6250
51CC
51CC
51CC
51CC
51CC
498A
498C
51CC
498A
51CC
7294
6210
59CE
59CE
61D0
518C
518C
51CC
59CC
6250
7294
6250
518A
4948
4948
4948
4948
4948
4948
518A
518A
4948
518A
4948
5148
518A
518A
518A
518A
4946
3908
30C6
28C4
30C4
3906
4146
4948
5148
4106
518A
6210
6210
59CC
518A
4148
4148
4148
4148
4148
418A
498C
498C
498A
518C
518C
59CC
51CC
498A
4148
4148
3948
3906
4148
3948
3908
3908
4108
3906
3906
3906
38C6
30C6
30C4
30C4
30C6
30C6
28C6
28C6
2084
28C6
30C6
28C4
394A
7B58
8B9C
8B9C
93DE
9C60
A460
A460
9C1E
8B9A
72D4
6A92
6A94
7B18
835A
835A
835A
8358
7B18
7AD6
7AD6
6A52
61CE
598C
598C
518C
518C
518C
514C
598C
598E
59CE
61D0
69D0
69D0
69D0
6A12
61D0
598E
514C
494A
494A
514C
518C
514C
514A
494A
490A
490A
514A
598C
69CE
698E
698C
698C
698C
694C
694C
694A
6108
6108
6108
6108
6108
6148
614A
614A
698A
618A
698C
698A
618A
618A
618A
698A
618C
618C
698C
618C
614C
698C
698E
694C
694C
698C
698C
69CE
69CC
69CC
618C
61CE
61CE
6210
6A94
7AD8
7AD8
6A96
6254
51D0
494C
518E
410A
38C8
390A
414C
41D0
4A12
5254
4212
5296
5296
5296
5296
4A52
318E
314C
310A
394A
418C
49CC
49CC
51CC
51CC
498A
51CE
51CE
518E
518E
498C
498C
498C
418A
418C
418C
418C
498C
418C
414A
414A
414A
3948
4148
5188
598A
61CA
69CA
720A
720C
720C
720C
7A4E
7A50
7A50
7A52
7A52
7A50
7210
6A0E
620E
59CC
6210
6A52
5A10
6210
518C
51CC
51CC
51CC
498A
4148
4148
498A
498C
51CC
7AD6
6210
498C
59CE
59CE
59CE
518C
59CE
5A0E
6A50
7B16
6A92
51CC
51CC
518A
59CC
59CC
518A
51CA
59CC
518A
4948
5148
4946
4948
5188
518A
518A
518A
4946
4108
3906
30C4
3106
3906
3948
4948
518A
518A
59CC
6210
620E
620E
51CC
4108
498A
4148
4148
3948
4148
498A
498A
498A
518C
51CC
59CE
59CE
518C
494A
414A
4148
3906
4148
4148
4108
4148
4148
4148
4108
3906
3906
30C6
30C4
30C6
30C6
30C6
30C6
28C6
28C6
28C6
30C6
2884
394A
835A
8BDE
8B9C
941E
A462
ACA2
ACA2
AC60
8B9A
7294
6A94
835A
9420
9C62
8BDE
839C
835A
835A
835A
7AD6
6A52
61CE
59CE
518C
514C
514C
494A
518C
59CE
59CE
59CE
69D0
6A10
7212
7A54
6A12
61D0
598E
514C
490A
494A
514C
514C
514A
494A
494A
510A
514A
598C
61CE
69D0
698E
718C
718C
698C
698C
694C
694A
6108
6108
6108
5908
6108
6148
614A
614A
618A
618C
618C
618C
618A
618A
618A
618A
618A
618C
698C
698C
698C
698E
698E
698E
698C
614C
698C
698C
69CC
618C
618C
598C
59CE
59D0
6210
5A12
59D0
59D0
51CE
518C
414A
494A
410A
410A
390A
394C
49D0
5A96
631A
631A
631A
5B18
5AD8
5B18
5294
4210
4210
398C
418C
49CC
49CC
51CC
51CC
59CE
51CC
518E
51CE
51CE
51CE
51CE
498C
498A
418A
418C
414C
498E
49CE
418C
418C
418A
414A
4148
4948
5188
598A
61CA
69CA
720C
720C
720C
720C
7A4E
7A4E
7A50
7A52
7A52
7A50
6A0E
6A0E
620E
59CC
620E
6250
51CE
51CE
498A
518A
59CE
51CC
498A
4148
3948
4148
498C
498C
72D6
59CE
494A
59CE
59CE
5A10
59CE
6210
6210
6210
72D4
6A50
51CC
59CC
518C
59CC
59CC
51CC
59CC
59CC
518A
4988
4948
4906
4948
5148
5188
518A
518A
4906
4108
3906
3106
3106
3106
3906
4106
4948
518A
59CC
620E
6250
6A92
5A0C
4148
51CC
498A
498A
498A
418A
498C
51CC
498C
51CC
518C
59CE
59CE
518C
498A
498A
414A
3906
4148
3908
4108
4148
494A
494A
4148
4108
3906
38C6
30C4
30C4
30C6
30C6
30C6
28C6
28C6
28C6
28C8
2084
394A
839C
941E
8BDC
9420
A460
A460
AC62
AC60
8B9A
7294
72D6
8BDE
9C62
A4A4
9420
8BE0
8BDE
839C
839C
7294
6210
6210
6210
59CE
518C
518C
518E
59CE
6210
59CE
61CE
6A10
6A10
6A10
7212
69D0
618E
594C
514C
514C
514C
514C
514C
514A
514A
490A
514A
598C
61CE
69D0
71D0
71CE
718E
718C
698C
698C
694A
694A
6108
6108
6108
5908
6108
6148
614A
614A
614A
618C
618C
618C
618A
618A
618A
698A
698A
698C
698C
698C
698C
698C
698C
698C
698C
614C
698C
698C
698C
698C
618C
618C
598C
518C
518E
514E
514E
514E
518E
514C
490A
494A
490C
410C
390A
310A
394E
5254
6B1C
6B5C
631A
5AD8
5296
5294
4A52
4210
41CE
418C
49CC
520E
51CC
51CC
51CC
518C
518C
518C
518E
518E
51CE
51CE
51CE
498C
498C
418C
418C
49CE
49CE
418C
418C
498C
418A
4148
4948
518A
598A
61CA
69CA
720C
720C
720C
7A4E
7A4E
7A4E
7A50
7A50
7A50
7250
69CE
61CC
59CC
518A
51CC
59CE
498C
498A
498A
51CA
5A0C
51CC
498A
498A
4148
4148
498A
498A
6252
518C
518C
6210
6212
6210
59CE
5A10
6210
51CC
6250
5A0E
498A
51CC
498A
518C
59CC
518A
51CC
518A
4948
498A
518A
4948
4948
5188
5148
518A
5148
4906
4108
3906
3106
3106
3106
3906
3906
4106
514A
598C
61CE
6A50
7AD4
624E
4948
59CC
51CC
51CC
498A
498A
51CC
51CC
498C
51CC
518C
59CC
59CC
518C
498C
498C
498A
3908
4148
3908
3908
4148
494A
498A
494A
4148
3906
3106
30C4
28C4
30C6
30C6
30C6
28C6
28C6
28C6
28C8
2084
394A
8BDE
9C20
93DE
8BDE
8B9C
8B5A
939C
93DC
7B16
6A52
7294
839C
9420
9C62
9422
9422
9420
839E
839C
6254
5A10
6210
6252
59CE
518C
59CE
620E
6210
6210
61CE
61CE
6A10
6A10
61CE
618E
618E
598C
514C
514A
514C
518C
514C
514A
514A
494A
490A
514A
618E
69D0
6A10
71D0
71CE
71CE
698C
698C
698C
694A
694A
610A
6108
6108
6108
6108
614A
614A
614A
5948
618C
618C
618C
618A
698A
698A
698A
698A
698C
618A
618C
618C
618C
614A
618C
614C
698C
698C
698E
698C
69CC
69CE
618E
598C
598C
514C
514C
490A
410A
40C8
40C8
4108
38C8
38C6
30C6
2886
2886
290A
4A12
6B1A
6B1A
6318
5A96
4A52
4A52
4A50
4A0E
418C
414A
498A
51CC
498A
518A
518C
494A
494A
518C
518E
59CE
59CE
51CE
51CC
498C
498C
418C
418C
49CE
49CE
418C
418C
498C
418A
4148
4948
518A
59CA
61CA
69CA
720C
720C
7A0C
7A4E
7A4E
7A4E
720E
7A50
7250
7210
620E
61CC
518C
4148
494A
518C
414A
414A
51CE
51CC
5A0E
59CE
518C
498A
3906
3906
494A
494A
59CE
498A
59CE
6A52
6A94
5A10
518C
59CE
5A0E
498A
5A0E
6210
59CE
5A0E
498A
518C
59CC
518C
51CC
51CC
4948
518A
598A
5188
5188
518A
5148
5148
4948
4106
4148
4148
30C4
2882
30C4
3906
3948
498A
518A
61CC
6A0E
7250
7A92
7250
598A
620E
59CC
498A
494A
494A
498A
51CA
498A
51CA
518A
51CC
51CC
51CC
51CC
51CC
498A
4148
3948
414A
414A
498C
494A
3906
4108
4148
4108
30C6
30C4
28C4
2884
28C6
3106
3106
28C6
3108
3108
3108
394A
7B5A
9C62
8BDE
93DE
8BDC
8358
8358
8B5A
7B16
7294
6A52
7B18
8B9C
93E0
9422
9C64
9424
83A0
731A
6294
5A12
5A10
5A10
51CE
5A0E
6250
6250
6A50
7252
7252
7252
69D0
618E
594E
594C
594C
598E
618E
598E
598C
598C
598C
514A
514A
514A
514A
598C
61CE
61CE
69D0
6A10
69CE
698C
698C
698A
694A
694A
614A
614A
5908
5908
5908
5908
5948
5948
5948
5948
614A
614A
698A
698C
698A
698A
698C
698C
618C
698C
618C
618C
618C
618C
618C
614C
618E
618C
614C
614C
594C
594A
510A
490A
4908
4908
40C8
38C6
38C6
30C6
30C4
3084
2884
2884
2886
2884
2044
2084
394A
6B18
6B18
6AD8
6294
5A52
49CE
49CC
49CC
51CE
494A
518C
598C
598C
518C
518A
518C
518C
518C
59CE
59CE
518C
498C
418C
418C
418C
418C
418C
49CE
418C
418C
49CE
498C
498A
498A
4948
5188
59CA
61CA
61CA
720C
720C
720C
720C
7A4E
7A50
7A90
7A50
6A0E
61CC
61CE
620E
518C
414A
414A
498E
414A
498C
51CE
51CC
51CC
51CC
518C
4948
4108
4908
494A
59CE
6210
518C
518C
5A0E
5A10
7294
518A
494A
494A
494A
59CC
6250
5A0E
620E
51CC
518A
51CC
51CC
494A
494A
518A
518A
518A
4146
4948
4948
4146
4146
4148
3904
494A
4148
38C6
3084
30C4
3906
3906
4148
5188
61CC
6A0E
7250
7A92
724E
618A
61CC
59CC
494A
498A
498A
498A
518A
4988
51CA
518A
518A
518A
518A
518C
49CC
418A
3948
414A
414A
4108
494A
518C
494A
518A
494A
4148
3906
30C6
28C4
2884
30C6
3908
3908
3108
3908
3108
3108
394A
7B5A
9C62
9C60
9C60
941E
8B9A
8358
7B16
6A94
6250
6A52
7AD6
835A
939E
9422
9C64
9464
7B9E
62D8
5A54
5A52
5A52
5210
5A10
6A92
6A94
6A92
6A52
7252
6A52
61D0
598E
594C
594E
618E
598E
61CE
618E
598C
598C
598C
598C
514A
598C
514A
598C
61CE
69CE
6A0E
6A10
7210
7210
71CE
698C
698C
694A
614A
6148
5908
5908
5908
5908
5908
5948
5948
5948
5948
6148
614A
614A
698A
618A
618A
618A
618C
698C
69CC
618C
618C
598C
598C
514A
5108
514A
510A
510A
4908
48C8
48C8
40C6
40C6
3884
3084
3084
30C6
30C6
30C6
30C6
30C6
30C4
2884
2884
2884
2884
2886
394A
6AD6
72D8
6AD6
5A52
520E
49CC
498C
49CC
51CC
518A
598C
598C
598C
514A
514A
514A
518A
518A
59CC
51CC
498C
414A
418A
418C
498C
498C
418C
51CE
498E
418C
49CE
498C
498A
498A
4948
518A
61CC
61CA
6A0C
720E
720E
7A4E
7A4E
7A4E
7A50
7A50
7250
6A50
6A0E
620E
6210
518C
414A
414A
498C
414A
49CE
5A10
51CC
518C
51CC
518C
518A
514A
598C
598C
6210
6A52
59CC
518C
59CE
5A0E
6A92
518A
4948
4948
4948
51CC
59CC
498A
51CC
518A
498A
498A
498A
494A
518A
59CC
518A
518A
4948
4988
4948
4106
4148
4948
3904
498A
498A
3906
30C4
30C4
30C4
3906
4148
4948
59CC
6A0E
7250
7A92
7250
61CC
620E
598C
494A
518C
498A
498A
518A
4988
51CA
518A
518A
518A
518A
498C
498A
418A
3948
418A
414A
3908
414A
51CC
59CE
620E
518A
494A
3908
30C6
30C4
28C4
3106
394A
394A
414A
394A
394A
394A
394A
6AD6
8BDE
9C62
9C62
9420
8BDC
8358
72D6
6252
5A10
6A54
6A94
72D6
7B5A
8B9E
9422
8C22
735C
6296
6296
62D6
5A94
5210
5A52
72D6
7316
72D4
6A92
6A52
6210
598C
514C
514A
594E
598E
61CE
61CE
598E
598E
598E
61CE
598C
598C
598C
598C
61CE
69CE
6A10
6A10
7210
7252
7210
71CE
698C
698C
698C
614A
5908
5908
50C6
50C6
5108
5108
5108
5108
5108
5148
5948
594A
614A
618A
614A
594A
594A
618A
618C
598A
514A
4908
4908
48C8
40C6
40C6
40C6
40C6
3884
3884
3884
3884
3884
3884
3084
3084
3084
30C4
30C6
3106
30C6
28C4
3106
2884
2884
28C6
3108
3908
498E
6A96
6AD6
6252
5210
498C
498C
498C
518C
518A
518A
598A
598C
598A
518A
5148
4948
514A
518A
51CC
51CC
498A
414A
418A
498C
49CE
49CE
49CE
51D0
498C
498C
498E
498C
498A
518A
4988
598A
620C
6A0C
6A0E
720E
720E
7A50
7A4E
7A50
7A50
724E
6A0E
6A0E
7250
620E
620E
518C
494A
494C
498C
414A
520E
5A10
51CC
51CC
51CC
51CC
598C
598C
59CC
59CE
6210
6A52
59CC
518C
5A0E
5A0E
5A10
4148
4108
4948
518A
59CC
51CC
4148
498A
494A
4148
4148
4948
498A
59CE
620E
518A
498A
4948
4988
4948
3906
4148
498A
3906
498A
498A
4148
3906
30C4
30C4
3906
4148
5148
59CA
6A0E
724E
7A50
724E
6A0E
6A0E
598C
518A
518C
518C
498A
498A
498A
51CC
518A
518A
51CC
51CC
51CC
498C
418A
414A
418A
414A
3908
414A
51CC
6210
6A50
51CC
494A
3908
30C6
30C6
30C6
3908
414A
414A
418C
414A
394A
394A
394A
5A52
7B18
8BDE
8BDE
839C
7B5A
7318
6A94
49CE
414A
498E
51CE
5A12
6A96
7B1A
839E
7B9E
6B1A
6298
6B18
731A
6294
5250
6294
7316
7316
7314
6A92
6A52
6210
518C
494A
494A
514C
598E
61D0
61CE
59CE
61CE
61D0
61D0
61CE
598C
598C
618E
69CE
6A10
7210
7210
7210
7A52
71D0
69CE
698C
618C
698C
614A
590A
50C6
48C6
48C6
50C6
4906
48C6
4906
4908
5108
5148
5948
5948
5148
5148
5108
5108
5148
4908
4908
40C6
40C6
40C6
40C6
38C6
38C6
3884
3084
3084
3084
3884
3884
38C4
38C4
38C6
38C6
30C6
30C6
3106
3106
3106
30C4
3908
30C6
2884
3108
414A
498C
5A10
6A96
6254
5A10
498C
498C
518C
518C
518A
518A
518A
518A
598A
598A
598A
5188
518A
518A
518A
518A
51CA
498A
418A
418A
49CC
49CE
498C
49CE
51CE
418C
498C
498E
494A
498C
518A
5188
59CA
6A0C
6A0E
720E
7A10
720E
7A50
7A50
7A50
7A50
724E
61CC
61CC
6A50
61CE
59CE
498A
498C
498C
51CE
498C
5A50
5A0E
51CC
51CC
59CC
59CC
518C
494A
514A
61CE
59CE
6210
59CE
59CE
6A52
5A0E
51CC
4106
494A
518C
59CE
5A0E
51CC
4148
4148
4148
4148
494A
494A
518A
620E
6210
51CC
4948
4146
4948
4148
3904
4146
4948
4106
498A
498A
418A
4148
30C4
30C4
3906
4148
5188
61CC
6A0C
6A4E
7A4E
724E
724E
724E
61CC
518C
51CC
518C
498A
498A
498A
59CC
51CA
51CA
59CC
59CC
51CC
49CC
498A
418A
414A
414A
3908
414A
518C
5A0E
6A52
59CE
414A
3908
30C6
30C6
30C6
3948
414C
414A
498C
418C
414A
418C
394A
49CE
6254
7B1A
7318
6B18
6294
5A52
49CE
3108
2884
30C6
3908
414C
5212
6AD8
731C
731C
6B1A
62D8
735A
735A
62D4
5A92
6B16
6B16
6B16
7B58
7316
6A92
5A0E
498C
494A
494C
518C
598E
6210
61D0
61D0
6210
6A10
61D0
618E
598C
618E
61CE
69D0
7210
7210
7210
7210
7210
69CE
698C
614C
614A
614C
594A
5108
48C6
48C6
48C6
48C6
4906
48C6
40C6
4908
4908
4906
4908
4906
4106
40C6
40C6
40C6
40C6
38C6
38C6
4106
4108
4108
4108
38C6
38C6
30C6
30C6
38C6
38C6
38C6
38C6
38C6
38C6
3906
3906
38C6
3906
3908
3948
3948
3948
414A
3908
3908
498C
51CE
5A10
6252
6252
5A10
51CE
498C
498C
518C
51CC
518C
518A
518A
518A
518A
59CC
59CA
518A
518A
59CA
518A
51CA
51CC
51CC
498A
418A
49CC
51CC
418C
498C
498C
414A
494C
498C
494A
518A
518A
5148
598A
6A0C
6A0C
720E
720E
720E
7A4E
7A90
7A50
7A4E
724E
61CC
59CA
620E
59CC
518C
494A
498C
518E
5A10
518E
6252
59CE
51CC
59CE
59CE
59CE
598C
4908
4908
6210
518C
6210
6210
6210
6A52
59CE
518C
518A
6210
6A50
620E
59CE
51CC
498A
4148
4148
498A
51CC
518C
518C
59CE
620E
51CC
4106
38C4
4106
4948
3906
3906
4148
4148
414A
494A
498A
4148
30C4
30C4
3906
4146
5188
61CA
620C
6A0C
724E
724E
724E
724E
61CC
518A
51CC
518C
498A
498C
498A
59CE
51CC
51CC
59CC
5A0C
51CE
49CC
498A
498C
394A
3948
414A
498C
498A
51CC
6A50
5A0E
494A
3908
30C6
30C6
30C6
3908
414A
394A
414A
414A
414A
498E
414A
498C
5A10
72D8
6AD8
6AD8
6296
5210
418C
28C6
1844
2084
2084
28C8
498E
6296
731A
731C
6B1A
6B1A
6B5A
6B18
5A94
62D6
7358
7318
7316
839A
7B58
6A94
51CE
414A
494A
518C
59CE
59D0
6A12
6210
6210
6210
61D0
61CE
598E
594C
618E
69D0
69D0
7210
71D0
71D0
71D0
69CE
69CE
618C
594A
594A
510A
5108
48C6
4084
3884
3884
3884
40C6
38C6
38C6
38C6
38C6
38C6
38C6
38C4
38C4
3084
3082
3082
3082
38C6
38C6
4106
4108
4108
3906
38C6
38C6
3906
3908
3908
3908
3908
3906
38C6
38C6
4108
4108
3908
3908
4148
418A
418A
498A
51CC
518C
518E
6210
6212
6210
5A10
51CC
51CE
518C
498C
518A
518C
518C
518C
518A
598C
518A
59CA
59CC
59CC
518A
5188
51CA
51CA
51CA
51CC
51CC
49CA
418A
49CC
51CC
498C
498C
414A
390A
498C
518E
494A
498A
514A
5148
598A
6A0C
69CC
69CC
720E
720E
720E
7A90
7A50
724E
724E
61CC
598A
61CC
59CC
59CC
494A
494A
51CE
5A10
51CE
6252
59CE
51CC
6210
59CE
59CE
59CE
514A
518C
6210
494A
6A52
6A52
6210
6250
51CC
51CC
59CE
7292
6A52
59CE
59CC
59CC
51CC
498A
4948
518A
59CC
59CC
518A
518C
59CC
518A
3906
30C2
4106
4988
4106
3906
4148
4148
414A
498A
498A
418A
30C4
28C4
3106
3906
4946
59CA
61CA
6A0C
724E
720C
724E
6A0C
61CC
518A
518C
518C
498A
498A
498A
51CC
518A
51CA
51CC
59CC
51CC
498A
418A
418A
3948
3948
394A
49CC
498A
518C
6250
6210
518C
3908
30C6
30C6
30C6
38C8
410A
3908
410A
414A
414A
498C
414A
418C
51D0
6A96
731A
735C
6B1A
5A54
49D0
310A
2086
2084
1844
2086
310A
5212
6B18
735A
735A
735C
6B18
6318
62D6
6B18
7B9A
7358
7316
839A
7B58
6292
498C
414A
498C
59CE
5A10
6210
6A12
61D0
61D0
61D0
61D0
598E
598C
598E
61CE
69D0
69D0
6A10
7210
7210
69CE
618E
618C
594C
514A
4908
48C8
40C6
3884
3884
3884
3084
3884
38C6
38C6
38C6
38C6
30C4
38C6
38C6
38C6
30C4
3084
3084
3084
30C4
38C6
38C6
38C6
3906
38C6
38C6
38C6
3906
4148
4148
4148
4148
4108
4108
4108
4108
498A
494A
498A
518C
518C
51CC
51CE
51CE
6210
6210
6210
6A52
6210
59CE
59CE
498A
518C
518C
518C
514A
514A
518A
518A
518A
518A
518A
51CA
620C
620E
59CA
518A
51CA
51CA
51CA
51CC
51CA
498A
4188
418A
49CC
498C
498C
414A
3908
498C
51CE
494A
498A
4948
5148
59CA
6A0C
69CC
69CC
720E
724E
724E
7A90
724E
61CC
6A0E
6A0E
61CC
620C
620E
61CE
498A
494A
518C
6210
518C
59CE
51CE
518C
6210
59CE
59CE
59CE
518C
59CE
620E
4108
6210
7292
6210
6210
59CE
5A0E
51CC
6A10
59CE
59CC
620E
620E
59CE
4948
498A
518A
51CC
518C
4948
4948
494A
4948
3906
38C4
4948
518A
4948
4106
4148
4108
414A
498A
51CC
418A
30C4
2882
3104
3906
4146
5988
61CA
6A0C
720C
720C
720C
61CC
59CA
518A
518C
498A
498A
498C
494A
498A
498A
498A
51CA
51CC
518C
418A
414A
418A
394A
3908
3948
49CC
498C
518C
6250
6210
51CE
414A
30C6
2884
2884
30C6
3908
38C8
390A
410A
410A
494C
410A
414A
498E
6254
6296
6AD8
6AD8
5A96
5A56
4A12
394C
28C8
1884
1044
2086
418E
6296
6B1A
735A
735C
62D8
62D8
6318
735A
7B9C
735A
7318
7B5A
7316
6250
498C
414A
51CC
5A10
6210
6210
61D0
61D0
598E
598E
598E
598E
598E
61CE
61D0
69D0
6A10
6A10
7210
7210
69CE
598C
514A
514A
4908
40C8
40C6
38C6
3884
3084
38C6
38C6
3906
4108
4148
4148
3908
3906
3906
3906
3906
3906
30C6
38C6
3906
3906
3906
3906
4108
4148
4108
3906
3906
4108
4108
4148
494A
494A
494A
494A
514A
518C
598C
598C
598C
61CE
6210
6A10
6A50
6A10
7252
7252
6A10
6A10
59CE
598C
61CE
518C
518C
518C
518C
494A
4948
4948
514A
518A
4948
4948
518A
620E
620E
59CC
51CA
59CC
59CC
51CC
51CA
51CA
498A
4148
418A
49CC
51CC
51CC
414A
3908
498C
51CE
414A
498A
4948
5188
59CA
6A0C
61CC
69CC
720E
7250
724E
7A90
6A0E
59CA
6A0E
6A50
6A0E
6A0E
6A10
6210
518C
494A
518C
6210
498C
518C
518C
518C
6210
5A0E
59CE
59CE
518C
59CE
6210
38C6
59CE
6A52
6250
6A52
5A0E
6250
518C
61CE
518C
59CC
6A50
6210
518A
30C4
51CC
498A
498A
494A
4108
4106
4108
4106
3906
4106
518A
59CC
4948
4148
4948
4106
498A
498A
498A
4148
3106
28C4
3104
3946
4146
5188
61CA
6A0C
69CA
69CA
69CA
6A0C
6A0E
518A
494A
498A
494A
494A
498C
498C
51CA
51CA
51CC
518A
498C
498C
498A
3948
418A
394A
398A
498C
51CC
51CC
5A0E
6A50
51CE
4108
30C6
3086
3084
3084
30C6
3086
38C8
3908
410A
494A
494C
494C
498C
498E
498E
4A12
5214
5212
5254
5A96
4A12
394C
290A
1886
1886
314C
4A12
5A96
62D6
62D6
5A94
5A96
731A
7B9C
7B9A
7B5A
839A
7B5A
7316
5A10
414A
498C
51CE
5A10
6A52
6210
598E
598E
598E
598E
598E
598E
61D0
61D0
61D0
69D0
6A10
69D0
61CE
598E
594C
514A
490A
4108
4908
490A
4108
38C6
38C6
4108
4148
414A
4108
3908
4148
4148
3908
4148
3908
3908
3908
4148
414A
494A
494A
414A
4148
494A
518C
518C
494A
4948
4148
4948
494A
514A
514A
514A
514A
594A
594C
618C
618C
618C
69CE
7212
7A52
7A94
7A54
7252
7212
7252
6A10
61CE
618E
61CE
61CE
61CE
59CC
518A
514A
514A
494A
518A
518C
498A
494A
498A
51CC
59CC
59CC
59CC
59CC
620E
59CC
518A
4988
494A
418A
418A
498C
51CE
51CE
49CC
498A
498C
498C
498A
414A
4148
518A
5188
59CC
6A0E
620C
598A
69CC
7A92
6A0C
620C
61CC
620C
7250
6A50
620E
620E
6210
518C
494A
518C
51CC
518C
518C
59CE
518E
518C
59D0
6210
51CE
498C
498C
6210
59CE
59CE
59CE
5A10
6A52
518E
6210
59CE
598C
518A
59CC
518C
6210
51CC
3906
3906
498A
498A
4148
4148
4948
4106
38C4
4106
38C4
498A
518A
4948
4108
4108
3906
38C4
498A
498A
498A
418A
3906
30C4
3104
3906
4146
5188
61CA
6A0C
6A0C
6A0A
6A0C
720E
6A0E
518A
498A
518A
498A
498A
498C
49CC
498A
51CA
518A
498A
498A
498A
498A
414A
414A
394A
394A
414A
498A
518C
59CE
6210
51CC
414A
3906
38C6
30C6
3086
30C6
3086
38C8
410A
414A
494C
494C
494C
494C
498E
498E
49D0
49D0
49D0
5254
6296
5254
41D0
290A
1084
1044
20C8
290A
394C
41CE
41CE
4A12
5A54
6B18
735A
735A
7B9C
7B5A
7318
6AD6
5A10
498C
5A10
6252
6252
6A52
59CE
514C
514C
514C
514C
514C
598E
598E
61CE
61D0
61D0
61CE
59CE
598C
514A
490A
4908
4108
4108
4108
4108
4108
3908
4108
4148
4108
414A
414A
4148
414A
414A
4148
414A
4148
4148
494A
498A
518C
51CC
518C
518C
518C
518C
518C
514A
494A
494A
514A
514A
598C
598C
618C
618C
614C
614C
618C
698C
7210
7A10
7A12
7A52
8254
8254
8254
7A52
6A10
6A10
69D0
618E
598C
618C
618C
598C
598C
518A
514A
518A
514A
518A
518C
518A
518A
518C
51CC
518A
518A
51CA
51CA
51CA
59CC
518A
498A
498A
498A
498A
498C
51CE
51CE
49CC
498A
498A
418A
414A
4148
4148
51CA
51CA
59CC
620C
620C
59CA
61CC
7250
61CA
61CA
61CA
61CC
6A50
7250
620E
620E
620E
598C
514A
518A
518C
518C
518C
518C
59CE
518C
61D0
6210
51CE
498C
518C
6210
59CE
59CE
6210
6210
6212
518C
6210
6210
61CE
59CC
59CE
518A
51CC
4948
4106
4148
51CC
498A
4148
4148
4948
4148
4108
4948
38C4
4948
518A
4148
4106
4106
3906
38C6
498C
498C
49CC
498A
3948
3106
3104
3906
4146
5188
59CA
6A0C
720C
724C
7A4E
724E
6A0E
598A
4988
518A
498A
498C
49CC
49CC
49CA
498A
498A
4148
494A
494A
414A
414A
394A
394A
394A
3948
3948
498A
51CC
59CE
518C
4148
4108
4108
38C6
38C6
38C6
30C6
38C8
4108
494A
494A
494A
494A
494C
494C
498E
49D0
51D2
5212
6296
6B1A
5A96
41D0
290A
18C8
20C8
2908
2908
2908
290A
314A
49D0
5A54
6AD8
731A
731A
839C
7B5A
6294
6252
5A10
5A10
6A94
72D6
6A94
6252
59CE
490A
490A
490A
494A
514C
518C
598E
598E
61CE
598C
518C
514A
494A
4908
4108
4908
4908
4108
4108
3908
3908
4108
4108
3908
414A
494A
414A
414A
498C
494A
414A
494A
494A
494A
494A
498A
518C
518C
518C
518C
598C
598C
514A
5148
5108
5148
594A
594A
614C
698C
698C
718E
718E
71CE
79D0
79D0
8252
8A54
8A54
8A94
8A94
8252
7A52
7A12
618E
618E
618C
598C
598C
598C
598C
598A
598A
5148
518A
598A
518A
518A
518A
518A
518A
518C
518C
518A
518A
518A
518A
5148
518A
518A
518C
518A
498C
498A
518C
51CE
51CC
49CC
498A
498A
414A
3948
4148
4148
51CA
51CA
59CC
620C
620C
59CA
61CC
620E
5188
59CA
59CA
59CC
6A4E
7250
6A0E
59CC
620E
59CC
598C
518C
518C
518C
518C
518C
59CE
59CE
6210
6210
59CE
518C
498C
5A0E
59CE
59CE
6A52
6A52
6A52
518C
6A12
6A10
59CE
518C
59CC
4948
4948
4148
498A
620E
6210
518A
4948
4148
4948
494A
518A
514A
38C4
4948
494A
4106
4106
4106
3906
3906
498A
498A
49CC
498A
3948
3946
3104
3104
4146
4948
598A
6A0C
724C
7A4E
7A4E
724E
6A0C
598A
5148
518A
51CA
498A
49CA
49CC
49CA
498A
498A
4148
494A
414A
414A
3948
3948
398A
394A
3148
3908
414A
518C
518C
494A
4148
4108
4108
3906
38C6
38C8
38C6
38C6
4108
494A
494A
494A
494A
514C
518C
498E
51D0
5212
5A56
731A
7B5C
62D8
5254
41D0
39D0
41D0
41D0
41CE
398C
398C
398C
4A10
5A96
6B1A
731A
7B5C
839C
7318
5A12
5210
5A10
6252
6A94
72D6
7294
6210
518C
4108
4108
490A
514C
514C
518C
518C
518C
518C
494A
4948
494A
4948
4108
4108
494A
4948
494A
494A
4108
414A
494A
494A
4148
494A
498C
494A
494A
498C
494C
494A
494C
494A
494A
494A
494A
514A
514A
598C
598C
618C
618C
594A
594A
594A
618A
618C
698C
698C
718E
79CE
79D0
81D0
8212
8A12
8A12
8A52
8A54
9296
9296
8A54
7A12
71D0
69CE
618C
598C
598C
598C
618C
618C
598A
594A
598A
5148
598A
59CC
598A
518A
518A
518A
498A
518A
518A
4948
518A
59CC
59CC
518A
518A
518A
598C
518C
518C
518C
51CC
59CE
51CC
49CA
498A
498A
414A
4148
4148
498A
51CA
51CA
59CA
59CA
59CA
61CC
61CC
61CC
5188
59CC
59CC
59CC
6A0E
6A50
620E
518A
61CE
61CE
59CE
598C
598C
59CE
59CE
598C
59CE
61CE
6210
6210
59CE
518C
498A
518C
498C
518C
6A52
7294
6A52
518C
6210
59CE
59CC
518A
59CC
4948
4948
4948
51CC
6A92
6250
498A
4948
494A
4948
498A
518C
514A
38C4
4108
4948
4108
4106
38C6
38C6
4148
418A
418A
49CA
418A
4148
3948
3104
3104
4146
4948
598A
61CA
720C
724C
724C
720C
6A0C
59CA
5188
518A
51CC
498A
498A
49CA
49CA
49CA
498A
498A
498A
414A
4148
3948
3148
398A
398A
3948
3908
414A
498A
518A
4948
4108
4108
4148
4106
4108
4108
38C6
38C6
4108
490A
494A
514A
514A
514C
518C
518E
51D0
51D0
5212
6AD8
735C
6B1A
62D8
6318
5AD8
5294
4A52
4A52
4210
41CE
41CE
49D0
5A54
6AD8
6B1A
735A
735A
6296
5210
498C
5A10
6292
6A94
6A94
6A92
51CE
4148
38C6
4108
494A
494A
518C
514C
494A
494A
514A
494A
4948
494A
494A
4908
4908
494A
4108
494A
494A
494A
518C
59CE
59CE
518C
518C
518C
518A
494A
514A
514A
514A
598C
514C
598C
598C
598C
618C
618E
69CE
69CE
698E
698C
698C
698C
718E
71CE
79CE
7A10
8210
8212
8A12
8A12
8A12
8A12
8A12
8A12
9254
9294
9294
8A54
8212
71D0
698E
618C
618C
598C
598C
618C
618C
618C
598A
598A
598A
5148
598A
61CC
598A
598A
598A
518A
4948
518A
514A
4948
518A
61CC
620C
598A
598A
598A
59CC
598C
518A
518C
59CE
5A0E
51CC
51CA
498A
498A
498A
414A
498A
51CA
51CA
51CA
51CA
59CA
59CC
620C
61CC
61CC
598A
620C
620C
59CC
620E
620E
59CC
5148
59CC
59CC
59CC
598C
598C
61CE
61CE
598C
6A10
6210
61D0
59D0
51CE
498C
498C
498C
498C
498C
6210
6A54
6210
514C
598E
514C
620E
59CC
620E
518A
498A
494A
518C
5A0E
5A0E
4948
4948
498A
4948
494A
518A
4948
40C6
4106
4106
4948
4908
38C6
38C6
494A
418A
4148
498A
4188
4148
418A
3106
3104
4106
4948
5188
61CA
6A0C
720C
720C
720C
6A0C
61CA
518A
51CA
51CC
498A
4188
498A
49CA
49CA
49CA
51CA
518C
498A
4148
3948
3948
398A
398A
398A
3948
4148
494A
518A
4948
4108
4108
4108
4106
4108
4108
38C6
38C4
38C6
4908
494A
514C
514C
518C
518C
598E
59D0
498E
498E
5212
5A96
5A96
5A96
5296
5294
4A52
4210
4210
41CE
398C
398C
41CE
5212
5A54
6296
6AD8
6AD8
5A54
5210
418C
5A10
6A94
6292
6292
5A50
414A
30C6
38C6
3908
4108
494A
494A
494A
4108
4108
498A
498A
514A
514A
494A
494A
4948
4948
4948
514A
598C
598C
59CE
59CE
59CE
598C
598C
59CE
598C
514A
594C
594C
594C
618C
618E
61CE
69CE
69CE
69CE
69CE
698C
698C
718C
718C
718C
718C
79CE
81CE
8210
8A52
9252
8A12
8A12
8A12
9254
9254
9254
9254
9AD6
9296
8A54
7A10
71CE
698C
698C
618C
61CE
59CE
59CC
61CE
61CC
618C
598A
598A
618A
5948
598A
618C
598A
514A
598A
598C
518A
518A
518A
518A
598A
620C
620C
59CA
598A
598A
59CC
598A
518A
59CC
59CE
5A0E
51CC
51CA
518A
498A
518C
498A
518A
51CA
51CA
518A
5188
59CA
61CC
6A0C
61CC
61CC
59CC
620E
620E
620C
620E
620E
598A
5148
598A
598C
598C
598A
598C
61CE
61CE
598C
6A12
6A12
59CE
518C
518C
498C
518E
498C
51CE
51CE
59D0
6A52
6210
518C
59CE
598E
6210
59CC
620E
59CC
51CC
498A
518A
51CC
518C
4148
4948
498A
4148
4148
494A
4948
4106
40C6
4106
4948
4948
38C6
38C6
494A
498C
418A
49CA
4148
4188
418A
3106
3104
3906
4948
518A
61CA
6A0C
720C
720C
720C
720C
6A0C
59CC
59CC
51CC
4988
4188
49CA
49CA
498A
498A
51CA
518C
498A
414A
4148
394A
398A
398A
398A
3948
4148
494A
518C
494A
4148
4106
4106
4106
4108
4948
38C6
38C4
38C6
4108
494A
514A
598C
598C
514C
598E
5A10
518E
414C
498E
418E
314C
318E
318C
318E
318C
318C
39CE
398C
318C
398C
418E
4A12
5212
5212
5254
5A54
5212
5252
49CE
5A52
6294
6292
5A50
49CC
3906
3106
3906
3908
4108
4148
414A
414A
4148
4148
498A
518C
518C
514A
514A
518A
518A
514A
598C
598C
598C
61CE
59CE
598C
598C
598C
598C
61CE
598C
598C
618C
618E
618E
69CE
71D0
7210
7210
69D0
698E
698C
694C
694A
718E
79CE
79CE
8210
8210
8A10
9252
9254
9A54
9254
9214
9254
9254
9A96
9A96
9A96
9296
8A54
79D0
698C
614C
618C
618C
618C
59CE
59CE
59CE
59CE
59CC
598A
598A
598A
618A
5948
594A
618A
594A
5148
598A
598C
59CC
59CA
59CA
59CA
61CC
61CC
61CA
598A
5988
59CA
59CA
59CC
59CC
59CC
61CE
59CC
59CC
51CA
518A
51CC
518C
518A
518A
518A
518A
5188
5188
61CA
6A0C
6A0C
61CC
598A
61CC
624E
624E
620E
620E
59CC
598A
518A
59CC
598C
598C
598C
61CE
61CE
61CE
598C
61D0
6210
598E
518C
518C
518C
51CE
498C
51CE
51CE
59D0
6252
6210
518C
61CE
61D0
61CE
518A
59CE
51CC
518C
518A
51CC
51CC
498A
4148
4948
494A
4106
4106
4948
4948
40C6
40C6
4106
4108
4908
38C6
38C6
4108
49CC
418A
49CC
4188
4188
49CA
3106
3104
3906
4148
518A
61CA
6A0C
720C
720C
720C
724E
6A4E
620C
5A0C
59CC
498A
4148
49CA
49CA
498A
498A
498A
518C
498A
414A
418A
398A
398A
398A
398A
3948
3908
494A
51CC
518A
4948
4148
4106
4106
4148
4948
38C4
38C4
40C6
4106
494A
514A
598C
598C
514C
518E
5A10
518E
414A
394C
310A
20C6
2908
290A
294C
294A
294A
314C
318C
398E
41D0
41D0
5254
5212
49D0
4A10
5212
5212
5A52
5A52
5A52
6294
5A50
520E
418A
3106
4148
3948
4148
4148
4148
414A
494A
498A
498A
494A
518C
518C
494A
514A
59CC
59CC
598C
514A
514A
598C
61CE
598C
598C
598C
598C
618C
61CE
618C
618C
69CE
69CE
69CE
71D0
7210
71D0
71D0
698E
698C
698C
71CE
79CE
79CE
8A10
9254
9A94
9A94
9A94
9A94
A294
A296
A296
9A56
9254
9A54
9A96
9A96
9A96
8212
79D0
698C
614A
594A
618C
618C
61CE
61CC
59CC
59CC
61CC
598A
5188
5148
598A
61CC
5948
594A
618A
5948
5148
594A
618C
61CC
59CA
59CA
61CA
61CC
61CA
59CA
598A
5188
598A
61CA
61CC
61CC
620E
620C
59CC
59CC
51CC
518A
518C
518C
518A
498A
518A
518A
5188
598A
620C
6A0E
69CC
618A
598A
61CC
6A4E
6A4E
6A4E
6A0E
61CC
598C
59CC
620E
59CC
59CC
61CE
6210
6210
61CE
59CE
598C
59CE
518E
59CE
59CE
51CE
51CE
414A
414A
498C
51CE
6210
59D0
494A
518E
61CE
59CE
518A
59CE
518C
518A
514A
51CC
59CE
4948
4148
4948
4148
38C6
38C4
4948
518A
38C4
4106
4106
4106
4108
4106
38C6
3906
4148
498A
498A
498A
49CC
51CE
418A
30C4
3906
4146
5188
61CA
6A0C
720C
720C
720C
720C
6A0E
620E
59CC
59CE
59CE
498A
51CA
518C
498A
498A
498A
498A
498A
498A
49CC
418A
418A
398A
3948
3106
3106
4148
49CC
59CC
518A
4948
4106
4106
4946
4946
4906
38C4
40C6
4906
4908
4908
514A
598C
598C
518E
51CE
518E
414A
390A
394A
314A
2908
2908
2108
20C8
2108
318C
4210
4212
41D0
314C
314C
41D0
5212
5252
5A54
6294
5A52
5A52
5A52
5A52
5210
498C
3948
3948
4148
4148
414A
498A
498A
518A
518A
518C
598C
514A
598C
518A
5148
518A
51CA
518A
598C
598C
598C
598E
61CE
618C
598C
618C
618C
698E
69CE
69D0
71D0
7210
7210
720E
71CE
71CE
718C
698C
698C
698C
7A10
8A52
8210
8A12
9212
9252
9A54
A254
A294
A294
9A54
A296
A256
AA98
AAD8
9A96
9254
8A54
7A12
698C
698C
618C
618C
618C
618C
618C
618C
618C
61CC
618C
618A
618A
618A
598A
5148
598A
598A
598A
5988
5948
5948
598A
61CC
598A
598A
598A
59CA
61CC
620C
6A0E
724E
598A
61CA
61CC
69CC
6A0C
6A0C
620C
61CC
59CC
59CC
51CC
518C
518C
518A
498A
4948
518A
59CA
61CC
6A0E
6A0E
69CC
69CC
6A0E
6A0E
6A50
7292
6A4E
620E
61CE
59CC
61CC
620E
598C
59CC
61CE
6210
6A10
61CE
61CE
518C
498A
51CC
5A0E
498C
414A
498C
5A0E
498A
498C
51CE
5A0E
51CE
51CC
59CE
5A0E
518C
4948
6A10
59CE
4908
514A
514A
61CE
4106
4948
4148
4108
3906
4108
518C
4948
30C4
38C6
30C4
30C4
3906
3906
3906
3906
3906
4188
498A
498A
49CC
520E
418A
3106
3106
3906
4948
5988
69CA
720C
720C
7A0E
720C
69CC
61CE
59CC
59CC
59CC
498A
518A
518C
498A
498A
498A
51CC
498A
498C
49CC
418A
414A
414A
3948
3106
3106
394A
49CC
51CC
518A
4948
4106
4106
4106
4106
4106
38C4
40C4
4106
4906
4908
514A
598C
518C
518E
51CE
498E
414A
3908
394A
3108
28C6
20C6
20C6
2108
290A
318C
39D0
39D0
318E
20CA
20C8
290A
398E
4A10
5A94
6294
6294
5210
51D0
51CE
498E
414A
4108
4148
498A
498A
498A
518C
518C
598C
59CC
61CE
61CE
598A
61CE
61CC
598C
598C
518A
518A
59CC
61CE
61CE
61CE
61CE
61CE
61CE
61CE
69CE
69CE
69CE
71D0
71D0
7A12
7A10
71CE
71CE
79CE
798E
79CE
79D0
81D0
8A54
9A94
9A94
9252
9A12
9A52
A254
A296
A296
A296
A296
A298
A258
AA98
A298
8A12
81D0
71D0
698E
698C
618C
618C
618C
61CC
61CC
61CC
618C
618A
618A
618A
618A
618A
618A
598A
5148
5148
5188
5988
5988
5988
598A
598A
61CC
618A
598A
61CA
61CC
61CC
620C
6A0E
6A0E
618A
61CA
69CC
69CC
6A0C
69CC
61CC
61CC
59CC
59CC
59CC
59CC
51CC
518A
518A
518A
59CC
59CC
59CC
59CC
61CA
61CC
6A0C
6A0E
6A0E
6A0E
6A50
6A0E
620E
61CE
598C
61CC
61CE
518A
598C
59CC
61CE
620E
598C
51CC
498A
414A
498A
498C
4148
3908
498A
51CE
51CC
51CC
51CE
5A0E
5A0E
51CC
51CC
5A0E
518C
494A
6210
59CC
4908
514A
5148
598A
4106
4948
4108
4148
4148
494A
498A
3906
30C4
3906
3906
3906
3906
3906
38C4
3906
3906
4148
4148
418A
49CC
51CE
418A
3106
30C6
3906
4946
5988
61CA
720C
720C
7A4E
720C
61CA
61CC
598C
518A
518C
498A
498A
518A
498A
498A
51CC
51CC
51CC
49CC
49CC
418A
414A
3948
3948
3948
3106
3948
418A
518C
518A
4948
4946
4106
4106
4106
4106
38C4
38C4
40C6
4106
4908
514A
514C
514C
518E
518E
498C
414A
390A
394A
3108
28C6
28C8
28C8
2108
290A
294C
318E
318E
314E
20CA
18C8
18C8
290A
398C
4A10
5A52
5A10
498C
498C
498C
494C
494A
494A
498A
518A
518A
518A
598C
61CE
61CE
6A0E
6A10
69CE
61CE
7210
7210
69CE
61CE
61CC
59CC
61CE
6A10
6A10
61CE
69CE
69CE
69CE
7210
7210
7210
71D0
71D0
79D0
7A12
7A10
71CE
718C
79CE
81D0
8A12
8A52
9254
9A96
A2D8
AAD8
AA96
A296
A254
A296
AA96
A296
A296
A2D6
AA98
A256
9A56
8A14
7990
718E
698C
614A
618C
618C
618C
61CC
61CC
61CC
61CC
61CC
618A
618A
618A
618A
618A
618A
598A
5148
5146
5148
5988
598A
598A
598A
61CC
69CC
61CA
61CA
61CA
61CC
620C
620C
61CC
61CA
618A
61CC
69CC
6A0C
6A0E
69CC
61CC
61CC
59CC
59CC
59CC
59CC
51CC
518A
518A
51CA
59CC
59CC
59CC
518A
598A
69CC
6A0E
6A0C
6A0E
61CC
6A0E
6A0E
61CE
61CE
598C
59CC
59CC
518A
518C
518C
59CE
59CE
518A
498A
414A
414A
498A
4148
30C6
3908
498C
51CE
51CE
51CE
51CE
5A0E
51CE
498C
498C
5A0E
498A
414A
5A0E
518A
4106
514A
4908
4948
4106
4106
4148
494A
498A
498A
414A
30C4
30C4
3906
3906
3906
3906
38C4
30C4
3906
3906
3948
4148
4188
498C
49CC
418A
3106
3106
3906
4106
5148
6188
69CA
720C
720E
720C
618A
61CC
59CC
518A
518C
518A
498A
498A
498A
49CC
51CC
51CC
51CC
49CC
49CC
414A
4148
3948
3948
3948
3106
3148
414A
518A
518A
5188
4948
4946
4106
4106
4106
38C4
38C4
40C4
40C6
4908
514A
514A
514A
518C
498C
494C
414A
394A
394A
394A
3108
3108
2908
20C8
20C8
20C8
290C
314E
398E
314C
210A
18C8
20C6
28C8
394A
418C
498C
494C
494C
518C
598E
598C
598C
598A
59CC
61CE
61CE
61CE
61CE
69CE
69CE
69CE
618C
71D0
7210
7210
6A10
7212
7252
6A10
6A10
6A12
6A10
69CE
69CE
6A10
7210
7A10
7A12
7A12
7A12
79D0
79D0
79D0
79CE
79CE
79CE
81D0
8A12
9254
9A96
9A96
A296
AAD8
AAD8
B2D8
B298
AA96
AA96
AAD6
AA96
A296
A2D6
A298
9214
81D0
798E
718E
718E
71CE
698C
698C
618C
61CC
61CC
618C
618C
618C
618C
618A
618A
618A
5948
618A
618A
598A
5148
5148
5148
598A
598A
61CA
61CC
61CC
69CC
69CC
61CA
61CA
61CA
620C
620C
61CC
61CA
61CA
61CC
69CC
6A0E
6A0E
61CC
61CC
59CC
59CC
59CC
59CC
59CC
518A
518A
51CA
59CC
59CA
59CC
59CC
598A
61CA
6A0E
6A0E
61CC
61CE
598C
61CE
620E
61CC
598C
518A
59CE
598C
518A
518C
518C
51CC
59CE
494A
494A
414A
498A
498A
4148
3906
414A
51CE
5A0E
498C
51CE
5A10
5A0E
498C
414A
498A
51CC
414A
414A
51CC
494A
4106
494A
4106
4106
4106
4106
4148
498A
498A
418A
3948
2882
30C4
3906
3906
30C4
3906
30C4
30C4
38C6
3948
3906
3906
4148
418A
498A
418A
3906
3906
3906
4106
5148
5988
69CA
720C
720C
720C
618A
6A0E
620E
518A
51CC
518C
498A
518C
518C
51CC
51CC
51CC
51CC
49CC
498A
414A
4148
3948
3948
3948
3106
3148
3948
518C
518A
518A
498A
4948
4946
4906
4106
38C4
38C4
40C4
40C6
4908
4948
490A
494A
494C
494C
494C
414A
414C
418C
414C
394A
394A
310A
28C8
20C8
20C8
290A
314C
398E
318E
294C
2108
1886
2084
30C8
414A
518E
518C
598C
61CE
61CE
69CE
69CC
61CC
61CC
6A10
6A0E
61CE
61CC
69CC
69CE
71CE
71CE
71D0
7A12
7210
71D0
7212
7252
7252
7252
6A10
69D0
69CE
69CE
71D0
7A10
7A10
8212
8212
8212
81D0
7990
798E
798E
89D0
9212
9252
9A96
A2D8
A2D8
AAD8
A296
AA96
B2D8
B296
AA96
B2D8
B31A
B318
A2D6
9A94
9254
8A12
79D0
718E
698E
698C
71CE
71D0
69CE
69CC
618C
618C
618C
618A
618A
618A
618A
618A
618A
6188
5948
5988
618A
5988
5148
5988
598A
61CA
61CC
61CC
61CC
61CA
61CA
6A0C
69CA
61CA
61CA
620A
620C
61CC
61CC
61CC
69CC
69CE
6A0E
69CE
61CE
61CC
598C
59CC
59CC
59CC
598C
518A
518A
518A
59CC
59CC
59CC
59CA
59CC
61CC
6A0E
6A0E
6A0E
59CC
518A
61CE
620E
518C
514A
518A
59CE
518C
518C
59CE
51CE
51CC
51CE
498C
498C
414A
498A
498C
414A
3908
498C
5A10
5A0E
498C
51CC
6250
5A10
414A
414A
498C
498A
3948
418A
498A
4108
4108
494A
4106
3906
4106
4106
498A
418A
3948
3948
3106
28C4
3906
3906
30C4
30C4
3906
3906
38C6
3906
3948
3906
3106
3948
418A
418A
418A
3948
3906
3906
4106
4946
5988
61CA
69CA
69CC
6A0C
618A
6A0E
6A0E
59CA
59CC
518C
498A
51CC
51CC
51CC
49CC
51CC
51CC
49CC
418A
414A
4148
414A
3948
3948
3106
3108
3948
51CC
518A
518A
498A
4948
4948
4948
4906
40C4
38C4
40C6
40C6
4908
4908
4908
4908
410A
490A
494C
414C
414C
418C
418C
418C
394C
314A
310A
28C8
20C8
20C8
290A
314C
314C
314C
290A
20C6
28C6
3908
494C
59CE
61CE
61CE
69D0
69CE
69CE
69CC
6A0C
6A0C
7250
6A10
6A0E
6A0E
71CE
7210
7210
7210
71D0
7A12
7212
69D0
69D0
69D0
6A10
7212
6A10
69D0
69D0
71CE
7210
7A10
7A10
8210
79D0
79D0
79D0
798E
798E
89D0
9A52
A296
A296
AAD8
B31A
B31A
AAD8
AA98
AAD8
BB1A
AA96
AA96
B2D8
B31A
AAD8
9254
81CE
718C
698C
698C
698E
69CE
618C
698C
69CE
618C
618C
618C
618C
618A
618A
598A
598A
618A
618A
618A
6188
5948
5948
598A
598A
5988
61CA
61CC
61CC
6A0C
6A0C
69CC
61CC
61CA
6A0C
6A0A
6A0C
6A0A
620A
620A
6A0C
6A0C
69CC
69CC
69CE
69CE
69CE
61CC
598C
598C
59CC
59CC
59CC
598C
518A
518A
518A
598A
59CC
59CC
59CA
59CA
61CC
620E
6A0E
6A50
598C
514A
61CE
61CE
514A
494A
518C
59CE
518C
51CC
5A0E
51CE
498C
51CE
498C
49CC
414A
498A
498C
414A
4148
51CC
5A0E
51CC
498C
498C
5A10
5A0E
414A
498A
51CC
4148
3948
418A
414A
4108
4948
494A
4106
4106
4106
3906
418A
4148
3106
3106
3106
30C6
3948
3906
30C4
30C4
4106
4108
3906
3906
3948
3106
3106
3948
418A
418A
3948
3948
3906
3906
4106
4946
5988
61CA
69CA
69CA
720C
61CA
720E
6A0E
59CA
59CC
518C
498A
51CC
51CC
51CC
498A
498A
498A
498A
418A
4148
414A
418A
3948
3108
2906
3106
3948
51CC
518A
498A
4948
4948
4948
4948
4906
4106
40C6
40C6
4106
4106
40C6
40C6
4108
4108
410A
494C
494C
414C
414C
414C
418C
394C
394A
310A
290A
28C8
20C8
28C8
290A
314C
314C
310A
3108
394A
494A
518C
61CE
6A10
7212
7252
7210
6A0E
6A0E
6A0C
6A0C
724E
7250
7250
7250
7250
7210
71D0
69CE
7210
7A52
7252
6A10
69D0
69D0
61D0
6A12
6A12
7212
7212
7210
7A10
7A10
7A10
7A10
71CE
79CE
7990
81D0
89D2
9A12
A296
AAD8
AA96
B2D8
B2DA
B2DA
B31A
AAD8
B31A
C35C
AA96
A296
9A54
9A94
9252
79CE
694A
694A
618C
618C
69CE
69CE
618C
618A
618C
594A
618C
618C
618C
618C
618C
618A
618A
618A
618A
618A
618A
5948
5148
5988
618A
618A
61CA
61CA
61CC
6A0C
6A0C
69CC
69CC
69CA
720C
720C
724C
720C
6A0C
6A0C
6A0C
6A0C
6A0C
6A0E
69CC
69CE
69CC
61CC
598C
598A
61CC
59CC
59CC
59CC
59CC
59CA
518A
518A
59CC
61CC
61CC
598A
59CA
620C
6A0E
6A0E
598C
514A
59CE
59CE
494A
518C
518C
518C
498C
518E
5A10
49CE
418C
498C
498C
49CE
498C
498C
498A
414A
414A
51CC
51CE
498A
498C
498A
51CC
498C
4148
414A
498C
414A
414A
49CC
4148
4148
498A
4948
4148
4148
4106
3906
4148
3906
28C4
30C4
28C4
3106
3908
3906
38C6
30C4
3906
3906
3906
3906
418A
3946
3906
4148
418A
414A
3948
3106
3906
3906
4106
4948
598A
61CC
69CC
69CA
720C
61CA
6A0E
620C
598A
59CC
518A
518C
51CC
51CC
49CC
498A
498A
498A
498A
4148
4148
414A
418A
3948
3106
28C4
3106
3948
518C
498A
4948
4948
4948
4948
4948
4906
4106
4106
4106
4108
40C6
38C6
38C6
40C8
38C8
410A
494C
494C
414C
414A
414C
418C
394C
310A
30C8
28C8
28C8
2088
28C8
28CA
310A
314A
310A
390A
498C
51CC
598C
61CE
6A10
7A52
8294
7A92
7250
724E
6A4E
6A0C
59CC
620C
6A0E
6A50
7250
7250
7A52
7A52
7212
7A54
7252
6A12
6A54
6A54
6212
6212
7252
7252
7A52
7A52
7A10
7A10
7A10
7A10
79D0
79D0
81D0
89D2
9A54
A296
AA96
AA96
AA96
AA98
AAD8
AAD8
B2DA
AAD8
B31A
C39E
A296
9252
81D0
81CE
79CE
698C
698C
71CE
69CE
618C
61CE
61CC
618C
618C
618C
594A
594A
598A
618C
69CC
69CC
69CC
618C
618A
618A
618A
618A
5948
5146
5948
618A
61CA
618A
61CA
61CA
69CC
69CC
69CC
69CC
69CC
720C
724E
7A4E
724E
6A0C
6A0C
620C
6A0C
720E
6A0E
69CC
69CC
61CC
61CA
598A
598A
61CC
61CC
59CC
59CC
59CC
59CC
598A
518A
518A
620E
620E
598A
598A
620C
620E
59CC
59CE
514A
598C
518C
494A
518C
518C
494A
494A
498C
5210
498C
414A
418C
418C
49CE
520E
51CC
498C
498A
498A
51CC
51CE
414A
4148
4148
498A
414A
3906
3906
414A
418A
418A
49CC
4148
4148
518A
4948
4106
4948
4148
3904
3906
3106
28C4
30C4
28C4
30C4
30C6
3906
3906
30C4
38C4
30C4
30C4
30C4
418A
3948
3106
4188
418A
3948
3948
3948
3106
3104
3904
4946
5188
59CA
69CC
720C
69CA
6A0C
6A0C
61CC
620C
518A
4948
498A
51CC
498A
498A
498A
498A
498A
498A
418A
4148
418A
418A
3948
3106
3106
3148
418A
498C
498A
494A
4948
4948
4948
4948
4948
4906
4908
4908
40C6
38C6
38C6
38C6
3086
38C6
38C8
494C
494C
414C
418E
498E
418E
418E
394C
394C
30C8
28C8
28C8
2086
2886
30C8
30C8
390A
494C
59CE
61CE
6A10
6A10
7A92
7252
6A10
6A0E
7290
72D2
72D0
7B12
7290
6A90
624E
620E
59CC
620E
6A50
7292
7252
7294
6A12
6210
5A10
5A10
5A12
51CE
61D0
6A10
7A52
7A52
7A52
7A52
7A10
7A10
71D0
7A12
81D0
8A12
9A96
AAD8
B2D8
AA96
B2D8
B2D8
B2DA
B31A
B31A
AB1A
A2D8
9A96
8210
79CE
718C
71CC
71CE
69CC
69CC
69CC
618C
598C
598A
618A
61CC
618C
594A
5148
594A
618A
618A
618A
618C
61CC
618A
618A
618A
6188
5988
5948
5988
5988
61CA
61CA
61CA
618A
618A
61CA
69CC
720C
720E
720E
720E
720C
720E
6A0C
6A0C
6A0C
6A0C
6A0C
720C
720C
720C
6A0C
61CC
61CA
598A
598A
61CC
61CC
59CC
61CC
620E
59CC
518A
598A
59CC
61CE
61CE
59CC
61CC
6A4E
6A50
620E
61CE
59CE
598E
518C
518C
518C
518C
4108
498C
5A10
51D0
414C
3908
394A
414C
49CE
498C
498A
51CC
498C
498C
51CE
498C
414A
414A
3906
3908
4148
498A
414A
4148
51CE
498C
498C
4148
4148
518A
4948
4106
4948
4948
3906
3906
3906
3106
30C4
30C6
30C4
30C4
38C4
38C4
30C4
30C4
30C4
30C4
30C4
41CC
418A
3946
4188
418A
3906
3906
3906
3906
3106
3904
4146
5188
598A
61CC
6A0C
6A0C
720C
69CC
61CC
620C
51CA
498A
51CC
51CC
498A
4148
4148
498A
498A
418A
4148
414A
418A
418A
3948
3106
3106
3148
394A
498C
498A
498A
494A
4948
4948
4948
4948
4906
4908
4108
40C6
38C6
38C6
38C6
3086
3086
38C8
414C
494C
414C
418E
498E
498E
418E
414C
414C
310A
2086
1844
1844
2886
3086
410A
498C
518E
59CE
6A10
6A10
6A10
61CE
620E
620E
72D2
9BDC
ACA0
B4E0
B4E0
B4E2
ACE2
9C5E
93DC
8358
6A92
498A
6210
7AD6
835A
835A
835A
835A
839C
8BDE
839C
7AD6
6210
598C
61CE
7210
7210
69CE
69CE
69CE
7A10
79D0
8212
9254
A296
B2D8
B2D8
BADA
BB1A
BB1A
B31A
A2D8
9296
8252
7A10
71CE
698C
698C
69CC
69CC
69CC
69CC
69CC
61CC
598C
598A
598A
598A
598A
594A
5948
5948
598A
618A
618A
618A
618A
618A
6188
618A
6188
5988
5948
5988
5988
61CA
61CA
61CA
618A
6188
618A
69CC
720C
720E
7A0E
720C
720C
720C
720C
6A0C
6A0C
6A0C
720E
6A0C
6A0C
6A0C
69CC
69CC
61CA
61CA
59CA
61CC
61CC
59CC
59CC
620E
59CC
5188
518A
59CC
61CC
61CC
598A
59CC
620E
620E
59CC
59CE
59CE
61CE
59CE
518C
518C
518C
410A
498C
51CE
498E
394A
394A
414A
418C
49CE
49CC
498C
51CE
51CC
498A
51CC
498A
414A
414A
414A
498A
498A
498A
498A
498A
51CE
498C
498C
4148
4108
494A
4948
4906
5148
4948
3906
3906
3906
3106
30C4
30C6
30C4
38C6
3906
38C6
30C4
30C4
30C4
30C4
30C4
418A
3948
3106
3948
4148
3946
3948
3948
3948
3106
3104
3906
4948
518A
61CA
6A0C
720C
720C
6A0C
6A0C
620C
59CC
51CC
5A0E
51CC
498A
4148
4148
4148
498A
418A
418A
414A
418A
418A
3948
3106
3106
3148
3948
498C
498A
498A
498A
518A
518A
4948
4948
4906
4908
4108
40C6
38C6
38C6
38C6
3086
3086
38C8
414C
494C
414C
418E
49D0
4990
418E
394C
414C
310A
28C6
2086
2086
390A
414A
518E
59D0
59CE
59CE
6A50
7292
7292
7AD6
8316
8316
8B9A
B4E4
CDEA
CDEA
CDE8
C5E8
CDEA
C5AA
CDEA
CDAA
9C1E
6250
8358
ACA4
C56A
C5AC
CDEE
CE30
D670
DEB4
D672
BD28
9C20
7AD6
7252
6A10
6A10
6A10
7252
8B18
9B5C
9B5C
9B1A
9296
9254
AAD8
B2D8
B31A
B31A
AAD8
9A96
8A54
7A10
69CC
618C
69CE
69CC
618C
61CC
69CC
61CC
61CC
61CC
61CC
598C
598A
594A
594A
598A
594A
5948
5948
5948
5948
5948
5948
6188
618A
5948
618A
6188
5988
5988
5988
5988
618A
61CA
61CA
61CA
618A
618A
69CA
71CC
7A0E
7A0E
720E
720E
720E
720C
6A0C
6A0C
720E
724E
6A0C
6A0C
6A0C
6A0C
69CA
61CA
61CA
59CA
59CA
61CC
59CC
59CC
5A0C
51CA
4948
5148
61CC
598C
598A
598A
598C
59CC
59CC
59CC
59CC
518C
6210
6210
518C
518C
518E
414A
498C
49CE
414C
3908
3908
414A
418C
49CE
51CE
498C
51CC
498C
498A
498A
498A
498A
498A
498C
51CE
498C
414A
498C
498C
51CC
498A
498C
4108
38C6
4908
5148
4948
5148
4908
4106
3906
3906
3906
30C6
30C6
30C4
38C6
3906
3906
30C4
30C4
30C4
30C4
3084
3948
3146
3106
3948
4148
3948
3948
4148
4148
3906
30C4
3904
4106
4948
598A
69CC
720C
720C
720C
6A0C
6A0E
59CC
51CC
5A0E
51CC
498A
4148
4148
498A
49CC
49CC
498A
418A
418A
418A
3948
3106
3106
3148
3948
498C
498A
498A
518A
518A
518A
5148
4948
4906
4106
4106
38C6
38C6
38C6
38C6
30C6
3086
30C8
414C
498E
414C
418C
498E
498E
418E
418E
394C
30C8
28C8
3108
30C8
390A
518C
59CE
6A54
8318
93DC
AC62
BD26
C528
D5AC
D5EC
C56A
BD26
BD66
CDEA
C5A8
C5A8
C5A8
C5E8
C5EA
DE6E
DE6E
BD26
941E
B4E6
C5AC
D62E
D630
D672
DEB2
DEB4
DEB4
CE70
D630
D62E
BCE6
8318
620E
6A10
82D6
935A
BCE6
CD28
C4E6
B422
A35C
9AD8
AB1A
AB1A
A296
9A94
8A12
7A10
71CE
69CE
69CC
61CC
6A0E
69CE
69CC
69CC
61CC
618A
618A
598A
618C
598A
5948
5948
5948
594A
614A
614A
5948
6148
5948
5948
5948
6188
6188
5988
6188
6188
5988
5988
5988
5988
618A
618A
69CA
69CC
618A
69CA
69CA
69CC
7A0E
7A0E
720C
720E
720C
720C
6A0C
6A0C
720E
724E
720C
720C
720C
6A0C
6A0C
61CA
61CA
59CA
59CA
61CC
59CC
59CC
59CC
518A
4988
518A
61CC
598A
594A
598A
598C
598C
51CC
59CC
518C
518C
5A10
6252
59CE
51CE
51CE
414A
498C
51CE
414C
3908
3908
394A
418C
49CE
49CC
414A
414A
414A
414A
498A
498C
498C
498A
498C
51CE
414A
4148
51CC
51CC
498A
494A
498C
4148
38C6
4908
514A
5148
5148
4106
4106
4106
4106
3906
38C6
30C6
30C4
38C6
3906
3906
30C4
30C4
38C6
30C4
30C4
3148
3106
3946
3948
4148
3948
3948
3948
4148
3906
30C4
3104
4106
4948
598A
61CA
6A0C
720C
720C
6A0C
6A0E
59CC
518A
51CC
498A
4148
4148
498A
498A
51CC
49CC
498A
414A
418A
418A
3948
3106
3106
3148
3948
498C
498A
498C
518C
518C
518A
494A
4908
4908
4106
40C6
38C6
38C6
38C6
38C6
38C6
3086
30C8
414C
498E
418E
418E
418E
418E
4990
49D0
418E
30C8
310A
418E
414C
414C
498C
498A
6A92
A460
C568
CDAA
CDEC
D5EC
E6B2
EEF4
DE70
CDAC
C5AA
CDAA
CDEA
CDEA
CE2C
C5EA
CE2C
EEF4
DE70
CDEC
C5AA
CDEC
D5EE
D630
CE30
D670
D6B2
D6B4
D6B2
C62E
C5AC
DE72
CDEE
9C20
7B16
8B5A
AC62
BD28
CDAC
D5AC
C528
BCE6
BC62
B3E0
AB9C
A2D8
8212
79CE
698C
698C
69CC
6A0E
6A0E
69CE
69CE
6A0E
6A0E
69CE
69CC
618A
598A
5948
594A
5948
5948
5948
5948
614A
614A
614A
6148
6148
6148
5948
5948
6188
6188
6188
6188
6188
6188
5988
5988
5988
6188
6188
61CA
69CA
6188
69CA
69CA
69CA
7A0E
7A0E
7A0E
7A0E
7A0C
720C
720C
720C
720C
724E
720C
720C
720C
6A0C
6A0C
61CA
61CA
59CA
59CA
59CC
59CA
518A
51CA
51CA
518A
59CA
61CC
594A
594A
618C
61CE
59CC
59CC
59CC
59CC
518C
59CE
6210
5A0E
59CE
498C
3908
498A
51CC
498C
3908
3908
3948
418C
51CE
498C
4148
3908
414A
4148
414A
498C
51CC
498C
498A
498C
4148
3908
51CE
51CE
498A
414A
498A
4948
4106
4908
514A
514A
4948
4106
4148
4148
4108
3908
3906
30C6
30C4
38C6
38C6
38C4
30C4
30C4
3906
3906
30C4
2906
2906
3146
3948
3948
4188
3948
3948
3948
3106
3104
3106
4106
4948
5188
61CA
69CA
720C
720C
720C
6A0E
59CC
498A
498A
4148
4148
4148
498A
498A
498A
498A
418A
414A
418A
418A
3948
3948
3106
3148
3948
498C
49CC
51CC
51CC
518C
518A
4948
4908
4908
4106
40C6
40C6
38C6
38C6
38C6
38C8
3086
30C8
410A
498E
418E
418E
418E
418E
49D0
5212
49D0
310A
49CE
7318
835C
8B9C
7316
5A50
7316
ACE2
C5AA
CDEA
CDEC
CDEC
DE70
E6B2
DE70
CDEC
C5AA
CDAA
CDA8
C5A8
CDEC
CE2C
DE6E
F776
E6B2
DE2E
DE70
CDEC
D5EE
D62E
CE2E
D670
DEF4
E738
E738
D6B2
C5EE
CE30
CDEE
BD28
ACE4
B526
C5AA
D5EE
CDEC
CDEE
CDAC
CD6A
C4E6
ABE0
9B1A
8212
71CE
698C
618C
618C
69CE
6A10
6A0E
69CC
69CC
69CE
69CE
69CC
69CC
61CC
618A
5948
5948
5948
5948
5948
6148
6148
614A
614A
6148
6148
6148
6148
6188
618A
618A
6188
6188
6188
6188
6188
5988
5988
5988
5988
6188
69CA
6188
69CA
71CC
71CA
824E
7A4E
7A0E
7A4E
7A0E
720C
720C
720C
720C
720C
720C
720C
720E
6A0C
6A0C
61CC
61CC
61CC
59CC
59CC
518A
4988
498A
51CA
59CA
59CC
61CC
598A
618C
69CE
6A0E
61CE
59CC
51CC
5A0E
51CC
59CE
6210
5A0E
51CC
414A
30C6
414A
498C
498C
414A
414A
414A
498C
5A10
498C
414A
414A
498C
414A
3908
498A
51CC
498C
498A
498C
4148
414A
5A0E
51CE
498C
4148
494A
4148
4108
4908
514A
514A
4908
4106
4948
4148
3906
3908
3906
30C6
30C6
38C6
38C4
30C4
30C4
30C4
3906
3906
30C4
2906
2904
3146
3946
3948
4188
3948
4188
3948
3106
3106
3106
3906
4948
5148
598A
69CA
69CA
720C
6A0C
6A0C
59CC
498A
49CC
4148
498A
498A
498A
498A
498A
418A
418A
3948
414A
418A
418A
3948
3948
3948
3948
498C
49CC
51CC
51CC
518A
494A
4948
4948
4908
4106
40C6
40C6
38C6
38C6
38C6
3908
30C8
30C6
390A
414C
414C
418E
4990
4990
5212
5A54
49D0
418E
6AD8
A4A4
BD6A
CDAC
BD68
941E
8BDC
ACE4
B566
BDA8
C5EA
CE2C
D670
DE70
D630
D5EE
D5EE
D5EC
D5AC
D5EC
CDEA
CE2C
CE2C
DE70
D62E
CDEC
CDEC
C5AA
D62E
D630
D62E
D670
DEB4
E736
E736
D6B2
CE30
C5EE
BDAC
BDAA
BDAA
C5AA
C5AC
C5AC
CDEE
D630
CDAC
BD28
A420
8B18
7A52
69CE
69CE
6A0E
6A0E
6A0E
6A0E
6A0E
69CE
69CC
69CC
69CC
698C
698C
698C
698C
618A
5948
5948
5948
5948
5948
5948
6148
6148
6148
6108
6148
6188
6188
6188
618A
61CA
618A
6188
6188
6188
6188
5988
5988
5988
5988
6188
69CA
618A
69CC
71CC
69CA
7A0E
7A0C
7A0C
7A0C
7A4E
7A4C
720C
720C
720C
720C
720C
720E
724E
720E
69CC
61CC
61CC
61CC
59CC
59CA
4988
4146
4988
51CA
59CA
59CC
61CC
618C
69CC
69CE
7210
6A0E
59CC
498A
59CC
51CC
51CC
59CE
59CE
498A
3908
3906
494A
498C
498C
414A
494A
498A
498C
51CE
498C
498A
498C
5A0E
51CC
4148
498A
51CC
498C
498A
498C
414A
498C
51CE
498C
51CC
3948
4148
4108
4108
4908
514A
5148
4906
4106
4948
4148
3906
3906
3906
30C4
30C4
38C6
38C4
30C4
30C4
30C4
3906
3906
30C4
3148
3146
3948
3946
3946
3948
3906
3948
3948
3106
3106
3906
4148
4948
5148
5988
61CA
69CA
6A0C
6A0C
6A4E
59CC
518A
51CC
518A
518C
51CC
51CC
518C
498A
498A
498A
4148
414A
418A
418A
414A
3948
394A
3948
498C
51CC
51CE
51CC
518A
4948
4908
4948
4908
4106
40C6
40C6
38C6
30C6
30C6
3908
38C8
30C6
30C8
390A
414C
418E
49D0
49D0
5A56
6254
5212
5212
83DE
BD6A
C5AC
C5AC
DE70
B568
ACE4
B568
BDA8
C5EA
CE2E
CE2C
D66E
DE70
D62E
D5EC
D5EC
CDAA
D5AA
D5EC
C5AA
D66E
D62E
D62E
DE2E
D5EC
C56A
CDEC
CDEC
D62E
D62E
D630
D672
DEB4
DEF4
CE70
C62E
C5EE
BDAC
BD6A
BD6A
CDAC
CDEC
CDEC
D630
CDEE
B4E6
93DE
7AD6
6A12
7212
7210
7250
7250
7250
6A10
6A0E
61CE
69CE
720E
69CC
69CC
698A
614A
618A
618C
618A
5948
6148
5948
5948
5948
5908
5908
6148
6148
5906
6148
6148
6188
618A
69CA
618A
6188
6188
6188
6188
6188
6188
6188
5988
5988
69CA
720C
69CA
720C
71CC
698A
7A0C
71CC
7A0C
7A0C
7A4C
7A4C
7A0C
720C
720C
720C
720E
7A4E
7A50
720E
69CC
59CA
59CA
59CC
59CC
59CA
4988
4146
4988
51CA
51CA
59CA
61CC
61CC
69CE
6A10
7210
6A0E
59CC
4948
498A
51CC
51CC
51CC
51CE
494A
3908
414A
498C
518C
498C
494A
498C
498C
498C
518C
51CC
498A
498C
6250
5A10
498C
51CC
498C
498A
498A
498C
498A
498C
498C
414A
51CC
4148
3948
4108
4106
4106
4948
4948
4106
3906
4148
4148
3906
3906
30C6
30C4
30C4
38C6
38C6
30C4
30C4
30C4
3906
30C4
30C4
3108
398A
3948
3106
3946
4148
4148
4988
3906
3106
30C6
3106
3906
4146
4948
5988
61CA
6A0A
6A0C
6A0C
6A0C
620C
51CA
498A
59CC
518C
51CC
59CC
59CC
518C
518A
518A
4948
494A
494A
494A
414A
394A
394A
394A
418C
51CE
5A10
59CE
518C
494A
4908
4908
4906
4106
4106
3906
3906
3106
3106
3906
30C6
30C6
30C6
3908
414C
414C
414E
49D0
5212
835C
6AD8
6296
9C62
B528
B528
BDAA
E6F4
D62E
B568
B526
BD68
C5AA
D62E
D5EC
DE2E
D62C
CDEA
C568
C566
CDA8
D5A8
D5AA
D5EC
C5EC
D5EE
DE70
DE30
CDAC
CDAA
D5EC
CDAC
CDAC
D62E
DE70
D670
D672
D672
D670
C5EE
CDEE
CDAE
C56A
BD28
CDAA
DDEE
D5EE
CDAA
AC62
8316
6A50
6A10
7A52
7A52
7A52
7A92
7A52
7250
6A0E
69CC
618C
618C
698C
618A
618A
618A
618A
614A
614A
594A
5948
5948
5948
5948
5948
5948
5948
6148
6148
5946
6148
6188
5946
5906
6188
6988
6188
69CA
6188
6188
6188
6188
6186
6188
6988
69CA
7A4E
720C
71CA
71CA
6988
71CA
7A0C
7A0C
7A0C
824C
7A4E
7A4E
7A4E
7A0E
7A0E
7A0E
7A4E
724E
6A0C
61CC
598A
598A
518A
5148
4948
4948
4988
4148
4148
498A
59CC
61CE
6A0E
6A0E
61CC
59CC
620E
5A0E
51CC
498C
498C
498A
518C
51CE
498C
4108
414A
414A
518C
414A
414A
498A
414A
498A
494A
498C
498C
410A
5A10
5A10
414A
518C
498C
4148
498A
498A
498A
518C
498A
498A
51CE
498A
51CC
4148
3906
4148
4948
3906
3906
4106
3906
3906
4106
38C4
2882
38C4
30C4
3906
30C4
30C4
30C4
3106
30C6
30C6
3906
1884
2906
3948
3948
4148
4988
51CC
4988
3906
3106
3106
3106
3906
4106
4948
5188
61CA
6A0A
6A0C
6A0C
6A0C
620C
5A0C
51CA
59CC
518C
518C
51CC
59CC
51CC
518A
518A
494A
514A
514A
498C
414A
414A
394A
394A
418C
51CE
59CE
59CE
518C
518C
514A
4908
4906
4106
4106
3906
3906
3106
3106
3106
30C6
30C6
3106
3908
414C
414C
414E
49D0
5A54
93E0
839C
7B5A
A4A4
B568
BD6A
CE2E
F778
DE72
BD6A
BD68
BD68
BD68
D5EC
CDEA
DE2C
D5EC
D5A8
C566
C566
CD66
D5A8
D5EA
CDEC
CDEC
CDEC
D62E
D5EC
C568
BD26
C568
CDAA
CDAC
D62E
DE30
D630
DE72
DE72
D630
CDEE
CDAC
C56A
BD28
BCE8
C528
C528
BCE6
9B9C
8316
7252
6A10
7252
7A92
7A92
7250
7A52
7A50
7210
69CE
69CC
618C
618C
618C
698C
698C
618C
618C
618A
614A
614A
5948
5948
5948
5948
5948
5948
5948
5948
5946
6146
6188
6188
6146
5946
6988
6988
6988
6188
6188
6188
6188
6188
6188
6988
69CA
71CA
7A4E
7A0C
7A0C
71CA
6988
71CA
7A0C
7A0C
7A0C
7A0C
7A0C
7A0E
7A0C
7A0E
7A0E
7A4E
720E
720C
69CC
61CA
59CA
59CA
59CC
4948
494A
498A
518A
498A
494A
498A
518A
51CC
620E
620E
620C
620C
620E
5A0C
51CC
498A
498A
498C
51CC
51CE
494A
390A
414A
414A
518E
494A
494A
498C
498A
498A
414A
59CE
59CE
494A
59CE
59CE
4148
498A
4148
494A
494A
494A
494A
518C
498A
494A
518C
498A
51CC
4148
3906
4948
4148
38C6
3906
4148
4106
3906
4106
38C4
3084
38C4
30C4
3906
30C4
30C4
30C6
30C6
30C4
30C4
30C4
1884
28C6
394A
3948
498A
4988
59CC
4988
3906
3106
3106
3906
3906
3906
4946
5188
61CA
6A0A
6A0A
6A0A
620C
620C
620C
5A0C
59CC
518C
518A
518C
51CC
51CC
518A
518A
514A
518A
518C
518C
498C
414A
394A
394A
418C
49CE
51CE
51CE
51CC
598C
514A
4908
4906
4106
4106
4106
3906
3906
3106
3106
30C6
3108
3108
394A
414C
414E
414E
49D0
5212
9C64
9422
7B5A
9C62
B528
B568
C5AC
E6F4
D62E
BD68
BD68
BD68
BD68
CDEA
CDEA
D5EA
CDEA
CDA8
C526
BD24
C524
CD66
D5A8
CDAA
CDEC
D5EC
D5EC
D5AC
C568
C528
C528
CD6A
D5AC
DDEE
D62E
D630
DE72
DEB4
D630
CDAC
CD6A
C56A
BD28
B4A4
B4A4
A420
939A
7A94
7252
7252
7A92
8294
8294
7A52
7A50
7A50
7210
720E
69CE
69CC
618C
618C
618A
698C
698C
618C
618A
618A
614A
594A
5948
5948
5948
5148
5148
5948
5948
5948
5948
6188
698A
6988
6148
5946
6188
698A
6988
69C8
61C8
61C8
6188
6188
61C8
69CA
69CA
720C
7A4E
7A0C
7A0C
71CA
71CA
71CA
7A0C
824E
7A4E
7A0C
7A0C
7A0E
7A0E
7A0E
7A0E
7A0E
720C
69CC
61CC
61CC
59CA
59CA
59CC
498A
498A
518C
51CC
518C
498A
498A
518A
518A
59CC
620E
620E
620E
620E
59CC
518A
414A
498A
498C
51CC
498C
414A
3908
414A
498C
518E
414A
414A
498C
498C
498C
498A
518E
51CE
414A
518C
51CE
494A
498C
414A
518C
498C
494A
494A
498A
498A
494A
498A
498A
498A
4148
4148
498A
4148
38C6
3906
494A
4148
3906
3906
38C4
30C4
38C6
30C4
3106
30C6
3106
3106
30C6
28C4
2884
28C4
398C
2906
398A
3106
4148
4146
4146
4148
3908
3948
3948
3906
3106
3906
4946
5188
61CA
620A
6A0C
620A
620C
620C
620C
5A0C
59CC
518C
518A
518A
518A
51CC
518A
518A
518A
518A
518C
518C
498C
414A
394A
3148
418C
49CE
520E
51CE
51CC
518C
514A
4908
4908
4908
4108
4106
4106
3906
38C6
30C6
3106
3108
3108
390A
414C
394C
414E
4990
5212
A4A6
A4A8
839C
9C22
BD28
BD6A
BD6A
D62E
C5AC
B526
B526
BD26
BD26
CDAA
CDA8
D5EA
D5AA
CD68
C524
BCE2
BCE2
C524
CD26
CD68
CDAA
D5AC
D5AC
CD6A
C528
C526
C4E6
CD68
CD6A
D5EC
D5EC
D5EE
DE30
DE72
D5EE
CDAA
CD6A
C56A
BCE6
A420
939C
8B18
7A94
7A94
7A92
7A94
8AD6
8AD6
8294
7A52
7A50
7210
720E
71CE
69CE
69CC
698C
618C
618A
618A
618A
618A
614A
594A
5948
5908
5108
5948
5146
5146
5148
5948
6188
6188
6188
6188
618A
6188
5946
5946
6188
6988
6188
69CA
6A0A
69CA
6188
6188
69CA
69CA
69CA
7A0C
824E
7A0C
7A0C
7A0C
71CA
79CC
7A0E
824E
7A4E
7A0C
7A0C
7A0C
7A0C
7A0E
7A4E
720C
6A0C
69CC
61CC
620C
61CC
59CA
518A
518A
518A
518C
51CC
51CC
498A
518A
51CC
59CC
620E
6A50
6A0E
620E
620C
51CA
498A
498A
498A
498C
498C
414A
3908
38C8
410A
498C
498C
414A
414A
414A
498C
51CC
498A
414A
494C
414A
498C
518C
494A
518C
494A
498C
498C
498A
494A
494A
4148
4148
494A
4148
4148
4106
4148
498A
4108
3906
4148
498A
4148
3906
3906
38C4
30C4
3906
30C4
30C6
30C6
30C6
3106
30C4
2884
2884
28C4
735A
20C4
394A
3106
3106
3906
3904
4146
3948
3948
3948
3906
3106
3906
4146
5188
59CA
61CA
6A0A
6A0A
620C
620C
620C
59CC
59CC
518A
518A
518A
518A
51CA
598C
518A
514A
518A
518C
518C
498C
414A
394A
3108
418A
4A0E
5A10
51CE
498C
498A
494A
4908
4908
4908
4908
4108
4108
3906
38C6
30C6
3908
3908
30C8
30C8
390A
310A
390C
418E
5212
8BE2
A464
93E0
A464
BD2A
BD2A
C56A
D62E
CDEC
B526
ACE4
B4E4
BD26
CD68
CD68
CD68
CD68
CD26
C4E4
C4E2
C4E2
CCE2
CD26
CD68
D5AA
DDAC
D5AA
CD68
CD26
C4E4
BCA4
CD26
CD28
D56A
D5AC
D5EC
DE2E
D62E
CDAC
C568
C528
BCE4
A420
8B58
7AD4
7A94
7252
7A92
7A92
8294
8AD6
8A94
8252
7A52
7A52
720E
720E
71CE
69CE
69CC
69CC
618C
618A
614A
614A
614A
614A
594A
5948
5908
5108
5948
5946
5946
5948
5988
6188
6188
5988
6188
6188
6188
5946
5946
6188
6188
6188
69CA
6A0A
69CA
6188
6188
69CA
71CA
69CA
7A0C
7A4E
7A0E
7A0C
7A0C
7A0C
7A0C
824E
824E
7A4E
7A0E
720C
720C
720C
720C
720E
720E
6A0C
61CC
620C
620C
620C
59CA
518A
518A
518A
518A
518A
498A
498A
51CC
59CC
620E
6A50
6A50
6A4E
620E
59CC
51CA
518A
498C
498C
498C
498A
3908
30C6
38C8
3908
414A
414C
3908
414A
498A
498C
51CC
414A
3908
414A
498C
498C
494A
414A
494A
494A
414A
498A
498A
414A
3906
3906
3908
4148
4148
3906
3906
4148
4148
3906
3906
4148
498A
4148
38C6
3906
30C4
30C4
3906
30C4
30C6
30C4
30C4
30C4
28C4
2884
28C4
3106
AD68
2106
2906
3948
30C4
3906
4146
3906
3948
3948
3948
3908
3106
3906
4146
5188
5988
61CA
620A
6A0C
620C
620C
59CC
518A
518A
518A
518A
518A
518A
59CA
59CC
598C
518A
598C
598C
518C
498A
414A
394A
3108
398A
4A10
5A50
520E
498C
498A
494A
4908
4908
4908
4908
4906
4106
4106
38C6
38C6
3908
3908
30C8
30C8
30C8
30C8
310A
418E
49D0
6A98
839E
9BE0
ACA6
B4A6
B4E6
CD6C
CDAC
CDAA
B4E4
ACA2
B4A4
C526
CD68
CD68
CD26
C4E4
C4E4
C4A2
BCA0
BC60
C4A0
C4A2
BCA4
C4E6
CCE6
CCE6
C4E4
BCA4
BC62
B460
C4E4
C4E6
CD68
D5AA
D5EC
DDEE
DDEE
CDAA
BCE6
AC60
9BDC
8316
7292
7292
7A94
7A94
7A92
8294
8AD4
8AD6
8A94
8294
8252
7A10
720E
71CE
69CE
69CC
69CC
69CC
618C
614A
618A
618A
614A
614A
614A
594A
5948
5948
5948
5948
5988
5988
5988
5948
5946
5946
5988
5948
5946
5946
5988
6188
6188
6188
69C8
69CA
69CA
69C8
69CA
71CA
720C
720C
7A4E
7A4E
7A0C
7A0C
7A0C
7A0C
79CC
824E
824E
7A4E
7A0E
720C
69CA
69CC
720C
720E
720E
6A0C
61CC
61CC
61CC
620C
59CC
59CC
51CC
518A
494A
498A
518A
518C
51CC
59CC
620E
6A0E
6A50
6A0E
620E
61CC
59CC
59CC
51CC
498C
498C
414A
3908
30C6
3908
3908
3908
414A
414A
498C
498C
498C
498C
3908
3908
414A
498C
498C
414A
414A
414A
498C
414A
498A
51CC
498C
3908
3906
4148
4148
4148
3906
3906
4148
3906
30C4
30C4
4148
494A
4108
30C4
3906
30C4
2882
3906
30C4
30C4
28C4
28C4
28C4
28C4
28C4
30C4
3906
E736
4A10
2084
3948
3906
3906
4148
3106
3948
3948
3948
3106
3106
3906
4148
4948
5188
59CA
61CA
6A0C
620C
620C
59CC
598A
518A
518A
598A
518A
518A
59CA
59CC
59CC
598A
598C
598C
518C
498C
414A
394A
394A
418C
4A10
5A50
520E
49CC
51CC
518A
4908
4908
4908
4906
4106
4106
4106
4106
4106
4108
410A
38C8
30C8
30C8
28C8
30C8
394C
5A14
6A96
8B5E
A422
AC64
B464
BCA6
CD28
CD28
CD28
B462
A3DE
AC20
B462
C4A2
C4A2
BC62
BC20
B41E
ABDC
AB9A
A358
9B16
9B58
9358
9358
9358
9B9A
9B9A
9B5A
9358
9358
A3DC
AC1E
BCA2
BCE4
C526
CDAA
CD6A
BCE6
A41E
939A
82D6
7A92
7292
7A94
82D6
8294
8AD4
8AD6
8AD6
8A94
8254
8254
8212
79D0
71CE
71CE
69CC
698C
698C
698C
618A
614A
614A
614A
614A
614A
594A
5948
5948
5948
5946
5948
6188
6188
5988
5946
5946
5946
5946
5146
5946
5986
5988
61C8
61C8
61C8
6188
6188
6988
69CA
71CA
71CA
720C
720C
7A4E
7A0C
7A0C
71CC
7A0C
7A0C
79CC
7A0E
7A4E
7A4E
7A4E
720C
69CA
69CA
69CC
720E
69CC
61CC
61CC
61CC
620C
620E
620E
620E
51CC
498A
4948
498A
51CC
51CC
518A
518A
59CC
620E
6A0E
6A0E
620C
59CC
620C
620E
51CC
498C
498A
414A
3908
3908
394A
3908
3908
414A
414A
498C
498A
414A
498A
3906
494C
414A
498C
494C
494A
498C
498C
51CC
494A
498C
51CC
518C
4148
4148
494A
4148
3908
3908
4108
4148
3906
30C4
30C4
3906
4148
3906
30C4
38C6
30C4
2882
3906
3906
30C4
28C4
2884
28C4
30C4
30C4
3106
3106
FFFE
83DC
1042
2904
418A
3106
3906
3906
3948
3948
3948
3106
3106
3906
4148
4948
5188
59CA
61CA
620A
620C
6A0C
61CC
59CA
5188
598A
59CC
518A
518A
59CA
59CC
59CC
598A
598C
598C
518C
498A
414A
414A
394A
41CC
4A10
5250
520E
51CE
5A0E
518C
4948
4908
4908
4906
40C6
40C6
40C6
4106
4108
4108
410A
3908
38C8
30C8
28C6
30C8
390A
6294
7B1A
9BE0
9BE0
9BE0
B462
BC64
BC64
E5AC
D52A
AC20
9B5A
9B5A
9B18
9B5A
A35A
9B18
9316
92D6
92D4
8AD4
8A92
8250
8292
8292
7252
7250
7A52
7A92
7A52
7250
7250
7A92
8B16
9B9A
9B9C
A41E
B4A4
B4A4
9BDE
8B58
82D4
7AD4
82D4
82D4
8B16
8B16
8AD6
8AD6
92D6
8A94
8252
7A10
8252
8212
79CE
79CE
71CC
698C
698A
698C
698A
614A
6148
5948
5948
5948
5948
5948
5948
5908
5908
5106
5946
6188
618A
6188
5946
5946
5946
5146
5146
5146
5988
6188
61C8
61C8
61C8
69CA
6188
69C8
71CA
720A
71CA
71CA
720C
7A0C
7A0C
7A0C
71CA
7A0C
7A0C
71CA
7A0C
7A0E
7A4E
7A4E
720C
69CA
61CA
69CC
6A0E
61CA
61CA
61CC
620E
620E
624E
620E
620E
598C
514A
494A
518A
51CC
51CC
518A
4948
59CC
61CE
6A0E
620E
61CC
59CC
59CC
5A0E
51CC
498A
414A
414A
3948
394A
414A
3908
414C
418C
418C
498C
414A
414A
498A
3908
51CE
498C
494C
414A
498A
498C
498C
51CC
4148
4148
498A
498A
4108
4148
4148
3906
38C6
3906
4108
4148
3906
30C6
30C6
3906
3906
3906
30C4
30C6
3084
2882
3906
3906
30C4
28C4
2884
28C4
30C6
30C6
3106
3106
FFFC
D670
2906
28C4
3948
3946
3106
3948
3146
3948
418A
3948
3106
3948
3906
4988
5188
59CA
61CA
61CA
61CC
6A0E
620C
59CA
598A
598A
518A
518A
59CC
598A
598A
61CC
598C
598A
598A
59CC
51CC
494A
414A
418A
49CE
4A0E
5210
5A50
6A92
6A92
620E
518A
4948
4908
4908
4906
4908
4948
4908
4908
4908
4108
4108
3086
38C6
3086
2884
51D0
9BE0
939E
935C
935C
8B1A
82D6
8AD6
8AD8
B3E0
AB9E
9B1A
92D6
8AD6
92D6
92D6
8AD4
8A94
8A94
8A94
8A94
8AD4
8AD4
8A92
8292
7A52
7250
7250
7250
7A92
8292
7A92
7A52
7A92
7A92
82D4
82D6
82D6
8318
8B18
82D6
82D4
82D4
82D4
7A94
8292
8AD6
9318
8AD6
8AD6
8AD6
8A94
8252
8212
8210
79D0
79CE
71CC
698C
698A
698A
614A
6148
5948
6148
6148
5948
5948
5906
5106
5906
5948
5948
5106
5946
5988
5946
5946
5988
5946
5104
5104
5146
5986
5986
5988
61CA
6A0A
720C
69CA
69CA
69CA
71CA
71CA
71CA
720C
720C
824E
7A0E
7A0C
71CA
71CA
7A0C
7A0C
71CA
720C
7A0E
720C
71CC
720C
69CC
61CC
61CC
598A
598A
59CC
620E
624E
5A0E
59CC
5A0E
59CC
598C
518C
518A
518C
51CC
518A
518A
620E
620E
6A0E
6A50
6A0E
59CC
59CC
59CC
518C
498C
498C
498C
394A
394A
414A
394A
418C
418C
414A
414A
414A
3906
4148
51CE
5A10
5A10
498C
414A
414A
414A
414A
498C
3908
498A
498A
4148
414A
414A
3948
3906
2884
3906
4148
3908
3906
3906
3906
3906
3906
30C6
30C4
30C4
30C4
30C4
30C4
30C4
28C4
28C4
28C4
28C4
28C4
28C4
28C4
28C4
FFFE
EF78
6B16
1882
3948
3146
3948
418A
3148
3148
398A
3948
3106
3106
3106
4146
4948
598A
61CA
61CC
6A0C
6A0E
620C
59CC
59CA
598A
518A
518A
59CA
598A
598A
61CA
61CC
598A
598A
598C
518C
494A
414A
418C
49CE
4A0E
5A50
6292
72D4
72D4
6A50
620E
518A
514A
4908
4908
4948
494A
4948
4908
40C6
4108
4908
38C6
38C6
38C6
3908
7294
939C
8B5A
82D6
7254
7212
7212
8254
8AD6
9B1A
9B1A
9B18
9B18
9B18
9B18
9B18
92D6
8AD6
8AD4
8A94
8A94
8294
8292
7A50
720E
7250
7210
720E
7210
7A50
7A52
7A52
7A52
7A92
7A92
82D4
82D4
7AD4
82D6
8318
82D6
7A94
7A92
82D4
82D4
8294
8AD6
9318
9318
92D6
92D6
8A94
8252
8210
7A10
79D0
79CE
71CE
698C
698A
694A
614A
5948
5948
6148
5948
5948
5948
5948
5948
5948
5948
5948
5146
5946
5948
5948
5948
5948
5946
5146
5146
5946
5986
5986
6188
69CA
6A0A
720C
71CA
71CA
71CA
71CA
71CA
720C
720C
7A0C
7A0C
7A0C
7A0C
7A0C
7A0C
7A0C
71CA
6988
71CC
7A0C
720C
69CC
720E
69CC
61CC
61CC
61CC
59CC
59CC
620E
620E
59CC
518A
59CC
59CC
59CC
59CC
59CC
59CC
51CC
518A
518A
61CE
620E
6A0E
6A10
6A0E
620E
620E
6250
518C
498A
498C
418A
3948
3948
394A
394A
414A
418C
418A
414A
3948
3908
4148
59CE
5A10
5A10
498C
414A
4148
4148
4148
498C
4148
498A
414A
4148
498A
498A
4148
3106
30C6
3908
4148
3908
3906
3906
3906
30C6
3906
30C6
30C4
30C4
30C4
30C4
30C4
28C4
28C4
28C4
28C4
28C4
28C4
28C4
28C4
28C4
FFFC
FFFE
B568
1882
2906
3106
3146
3988
3948
3106
3148
3148
3108
3106
30C4
3906
4106
5188
620C
6A0C
6A0C
6A0C
620C
61CA
61CC
59CA
598A
598A
59CA
598A
5988
598A
61CC
598A
514A
518A
518A
494A
498A
49CC
49CE
520E
6252
7316
7B18
7B16
7294
6A52
620E
518C
494A
494A
514A
494A
494A
514A
4908
4908
514A
4108
40C6
38C6
4948
7292
7292
7294
7254
7252
7252
8254
8AD6
9318
92D8
92D8
9B18
9B18
9B18
9318
8AD6
8292
8292
8292
7A92
7A92
7A92
7250
7250
6A10
7210
7210
720E
7210
7250
7A50
7A92
7A92
8294
8294
82D6
82D4
7A94
82D6
82D6
82D6
7A94
82D4
8B18
8B16
8AD6
9318
9B5A
9B1A
9318
92D6
8A94
8252
8210
79D0
79CE
79CE
71CC
698C
698A
694A
614A
6108
5908
6148
5948
5948
5948
5948
5948
5948
5948
5948
5948
5946
5946
5988
5988
5946
5946
5988
5986
6188
6188
6188
61C8
6A0A
720A
6A0A
71CA
71CA
71CA
71CA
71CA
7A0C
7A0C
7A0C
824E
824E
7A0C
7A0C
824E
824E
71CA
6988
71CC
7A0E
720C
69CC
720E
69CC
61CC
61CC
61CC
59CC
61CC
620E
59CE
518C
518A
59CC
59CE
59CC
59CC
5A0E
5A0E
51CC
518A
518A
61CE
620E
6A0E
6A0E
6A0E
6A0E
6A50
6A92
51CC
498A
498A
414A
3948
394A
394A
394A
394A
418C
418A
394A
3908
3908
494A
59CE
51CE
51CE
498C
414A
3908
3908
3908
414A
4148
498A
4148
3908
4148
418A
4148
3906
3908
3908
3908
3906
30C6
30C6
30C6
30C6
30C6
30C6
30C4
30C4
30C4
30C4
30C4
28C4
2884
28C4
28C4
28C4
28C4
28C4
28C4
28C4
F7BC
FFFE
EF38
5210
1882
3106
3148
3106
3948
3106
3148
3948
3948
3106
30C4
3906
4146
518A
61CC
6A0C
61CC
61CC
61CC
61CC
6A0C
61CC
598A
598A
598A
5988
5988
5988
61CA
598A
514A
518A
518A
498A
498A
49CC
520E
520E
6292
7B58
835A
8318
7AD6
7AD4
6A50
59CC
518A
518A
518A
494A
494A
518C
494A
4948
518A
514A
494A
494A
494A
59CC
59CE
7252
7A94
82D6
8296
8AD6
8AD6
8AD6
92D8
8AD6
8AD6
8A96
8A94
8294
7A52
7250
7A52
7A52
7252
7292
7292
7292
7292
7A92
7A52
7A52
7A52
7A50
7A50
7A92
8292
82D4
8B16
8B16
8B16
8AD6
8294
8294
82D6
82D6
82D6
8B18
935A
9B5A
9B1A
9B5A
A35A
9B1A
9B18
92D6
8A94
8212
79D0
79CE
79CE
79CE
718C
698A
698A
698A
694A
6148
5908
5908
6148
6148
6148
6148
614A
5948
5948
5948
5988
5946
5946
5988
6188
5946
5988
6188
61C8
69C8
69CA
69CA
69CA
720C
720C
71CA
69CA
71CA
71CA
71CA
71CA
7A0C
7A0C
7A0C
824E
824E
7A0C
7A0C
7A0C
824E
7A0C
71CA
720C
7A0E
720E
71CC
720E
6A0C
61CC
61CC
61CC
59CC
59CC
59CC
59CC
518C
59CC
620E
61CE
598C
518C
59CC
59CE
518C
518A
598C
61CE
620E
6A0E
6A0E
6A0E
6A0E
6A50
6A50
59CE
498C
414A
414A
394A
394A
394A
3108
394A
418C
394A
3908
3948
414A
498A
51CC
498C
51CE
498C
414A
3908
3906
3908
414A
3908
414A
414A
3908
3908
3908
3906
3908
3908
3908
3908
3906
30C6
30C6
30C6
30C6
30C6
30C6
30C4
30C4
2884
2884
30C4
28C4
2882
28C4
28C4
28C4
28C4
28C4
28C4
28C4
F7BC
F7BA
FFFE
A4E4
1882
3146
3948
3106
3148
3106
3148
3148
3148
3148
3106
3906
4948
518A
61CC
61CC
61CA
61CA
61CC
61CC
6A0C
61CA
598A
598A
598A
5988
5988
5988
61CA
598A
598A
598A
598C
518C
498C
498C
520E
51CE
6A92
8358
835A
8318
8316
7AD6
7292
620E
518C
518C
518C
498A
518C
59CE
518C
494A
518C
598C
59CE
59CE
598C
598C
61CE
7252
7A94
7A94
7A94
7A94
7A94
7A54
8296
8294
8294
8294
8294
8294
8294
8294
82D6
82D4
7A94
7A94
7A94
7A94
7AD4
82D6
82D6
8AD6
82D4
82D4
8294
82D4
8AD6
8B16
9318
9316
9318
8AD6
8294
8294
8A96
8AD6
8B18
9318
9B5A
A39C
A39C
A39C
A35C
9B18
92D8
9296
8A54
8210
79CE
798E
798E
798E
718C
694A
694A
698A
694A
6148
6108
6148
614A
614A
618A
614A
5948
5948
5948
5948
6188
5946
5946
5988
6188
5988
6188
69C8
69CA
69CA
69CA
69CA
720A
7A0C
720C
71CA
71CA
71CA
71CA
71CA
71CA
79CC
7A0C
7A0C
824E
824E
7A0C
7A0C
7A0C
824E
824E
7A0C
7A0E
7A0E
720E
720E
720E
6A0E
61CC
620E
61CC
61CC
59CE
59CE
59CC
598C
59CE
6210
59CE
518A
494A
518A
518A
498A
518A
59CC
61CE
6A0E
6A10
6A0E
6A0E
620E
620E
620E
51CC
498A
414A
3948
3908
394A
394A
3108
394A
418C
3948
3108
414A
498C
498A
498A
498C
498C
498C
414A
3908
3948
418A
418A
3908
418A
418A
4148
4148
3948
3906
3908
3908
3906
3106
30C6
30C6
30C6
30C6
30C6
3106
30C6
28C4
2884
2884
2884
28C4
28C4
2882
2882
28C4
28C4
28C4
28C4
28C4
28C4
F7BA
E736
FFFC
E6F4
398A
28C4
3948
3948
2904
2906
3948
3148
3106
3106
30C6
3106
4948
518A
61CC
61CA
61CA
61CA
61CC
61CC
6A0C
61CA
61CA
61CA
5988
5988
5988
5988
618A
598A
598A
598A
59CC
51CC
498C
498C
59CE
51CE
6252
8318
8318
8318
8318
8316
7294
6A50
5A0E
59CE
59CE
59CE
59CE
5A0E
620E
5A0E
6210
6210
6210
6A10
6A10
6A52
6A10
6A12
7252
7252
7252
7A94
7A96
82D6
8294
8294
8294
8AD6
8AD6
8AD6
8AD6
8B18
8B18
8B18
82D6
82D6
82D6
82D6
8B16
8B18
8B16
8B18
8B16
8AD6
8AD6
8AD6
8B16
9316
9318
8AD6
8AD6
8AD6
8294
8294
8A96
8AD8
931A
931A
9B5C
A39E
AB9E
AB9E
A35C
92D8
92D6
8A94
8252
79D0
798E
718E
718E
718C
718C
694A
694A
6148
6148
6148
6148
698A
614A
614A
6148
5948
5948
5948
5948
5948
5988
5946
5946
5988
6188
6188
6188
69CA
69CA
720C
720C
720C
7A0C
7A0C
7A0C
71CA
71CA
71CA
71CA
71CA
71CA
79CC
7A0C
7A0C
7A0C
7A0E
7A0E
7A0C
824E
824E
824E
7A0C
7A0E
7A0E
7A0E
720E
720E
6A0E
61CC
69CE
61CE
61CE
61CE
59CC
59CC
598C
59CE
61CE
59CC
518A
4948
4948
494A
494A
518A
59CC
61CC
6A0E
7210
6A0E
6A0E
61CC
59CC
59CC
498A
4148
3908
3948
3108
3108
3108
28C6
418C
418C
3148
3108
414A
498C
498A
414A
414A
418C
418A
394A
3908
414A
49CC
498C
4148
498A
498C
498C
49CC
418A
3906
3106
3906
3106
30C6
3106
3106
3106
30C6
30C6
30C6
30C6
30C4
2884
2884
2884
2884
28C4
2882
28C4
28C4
28C4
28C4
2882
2082
2082
EF78
E736
EF78
F77A
83DC
20C4
3146
3948
20C4
3106
398A
3148
2906
3106
3106
3106
4948
518A
59CA
61CA
61CA
61CA
61CC
6A0C
61CA
598A
61CA
620C
5988
5988
5988
5988
618A
598A
598A
598A
598C
51CC
498A
498A
59CE
518C
6250
7AD6
7AD6
8318
8B58
8316
7AD6
7294
6A50
6250
6250
6250
6250
6250
6A52
7294
7294
6A52
6A52
6A52
7294
7A94
7A94
7A94
7A94
7A96
7A96
7A96
82D8
8B18
8AD8
8AD8
8AD8
9318
9318
8AD8
8AD8
8B18
8AD8
8AD6
82D6
82D6
82D6
8B18
8B18
8AD8
8AD6
8AD6
8AD6
8AD6
8AD6
8AD6
8AD6
9316
92D6
8AD4
8AD6
92D6
8A96
9296
9AD8
92DA
A35C
A39E
ABE0
B422
ABE0
AB9E
9B5A
8A96
8A94
8254
8212
79D0
718E
718C
718C
718C
718C
694A
6948
6948
6948
6148
694A
698A
6148
6148
5948
5948
5946
5946
5946
5946
5946
5986
5986
5986
5988
6188
69C8
69C8
71CA
720C
7A0C
7A0C
7A0C
7A0C
7A0C
7A0A
7A0C
7A0C
7A0C
7A0C
7A0C
7A0C
7A0C
7A0C
7A0C
824E
824E
824E
824E
824E
7A0E
7A0C
79CE
7A0E
71CE
71CE
720E
69CE
61CC
61CC
61CE
61CE
61CE
59CC
598C
598C
598C
59CE
59CC
518C
514A
494A
494A
518A
518A
59CC
61CC
6A0E
7210
6A0E
61CE
61CC
59CC
598C
494A
4148
3908
3948
3908
3108
3108
2906
398C
398C
3948
3908
418A
498C
498A
498A
498C
414A
414A
3908
3908
498C
51CE
498C
418A
498C
498C
498A
498C
414A
3906
3106
3106
30C6
30C6
3106
3908
3106
30C6
30C6
28C4
30C6
30C6
28C4
2884
2884
2884
2884
2884
28C4
28C4
28C4
2882
2082
2082
2082
EF78
EF78
E736
F77A
C62E
3108
3148
3948
28C4
3948
49CC
394A
2906
3108
3106
3906
4148
4988
598A
61CA
61CC
61CC
69CC
6A0E
61CA
598A
61CA
620C
5988
5988
5988
598A
618A
598A
598A
518A
518A
518A
498A
494A
51CE
518C
6210
72D6
7AD6
8318
8B5A
8318
8316
7AD4
7294
6A92
6A92
7294
6A92
6A92
6A52
72D4
7294
6A54
7294
7294
7A94
7AD6
82D6
7A96
7AD6
82D6
82D8
82D8
8318
935A
9B5A
9318
9318
9318
9318
8AD6
8AD6
9318
8AD6
8296
8294
8294
8A96
8A96
8294
8294
8294
8294
8294
8A94
8A94
8AD4
8AD4
8AD6
92D6
8A96
8AD6
92D8
92D8
9B1A
A31A
A35C
ABE0
AC22
BC64
BC66
B422
A39E
9B1A
8A96
8254
8212
7A10
79CE
718C
718C
718C
718C
694A
6948
694A
698A
698A
694A
6148
614A
5948
5946
5946
5106
5106
5146
5946
5946
5146
5988
5988
5946
5988
6188
69CA
6988
71CA
7A0C
7A0C
7A0C
7A0C
7A0C
7A0C
7A0C
7A0C
7A0C
7A0C
7A0C
7A0C
7A0C
7A0C
820C
7A0C
824E
824E
820E
7A0E
7A4E
7A4E
7A0E
71CC
720E
71CE
69CE
71CE
69CC
61CC
61CC
61CE
61CC
59CC
598C
598C
598C
598C
59CC
59CC
59CC
518A
518A
518A
518A
598C
598A
59CC
6A0E
6A10
6A0E
61CE
61CC
59CC
59CC
494A
4148
414A
414A
394A
394A
394A
3108
394A
398A
394A
394A
414A
418A
498A
51CC
498C
414A
3908
3106
3908
498C
51CE
498C
498A
498C
498A
4148
3948
3106
3106
3948
3106
30C6
30C6
3908
3908
3106
30C6
28C4
2884
28C4
30C6
30C6
28C4
2884
2884
2082
28C4
28C4
28C4
28C4
2082
2082
2082
2082
DF36
EF7A
DEF6
EF38
E6F4
5250
1882
394A
28C4
3948
418A
498C
3908
3106
28C4
3104
3906
4948
518A
598A
61CC
620E
6A0E
6A0E
5148
61CA
61CA
61CA
5988
598A
61CA
61CC
61CC
598A
598A
598A
598C
51CC
51CC
518A
51CC
518C
59CE
6A52
7294
82D6
8B5A
8B18
7B16
7B16
7B16
7AD6
72D4
7294
7294
7294
72D4
72D4
7AD6
7AD6
7AD6
7AD6
8316
8B18
82D6
82D6
82D6
82D6
8B18
8B18
8B18
8B18
9B18
9AD6
92D6
8A94
8A94
8A52
8A52
8252
8A92
8252
8252
8252
8252
8252
8252
8252
7A50
8252
8292
8A92
8A94
92D6
92D6
92D6
8A94
8254
8A96
9B1A
9B1A
9B1A
AB9E
B3E2
BCA6
BCA8
C4E8
B464
A39E
9B1A
92D8
8254
8212
8212
79D0
798E
718C
718C
718C
718A
694A
6108
6148
698A
698A
698A
6148
5948
5946
5146
5104
5144
5146
5146
5146
5146
5946
5946
5986
6188
6188
6988
69C8
6988
71CA
79CC
820C
820E
820C
820C
820C
820C
824E
7A0C
7A0C
7A4C
7A0C
7A0C
7A0C
820C
820C
820C
820E
7A0E
7A0C
720C
720C
720E
71CE
720E
69CE
69CC
61CC
618C
618C
618C
61CC
61CC
59CC
598C
59CC
59CE
59CC
518C
5148
598A
59CC
518A
518A
59CC
518A
4948
518A
620E
6A50
620E
61CE
61CC
598C
518A
414A
3948
3948
3948
3148
3108
3948
398A
418C
398A
394A
394A
414A
418A
498C
498C
414A
3948
3948
30C6
414A
51CE
498C
418A
418A
49CC
418A
3948
3106
30C6
3908
3908
3106
3106
30C6
28C4
30C6
3106
30C6
2884
28C6
28C6
28C4
28C6
28C4
28C4
2882
2082
2882
2082
2082
2882
28C4
28C4
2884
2082
DF36
E738
DEF4
E6F6
EF38
7B9C
20C6
394A
30C6
3908
3948
418A
3908
3908
3106
3906
3906
498A
51CC
59CC
61CC
61CE
61CE
61CC
5988
59CA
61CA
59CA
598A
598A
618A
598A
61CC
598A
518A
518A
518A
51CC
518A
518A
51CC
498C
51CE
6210
6A52
7A94
82D8
82D6
8318
8318
8318
8318
8316
8316
82D6
82D6
7AD6
8316
8316
8316
82D6
82D6
8B18
9358
8AD6
82D6
82D6
82D4
82D6
82D6
82D6
82D4
9294
9294
9294
8A52
8A52
8A52
8252
8252
8252
8252
8252
8252
8252
8252
8250
8210
7A10
8250
8250
8252
8A94
92D6
92D6
8A96
8A96
8A96
92D8
9B5C
9B5C
A35C
ABE0
B422
B424
B464
AC22
A39E
8B1A
8AD8
8A96
7A12
79D0
79CE
718E
718C
718C
718C
718C
718C
694A
698A
698A
698A
698A
618A
5948
5946
5146
5146
5146
5144
5144
5146
5186
5986
5986
6188
61C8
69CA
69CA
69CA
6988
6988
71CA
7A0C
820E
820E
820E
820C
820C
820C
820C
7A0C
7A0C
7A4C
7A0C
7A0C
7A0C
824C
820C
820C
820C
7A0C
7A0C
720E
720E
7250
720E
6A0E
69CE
69CE
61CC
61CC
61CC
61CC
61CE
61CE
61CE
61CC
61CE
61CE
59CE
59CC
5188
518A
518A
518A
59CA
59CC
59CC
59CA
59CC
620E
620E
61CE
59CE
59CE
59CC
518A
414A
3948
3948
3948
3948
3948
3948
398A
394A
3948
3948
394A
414A
418C
498C
498C
394A
414A
3948
3906
418A
51CE
498C
418A
418A
418A
4148
3948
3106
28C4
3906
3948
3106
3106
30C6
28C4
28C6
30C6
30C6
28C4
28C6
28C4
28C4
28C4
28C4
28C4
2082
2082
2884
2882
2082
2882
28C4
28C4
2884
2082
DEF4
DEF4
D6F4
DEB4
EF38
AD28
314A
2908
3108
3908
3106
3948
3906
3948
3906
3906
3906
498A
59CC
61CE
61CC
61CC
61CC
618C
598A
59CA
59CA
598A
598A
61CA
598A
598A
598A
598A
518A
518A
518A
518A
518A
498A
51CC
498C
518C
59CE
6210
7252
7A94
7A94
82D6
8318
8B58
8B58
8B58
8B18
8B18
8B18
8B16
8B18
8B58
8B18
8B16
8AD6
8B18
9358
8AD6
8AD4
8294
7A52
7A92
7A92
7A52
7A52
8212
8A12
8A12
8A10
8210
8210
8210
8210
8210
8210
8210
8210
8A52
8210
8210
7A10
7A10
7A50
7A50
8252
8A94
92D6
92D6
8A94
92D6
8A96
9B1A
A35C
A35E
AB9E
B3E0
B422
ABE2
ABE0
A39E
9B1C
8A96
8A96
8A54
7A10
71CE
79CE
718C
718C
718C
718A
718A
718A
694A
698A
698A
614A
5948
5948
5146
4904
5146
5146
5146
5146
5146
5146
5986
5988
61C8
69CA
720A
720C
720C
71CA
69CA
69CA
79CC
7A0C
820C
820E
820E
820E
820C
7A0C
7A0C
7A0A
7A0A
7A0C
7A0C
7A0C
820C
824C
820C
820C
820C
7A0C
79CC
720C
720E
7250
7210
6A0E
69CE
69CE
69CE
61CC
61CC
61CC
61CE
6A0E
6A0E
620E
620E
620E
620E
59CC
518A
518A
518A
59CC
59CC
59CC
59CC
620E
61CE
59CC
59CC
59CC
59CC
59CC
59CC
518C
498A
4148
3948
3948
394A
394A
394A
418A
3108
3108
3148
394A
418C
418C
498C
418C
3948
414A
418A
3948
498A
51CC
498A
418A
418A
414A
3908
3948
3106
28C4
3106
3948
3908
3106
30C4
28C4
28C4
28C4
28C4
28C6
28C4
2884
2884
2884
2882
2882
2082
2082
28C4
28C4
2882
2882
2882
2884
2884
2884
D6B2
D6B4
D6B4
D6B2
DEB4
CE30
5252
2084
3148
3148
3106
3106
3106
3106
3106
3104
3906
498A
59CC
61CE
61CC
61CC
618C
618C
61CC
59CA
59CA
5988
598A
61CC
59CA
5188
598A
598A
518A
518A
518A
51CA
518A
498A
51CC
498C
518C
518C
61CE
7252
7A94
7A94
82D6
82D6
8B18
8B18
8B18
8B18
9318
9318
8B16
9316
9318
9316
8AD6
8AD4
8AD6
9316
8AD4
8292
8252
7A10
7A10
7A50
7A10
7A10
81CE
81D0
8A10
81D0
81CE
81CE
81CE
81D0
81CE
81CE
81CE
8210
8210
8210
8210
79CE
7A10
7A10
7A50
8252
8A94
92D6
92D6
8A96
8AD6
8A96
9ADA
A35C
A35C
A35C
AB9E
AB9E
A39E
A35C
9B5C
9318
8A96
8A54
8212
71CE
718C
718C
79CE
718C
718C
698A
694A
694A
614A
618A
618A
5948
5908
5106
5106
4904
4904
5146
5146
5146
5186
5988
6188
61C8
69CA
720A
720C
7A0C
720C
71CA
71CA
7A0C
7A0C
7A0C
7A0C
820E
820E
820E
820E
820C
7A0C
7A0A
7A0A
7A0C
7A0C
7A0A
820C
820C
8A0E
820E
820E
79CC
71CC
71CC
720E
720E
7210
6A10
69CE
61CE
61CE
61CC
618C
61CC
61CC
6A0E
6A0E
6A50
6A50
6A50
620E
59CC
59CC
59CC
61CC
620E
620E
61CC
61CE
620E
620E
59CC
59CC
59CC
518C
518C
518C
518C
498C
414A
3948
3948
414A
414A
418A
418C
3108
3948
394A
394A
394A
414A
418C
498C
3948
418A
418A
4148
418A
49CC
418A
418A
418A
3948
3908
3948
3948
30C6
3106
3908
3948
30C6
28C4
30C6
28C6
2084
2884
28C6
2884
2884
2884
2084
2082
2082
2082
2882
28C4
28C4
2884
2882
2082
2882
2884
28C4
CE70
CEB2
CE72
D6B2
CE30
D672
8BDE
20C4
2906
2906
3146
3106
3106
3106
3104
30C4
3906
494A
59CC
59CC
598C
618C
618C
61CC
620C
61CC
59CA
518A
598A
61CC
59CC
598A
598A
518A
598A
598A
51CA
51CA
518A
518A
51CC
498C
498A
518A
61CE
6A10
7252
7A92
7A94
82D4
82D4
8AD4
8AD6
8AD6
8AD6
92D6
8A94
8AD4
8AD6
8AD4
8A94
8A92
8A92
8A94
8A52
8250
7A10
79CE
79CE
7A0E
7A10
7A10
79CE
81CE
81CE
81CE
81CE
81CE
81CE
81D0
81CE
79CE
79CE
81CE
81CE
81D0
81D0
79CE
8250
8252
8252
8252
8A94
92D6
92D8
9296
8A96
8A96
92D8
9B1A
9B1A
9B1A
9B1A
9B1A
9B18
92D6
9296
8A54
8210
7A10
79CE
694A
694A
698A
718C
71CC
71CC
718C
698A
698A
5948
5948
5948
5948
5148
4906
4906
5146
4904
4946
5146
5186
5988
61C8
69CA
6A0C
720C
720C
720C
7A0C
720C
71CA
7A0C
824E
7A0C
7A0C
7A0C
7A0C
820E
820E
824E
824E
820C
7A0C
7A0C
7A0C
7A0C
7A0A
79CC
820C
8A0E
820E
820C
79CC
71CC
71CC
71CE
720E
7210
69D0
61CE
61CE
61CC
598C
598C
61CC
61CC
6A0E
6A10
6A50
6A50
6A50
6A0E
61CC
61CC
620E
6A0E
6A0E
620E
620E
620E
59CC
620E
59CE
5A0E
59CE
518C
498A
51CC
51CC
518C
414A
3948
3948
394A
414A
418A
418C
394A
398A
418C
418A
394A
3108
394A
498C
3948
418A
3948
3948
418A
418A
418A
418A
418A
3948
3948
418A
4148
3106
30C6
3906
3906
30C4
28C4
3106
30C6
2084
2082
2884
28C4
2884
2884
2884
2882
2882
2884
28C4
28C4
28C4
2884
2882
2082
2082
2884
28C4
CE70
CE70
CE30
CE70
C5EE
DEB2
B56A
41CC
20C4
2104
3146
3146
3146
3106
3106
3106
3906
4948
518A
598A
598A
598C
618C
61CC
61CC
59CC
59CA
518A
598A
59CA
59CC
598A
518A
518A
598A
51CA
51CA
51CA
518A
518A
518C
518A
498A
518A
61CC
6A0E
7210
7250
7A52
7A92
8292
8292
8292
8292
8294
8A94
8250
8252
8252
8252
8252
8250
8210
8210
8210
8210
79CE
79CE
71CE
79CE
7A0E
7A10
81CE
81CE
81CE
81CE
81CE
81CE
81CE
81CE
81CE
79CE
79CE
79CE
81CE
81CE
81CE
79CE
8210
8252
8252
8252
8A94
9296
92D6
9296
9296
8A96
9296
9AD8
92D8
9296
9296
9296
9296
8A52
8210
7A0E
718C
718C
718C
694A
698A
698A
698C
71CC
71CC
698A
618A
5948
5106
4906
4906
5106
4906
40C4
4106
4906
4906
5146
5146
5988
6188
61CA
6A0C
720C
720C
71CA
71CC
7A0C
7A0C
71CA
7A0C
824E
7A0C
7A0C
7A0C
820C
820C
820E
824E
824E
824E
7A0C
7A0C
7A0C
7A0C
79CA
79CA
79CC
820C
820C
79CC
79CC
71CC
71CC
720E
720E
6A10
61CE
61CE
61CE
61CC
598C
598C
61CC
61CC
6A0E
6A50
6A10
6A0E
6A0E
6A0E
61CC
598A
61CC
6A0E
6A0E
620E
620E
620E
61CE
59CE
59CC
5A0E
59CE
498A
498A
59CE
59CE
518C
414A
3908
3908
3948
394A
414A
418A
394A
418C
41CC
418A
394A
3108
394A
418C
3948
418A
3948
3948
414A
414A
418A
418A
418A
3948
418A
418A
3948
3106
30C6
3106
3106
28C4
28C4
3106
3106
2884
2042
2084
2884
2884
28C4
2884
2884
2884
28C4
28C4
28C4
2884
2882
2082
2082
2882
2882
2884
C62E
C62E
C62E
C62E
BDAC
CE2E
CDEE
7358
20C4
20C4
3146
3146
3948
3106
3106
3106
3906
4148
518A
518A
598A
598C
598C
598A
59CA
59CC
59CA
518A
518A
59CA
59CA
518A
518A
518A
518A
51CA
51CA
51CA
518A
498A
498A
498A
4948
4948
598C
61CC
61CC
69CE
69CE
720E
7A10
7A50
7A50
7A50
7A50
7A50
7A0E
7A0E
7A0E
7A0E
8210
8210
79CE
79CC
79CE
79CE
79CE
718C
718C
71CC
79CE
820E
79CE
798E
798C
798C
79CE
79CE
79CE
79CE
79CE
79CE
79CE
79CE
79CE
79CE
79CE
79CE
7A10
8250
8252
8252
8252
8A94
9294
9294
8A54
8A54
8A54
9294
8A54
8A54
8A54
8212
8A52
820E
79CE
79CE
718C
718C
718C
698A
69CC
698A
618A
618A
618A
598A
5148
4906
4906
4906
4906
4906
4106
4106
4906
4946
5148
5148
5988
5988
61CA
69CA
6A0C
720C
720C
71CA
79CC
820E
820E
7A0C
79CC
7A0C
7A0C
820E
824E
824E
820E
7A0C
820E
824E
824E
820C
7A0C
7A0C
7A0C
79CC
79CC
7A0C
820C
820C
7A0C
79CC
71CC
71CC
71CE
6A0E
69CE
61CE
61CE
61CE
59CC
598A
59CC
6A0E
6A10
7250
7250
6A0E
620E
6A0E
6A0E
6A0E
598A
59CC
61CE
6A0E
620E
59CC
59CE
620E
59CE
51CC
59CE
51CC
494A
498C
5A0E
51CC
498C
414A
3908
3908
3948
3948
3948
394A
394A
394A
398A
398A
394A
394A
394A
398A
394A
418A
3908
3948
414A
4148
414A
414A
418A
418A
498A
414A
3908
3106
30C4
3106
3106
28C4
28C4
3106
3106
28C4
2084
2082
2084
2884
28C4
28C4
2884
28C4
28C4
28C4
2884
2082
2082
2082
2882
2884
2882
2882
BDEE
BDEC
C62E
BDAC
B5AA
B56A
C5EC
9460
2906
2906
3148
3146
3948
3146
3106
30C4
3906
4148
498A
518A
518A
598C
598A
518A
4988
51CA
59CC
51CA
518A
518A
518A
5188
4948
518A
518A
51CA
51CA
518A
498A
4988
498A
498A
4948
4948
518A
598C
598A
618C
618A
698C
71CE
7A0E
7A0E
79CE
79CE
71CE
79CE
71CC
71CC
79CE
820E
820E
79CE
718C
718C
79CC
79CC
718C
718C
718C
71CC
7A0E
79CE
798C
718C
718C
718C
79CE
798C
718C
79CE
71CE
79CE
79CE
7A0E
7A0E
79CE
71CE
79CE
8210
8210
8210
8210
8252
8A52
8A54
8212
8210
8212
8A52
8210
8210
8210
79CE
79CE
718C
71CC
71CC
718C
698A
698C
614A
698C
614A
5948
5148
5948
514A
5148
4906
5148
514A
5148
4948
4948
5188
518A
5188
5188
5188
5988
618A
69CA
6A0C
6A0C
71CC
7A0C
71CA
7A0C
824E
824E
7A0C
71CA
79CC
7A0C
824E
824E
824E
824E
7A0C
7A0C
7A0C
824E
820C
7A0C
7A0C
7A0C
79CC
79CC
7A0C
820E
820E
820E
79CE
71CC
71CC
69CC
69CC
61CC
61CC
61CC
620E
61CC
598C
61CE
7250
7292
7292
7250
6A0E
61CC
61CE
6A0E
6A0E
598A
598A
59CC
620E
61CE
518A
518C
5A0E
620E
59CC
51CC
498A
4148
498C
59CE
498A
498A
4148
3908
4148
414A
3948
3908
3108
3948
3148
3148
394A
398C
418C
398A
394A
394A
418A
3908
3948
418A
414A
414A
414A
418A
418A
498C
3948
3106
3106
28C4
3106
3106
28C4
28C4
30C6
30C6
28C4
2084
2042
2084
2884
28C4
28C4
2884
2884
28C4
28C4
2882
2082
2082
2082
2882
28C4
2882
2082
B5AA
B5AA
BDEC
BDAA
BDAA
B5AA
B568
B568
4A0E
28C4
20C4
3948
3146
28C4
3106
3948
3906
4148
4948
4948
518A
59CC
598C
4948
4148
4988
59CC
59CC
498A
518A
518A
518A
5148
518A
518A
518A
518A
498A
498A
518A
51CA
4148
4106
4106
4948
5148
5148
594A
618A
698A
698C
71CC
71CC
71CC
71CC
718C
71CC
698A
718A
79CC
7A0E
79CE
718C
718A
718C
718C
718A
718A
718A
718C
71CC
71CC
79CE
718C
714A
694A
718C
718C
718C
698C
79CE
79CE
79CE
79CE
79CE
79CE
79CE
71CE
79CE
79CE
79CE
79CE
79CE
8210
8210
8210
79CE
79CE
79CE
79CE
8210
8210
79CE
79CE
718C
71CE
71CE
71CE
698C
618A
614A
594A
598A
594A
5148
4906
4906
4948
4908
4106
4948
514A
4948
4946
4948
518A
59CA
59CA
59CA
61CC
6A0C
6A0C
720E
720E
7A4E
7A0E
7A0C
71CA
7A0C
824E
820E
7A0C
820E
824E
820E
824E
824E
824E
824E
824E
824E
824E
820E
820E
824E
824E
820E
7A0E
7A0C
79CC
7A0E
7A0E
7A0E
7A0E
71CC
69CC
69CC
69CC
61CC
59CC
61CC
620E
61CC
59CC
620E
7250
7250
7A94
7252
61CE
598C
598C
59CE
620E
620E
598C
518A
598C
59CE
59CE
59CC
518C
51CC
518C
518C
518C
494A
498A
498C
498A
494A
494A
4108
3908
414A
394A
3948
3948
394A
3148
3108
3108
394A
394A
394A
394A
418A
4148
4148
418A
418A
414A
414A
418A
418A
49CC
498A
3948
3106
30C6
28C4
3106
3106
28C4
28C4
30C6
28C6
2084
2084
28C4
28C4
28C6
3106
30C6
28C4
28C4
28C4
28C4
2082
2082
2082
2082
2082
2082
2082
2082
ADAA
B5AA
B5AA
B5AA
B5AA
B568
AD68
AD68
6B16
3148
20C4
3148
3948
3106
3906
3948
3906
4148
4148
4988
498A
51CC
518A
4948
4948
498A
59CC
59CC
498A
498A
518A
518A
518A
518A
518A
51CA
518A
518A
518A
518A
518A
4148
4106
4106
4948
5148
5148
5948
594A
614A
618A
698A
698A
698C
698C
698C
698A
694A
698A
71CC
79CE
71CC
718A
694A
718A
698A
698A
698A
698A
698A
71CC
71CC
71CE
718C
718C
718C
718C
718C
718C
698C
71CC
71CE
71CE
71CE
71CE
71CE
71CE
71CE
718C
79CC
79CC
718C
718C
71CC
79CE
79CE
71CC
718C
718C
718C
718C
71CC
79CE
79CE
71CE
71CE
71CE
69CC
618C
618A
594A
594A
4908
4948
4908
4908
4908
4948
4948
4106
514A
5188
5148
5188
598A
59CC
61CC
598A
61CA
61CA
69CA
6A0C
720E
720E
7A0E
7A0E
824E
820E
8A4E
8A50
820E
7A0C
820E
824E
824E
824E
824E
824E
824E
820E
824E
824E
820E
820E
824E
824E
820E
7A0E
7A0E
7A0E
7A0E
7A0E
7A0E
720E
69CC
69CC
61CC
61CC
620C
620C
61CC
620C
620C
620E
6A50
7250
6A10
7252
6A10
61CE
598E
598C
598E
61CE
61CE
598C
518A
59CC
59CE
59CC
518C
51CC
59CC
51CC
518C
498A
494A
498C
51CC
498C
498A
414A
3908
3906
3948
3948
3908
3148
3108
3108
3148
314A
394A
394A
398C
418C
418A
414A
414A
418A
418A
414A
3948
414A
414A
418A
4148
3106
3106
3106
30C6
30C6
3106
28C4
28C4
30C6
28C6
2084
2084
28C4
28C4
28C6
28C6
28C4
28C4
2884
28C4
28C4
2882
2082
2082
2082
2082
2082
2082
2882
A568
AD68
AD68
AD68
AD68
AD68
AD68
AD26
8C60
4A0E
20C4
2906
3146
3106
3948
3948
3906
3906
4148
498A
498A
498A
498A
498A
4148
498A
5A0E
59CC
498A
498A
518A
518A
518A
518A
518A
51CA
59CC
51CC
51CA
518A
498A
4948
4106
4106
4106
4946
5148
5148
5908
5908
5948
614A
614A
694A
618A
698A
6148
6148
698A
71CC
71CC
718C
698A
694A
694A
698A
698A
618A
698A
698A
698A
69CC
71CC
718C
718C
718C
718C
718C
698C
694A
718C
718C
718C
718C
718C
71CC
71CE
71CC
698A
718A
718A
698A
698A
698A
718C
718A
698C
698A
698A
694A
694A
698A
698C
69CC
69CC
69CC
618C
598A
594A
5148
5148
4948
4106
4908
4948
4908
494A
498A
518A
494A
518A
598A
598A
59CC
61CC
6A0E
61CC
61CC
6A0C
61CA
69CA
720C
7A0E
7A0E
7A0E
820E
820E
8A4E
9290
8A50
820C
820C
824E
824E
824E
824E
824E
824E
820E
820E
824E
824E
824E
8A4E
8250
824E
820E
7A0E
7A0E
7A10
7A10
7A10
7A0E
71CE
69CC
69CC
61CC
61CA
6A0C
620C
61CC
620C
6A0E
6A50
6A50
620E
61CE
620E
620E
59CE
59CE
518C
518C
59CE
620E
59CC
59CC
620E
620E
59CC
518C
59CE
518C
518C
498A
4148
4148
498C
51CE
498A
494A
4148
3906
3106
3948
3948
3108
3148
2906
3108
394A
394A
394A
394A
418C
418C
418A
418A
418A
498A
418A
414A
3948
3948
4148
414A
3908
3106
3106
3106
30C6
30C6
3106
28C4
28C4
28C4
28C6
2084
2084
28C6
20C4
28C4
20C4
2084
2082
2082
20C2
2882
2882
2882
2082
2082
2082
2082
2882
2882
A526
A526
A526
A526
A526
A526
A526
A524
A4E4
6B14
3148
20C4
28C4
3146
3948
3906
3106
3906
4148
498A
498A
4148
4988
498A
4148
498A
59CE
59CC
518A
518A
59CC
518A
59CA
518A
518A
598A
59CC
59CC
518A
498A
518A
498A
4148
38C4
38C4
4106
4906
5106
5108
5106
5908
5908
5948
6148
614A
618A
618A
6148
698A
71CC
71CC
718C
698A
698A
6948
6148
6148
618A
618A
618A
698A
698C
698C
698C
694A
698A
698C
698A
694A
694A
694A
694A
694A
698A
698A
698C
698C
718C
694A
698A
718A
698A
698A
698A
698A
698A
698C
69CC
69CC
69CC
618C
614A
594A
594A
594A
514A
514A
4908
4908
4106
4106
4106
4148
4948
494A
494A
498A
598C
59CE
59CC
61CC
61CC
6A0E
6A0E
6A0E
6A0E
6A0E
6A0E
724E
69CC
69CC
7A4E
8250
824E
824E
8250
79CC
820E
8A90
8A4E
7A0C
820E
8A50
824E
824E
824E
824E
824E
820E
820E
824E
824E
824E
8A4E
8A50
824E
7A0E
720E
7A0E
7A10
7A10
7A10
720E
71CE
69CC
61CC
61CC
59CA
61CC
620C
620C
620C
6A0E
6A4E
620E
59CC
61CE
61CE
59CE
59CE
59CE
518C
514C
598E
6A10
59CC
59CC
620E
6210
59CE
59CC
59CE
51CC
59CC
51CC
498A
498A
5A0E
5A10
498C
414A
4148
3106
3106
3948
3948
3148
3948
3148
394A
394A
398A
394A
394A
394A
418A
418A
418A
498A
498C
498C
418A
414A
3948
3948
4148
3908
3106
3106
3106
30C6
3106
28C4
28C4
28C4
28C4
28C4
2084
2084
28C4
28C4
20C4
2084
2084
2082
2082
2082
20C2
2882
2882
2882
2082
2082
2882
2882
2882
9D26
9D26
9D24
9D24
9CE4
9CE4
9CE4
94E2
9CE2
83DC
4A0E
20C2
2082
3106
3106
3104
3906
3906
4146
4988
4948
4148
4948
51CA
494A
498A
59CE
59CC
518A
518C
59CC
59CC
59CC
598C
518A
518A
59CA
59CA
518A
4948
51CC
51CC
498A
3906
30C4
38C4
4106
4906
5106
5106
5908
5908
5948
5948
594A
614A
618A
614A
614A
698A
718C
698A
698A
698C
614A
614A
614A
614A
618A
618A
618A
618A
614A
694A
614A
614A
614A
614A
614A
6148
614A
614A
614A
614A
614A
614A
618A
618A
614A
698A
698A
698A
698A
698C
69CC
698C
618C
61CC
69CE
61CC
598C
514A
4908
4908
4906
4906
4908
4108
4106
4106
4106
4106
4148
498A
518C
518C
598C
59CE
620E
620E
6A0E
6A0E
7250
7250
724E
6A0E
720E
7A90
8290
720E
7A0C
8250
8A92
8A90
8A50
8A90
79CC
824E
8A90
824E
7A0C
824E
9290
8A4E
824E
824E
824E
824E
820E
824E
8A4E
8A50
824E
824E
8250
820E
720E
720C
720E
720E
720E
720E
69CE
69CE
69CC
61CC
61CC
61CC
620C
6A0E
6A0E
620C
620C
620E
620C
59CC
59CE
59CC
518C
59CC
59CE
59CE
598C
59CE
6210
59CC
518C
5A0E
6250
6250
6210
6210
518C
518C
518C
494A
498A
59CE
59CE
414A
4148
3948
3106
3908
414A
3948
3948
394A
398A
394A
394A
394A
414A
418C
418C
418C
418A
418A
498C
498C
498C
498A
418A
414A
3948
414A
3948
3908
3106
30C6
30C4
3106
28C4
28C4
28C4
28C4
28C4
20C4
2084
28C4
28C4
28C4
2084
2084
2082
2084
20C2
20C4
2882
2882
2882
2082
2082
2882
2882
2882
9CE4
9CE4
94E4
94E4
94E2
94E2
94A2
8CA2
8CA0
8C60
6314
2946
1882
28C4
2904
28C4
3906
3906
4146
4948
4948
4148
4988
51CC
498A
498C
51CC
59CE
518C
59CC
59CE
598C
59CC
598C
598A
598A
59CA
59CA
518A
4948
51CC
51CC
498A
4148
38C4
30C4
38C4
40C6
4906
5106
5106
5108
5908
5948
5948
5948
6148
5908
5908
6148
614A
6148
614A
698A
6148
6148
6148
6148
5948
598A
618A
618A
6148
6148
5948
5948
5948
5948
5908
5908
5948
5948
5948
5948
5948
5948
5948
5948
5948
618A
618A
618A
618A
618A
618A
598A
594A
514A
514A
514A
4908
4108
4108
4108
40C6
4106
4108
4108
4108
4148
4148
4948
4108
518A
59CC
59CC
61CE
620E
6A0E
6A0E
7A50
720E
7A50
7A90
7A50
724E
7A50
8292
8292
8250
824E
8A90
92D2
9292
8A90
8A50
824E
8A90
9292
8A90
824E
8A90
9290
8A4E
820E
824E
8A4E
8A4E
824E
824E
8A4E
8A50
820E
824E
824E
7A0E
720E
720E
720E
720E
69CE
69CE
69CE
69CC
61CC
61CC
61CC
620E
6A0E
6A4E
6A0E
61CC
61CC
61CC
620E
620E
59CC
59CC
518C
518C
620E
6210
6210
6210
620E
51CC
518A
51CC
6210
6A52
6A52
6A92
59CE
51CC
51CC
518C
51CC
6210
5A10
494A
3908
3948
3948
3948
418A
3948
3108
394A
418A
394A
3148
3948
414A
498C
49CE
49CC
414A
418A
498A
418A
418A
418A
418A
414A
3908
4148
4148
3948
3906
28C4
28C4
3106
28C4
28C4
28C4
28C4
28C4
2084
2084
2084
28C4
28C4
28C4
20C4
2084
2082
20C2
20C4
2882
2882
2082
2082
2082
2082
2882
2882
